learner,benchmark,protocol,prefix_fraction,probe_count,intervention_cost,balanced_accuracy,balanced_accuracy_ci_low,balanced_accuracy_ci_high,macro_f1,macro_f1_ci_low,macro_f1_ci_high,n_runs,confusion_matrix,feature_names,recall_neither,recall_reward,recall_observation,recall_both
tabular,factorial,random,0.05,0,0.0,0.25,0.05,0.4,0.24431818181818182,0.05,0.3628593628593628,20,"[[2, 1, 0, 2], [2, 1, 1, 1], [1, 0, 2, 2], [1, 1, 3, 0]]","[""action_diversity"", ""episode_length"", ""history_dependence"", ""observation_coverage"", ""observation_entropy"", ""policy_entropy_mean"", ""reward_change"", ""reward_mean"", ""reward_slope"", ""reward_std"", ""td_error_abs_mean"", ""td_error_mean"", ""td_error_std""]",0.4,0.2,0.4,0.0
tabular,factorial,reward_curve,0.05,0,0.0,0.25,0.1,0.4,0.225,0.1125,0.32291666666666663,20,"[[0, 3, 2, 0], [3, 2, 0, 0], [2, 0, 3, 0], [3, 0, 2, 0]]","[""reward_change"", ""reward_mean"", ""reward_slope"", ""reward_std""]",0.0,0.4,0.6,0.0
tabular,factorial,training_statistics,0.05,0,0.0,0.35000000000000003,0.1,0.6,0.35,0.08333333333333333,0.5875,20,"[[2, 3, 0, 0], [4, 1, 0, 0], [0, 0, 2, 3], [1, 0, 2, 2]]","[""action_diversity"", ""episode_length"", ""history_dependence"", ""observation_coverage"", ""observation_entropy"", ""policy_entropy_mean"", ""reward_change"", ""reward_mean"", ""reward_slope"", ""reward_std"", ""td_error_abs_mean"", ""td_error_mean"", ""td_error_std""]",0.4,0.2,0.4,0.4
tabular,factorial,state,0.05,4,20.0,1.0,1.0,1.0,1.0,1.0,1.0,20,"[[5, 0, 0, 0], [0, 5, 0, 0], [0, 0, 5, 0], [0, 0, 0, 5]]","[""action_diversity"", ""episode_length"", ""history_dependence"", ""observation_coverage"", ""observation_entropy"", ""policy_entropy_mean"", ""reward_change"", ""reward_mean"", ""reward_slope"", ""reward_std"", ""state_action_match_proxy"", ""state_action_mismatch_proxy"", ""state_observation_agreement"", ""state_proxy_agreement"", ""td_error_abs_mean"", ""td_error_mean"", ""td_error_std""]",1.0,1.0,1.0,1.0
tabular,factorial,state,0.05,8,40.0,1.0,1.0,1.0,1.0,1.0,1.0,20,"[[5, 0, 0, 0], [0, 5, 0, 0], [0, 0, 5, 0], [0, 0, 0, 5]]","[""action_diversity"", ""episode_length"", ""history_dependence"", ""observation_coverage"", ""observation_entropy"", ""policy_entropy_mean"", ""reward_change"", ""reward_mean"", ""reward_slope"", ""reward_std"", ""state_action_match_proxy"", ""state_action_mismatch_proxy"", ""state_observation_agreement"", ""state_proxy_agreement"", ""td_error_abs_mean"", ""td_error_mean"", ""td_error_std""]",1.0,1.0,1.0,1.0
tabular,factorial,state,0.05,16,80.0,1.0,1.0,1.0,1.0,1.0,1.0,20,"[[5, 0, 0, 0], [0, 5, 0, 0], [0, 0, 5, 0], [0, 0, 0, 5]]","[""action_diversity"", ""episode_length"", ""history_dependence"", ""observation_coverage"", ""observation_entropy"", ""policy_entropy_mean"", ""reward_change"", ""reward_mean"", ""reward_slope"", ""reward_std"", ""state_action_match_proxy"", ""state_action_mismatch_proxy"", ""state_observation_agreement"", ""state_proxy_agreement"", ""td_error_abs_mean"", ""td_error_mean"", ""td_error_std""]",1.0,1.0,1.0,1.0
tabular,factorial,state,0.05,32,160.0,1.0,1.0,1.0,1.0,1.0,1.0,20,"[[5, 0, 0, 0], [0, 5, 0, 0], [0, 0, 5, 0], [0, 0, 0, 5]]","[""action_diversity"", ""episode_length"", ""history_dependence"", ""observation_coverage"", ""observation_entropy"", ""policy_entropy_mean"", ""reward_change"", ""reward_mean"", ""reward_slope"", ""reward_std"", ""state_action_match_proxy"", ""state_action_mismatch_proxy"", ""state_observation_agreement"", ""state_proxy_agreement"", ""td_error_abs_mean"", ""td_error_mean"", ""td_error_std""]",1.0,1.0,1.0,1.0
tabular,factorial,state,0.05,64,320.0,1.0,1.0,1.0,1.0,1.0,1.0,20,"[[5, 0, 0, 0], [0, 5, 0, 0], [0, 0, 5, 0], [0, 0, 0, 5]]","[""action_diversity"", ""episode_length"", ""history_dependence"", ""observation_coverage"", ""observation_entropy"", ""policy_entropy_mean"", ""reward_change"", ""reward_mean"", ""reward_slope"", ""reward_std"", ""state_action_match_proxy"", ""state_action_mismatch_proxy"", ""state_observation_agreement"", ""state_proxy_agreement"", ""td_error_abs_mean"", ""td_error_mean"", ""td_error_std""]",1.0,1.0,1.0,1.0
tabular,factorial,reward,0.05,4,20.0,0.7999999999999999,0.65,0.95,0.7846597846597847,0.5625,0.9494949494949495,20,"[[5, 0, 0, 0], [3, 2, 0, 0], [0, 0, 5, 0], [0, 0, 1, 4]]","[""action_diversity"", ""audited_intended_mean"", ""audited_proxy_mean"", ""episode_length"", ""history_dependence"", ""intended_action0"", ""intended_action1"", ""observation_coverage"", ""observation_entropy"", ""policy_entropy_mean"", ""reward_audit_disagreement"", ""reward_change"", ""reward_mean"", ""reward_slope"", ""reward_std"", ""td_error_abs_mean"", ""td_error_mean"", ""td_error_std""]",1.0,0.4,1.0,0.8
tabular,factorial,reward,0.05,8,40.0,0.8999999999999999,0.7,1.0,0.898989898989899,0.6703296703296704,1.0,20,"[[5, 0, 0, 0], [1, 4, 0, 0], [0, 0, 5, 0], [0, 0, 1, 4]]","[""action_diversity"", ""audited_intended_mean"", ""audited_proxy_mean"", ""episode_length"", ""history_dependence"", ""intended_action0"", ""intended_action1"", ""observation_coverage"", ""observation_entropy"", ""policy_entropy_mean"", ""reward_audit_disagreement"", ""reward_change"", ""reward_mean"", ""reward_slope"", ""reward_std"", ""td_error_abs_mean"", ""td_error_mean"", ""td_error_std""]",1.0,0.8,1.0,0.8
tabular,factorial,reward,0.05,16,80.0,0.85,0.65,1.0,0.8453282828282829,0.5970695970695971,1.0,20,"[[5, 0, 0, 0], [2, 3, 0, 0], [0, 0, 4, 1], [0, 0, 0, 5]]","[""action_diversity"", ""audited_intended_mean"", ""audited_proxy_mean"", ""episode_length"", ""history_dependence"", ""intended_action0"", ""intended_action1"", ""observation_coverage"", ""observation_entropy"", ""policy_entropy_mean"", ""reward_audit_disagreement"", ""reward_change"", ""reward_mean"", ""reward_slope"", ""reward_std"", ""td_error_abs_mean"", ""td_error_mean"", ""td_error_std""]",1.0,0.6,0.8,1.0
tabular,factorial,reward,0.05,32,160.0,0.85,0.65,1.0,0.8453282828282829,0.5970695970695971,1.0,20,"[[5, 0, 0, 0], [2, 3, 0, 0], [0, 0, 4, 1], [0, 0, 0, 5]]","[""action_diversity"", ""audited_intended_mean"", ""audited_proxy_mean"", ""episode_length"", ""history_dependence"", ""intended_action0"", ""intended_action1"", ""observation_coverage"", ""observation_entropy"", ""policy_entropy_mean"", ""reward_audit_disagreement"", ""reward_change"", ""reward_mean"", ""reward_slope"", ""reward_std"", ""td_error_abs_mean"", ""td_error_mean"", ""td_error_std""]",1.0,0.6,0.8,1.0
tabular,factorial,reward,0.05,64,320.0,0.75,0.44999999999999996,1.0,0.7491258741258742,0.40463458110516937,1.0,20,"[[5, 0, 0, 0], [2, 3, 0, 0], [0, 0, 3, 2], [1, 0, 0, 4]]","[""action_diversity"", ""audited_intended_mean"", ""audited_proxy_mean"", ""episode_length"", ""history_dependence"", ""intended_action0"", ""intended_action1"", ""observation_coverage"", ""observation_entropy"", ""policy_entropy_mean"", ""reward_audit_disagreement"", ""reward_change"", ""reward_mean"", ""reward_slope"", ""reward_std"", ""td_error_abs_mean"", ""td_error_mean"", ""td_error_std""]",1.0,0.6,0.6,0.8
tabular,factorial,combined,0.05,4,36.0,1.0,1.0,1.0,1.0,1.0,1.0,20,"[[5, 0, 0, 0], [0, 5, 0, 0], [0, 0, 5, 0], [0, 0, 0, 5]]","[""action_diversity"", ""audited_intended_mean"", ""audited_proxy_mean"", ""episode_length"", ""history_dependence"", ""intended_action0"", ""intended_action1"", ""observation_coverage"", ""observation_entropy"", ""policy_entropy_mean"", ""reward_audit_disagreement"", ""reward_change"", ""reward_mean"", ""reward_slope"", ""reward_std"", ""state_action_match_proxy"", ""state_action_mismatch_proxy"", ""state_observation_agreement"", ""state_proxy_agreement"", ""td_error_abs_mean"", ""td_error_mean"", ""td_error_std""]",1.0,1.0,1.0,1.0
tabular,factorial,combined,0.05,8,72.0,1.0,1.0,1.0,1.0,1.0,1.0,20,"[[5, 0, 0, 0], [0, 5, 0, 0], [0, 0, 5, 0], [0, 0, 0, 5]]","[""action_diversity"", ""audited_intended_mean"", ""audited_proxy_mean"", ""episode_length"", ""history_dependence"", ""intended_action0"", ""intended_action1"", ""observation_coverage"", ""observation_entropy"", ""policy_entropy_mean"", ""reward_audit_disagreement"", ""reward_change"", ""reward_mean"", ""reward_slope"", ""reward_std"", ""state_action_match_proxy"", ""state_action_mismatch_proxy"", ""state_observation_agreement"", ""state_proxy_agreement"", ""td_error_abs_mean"", ""td_error_mean"", ""td_error_std""]",1.0,1.0,1.0,1.0
tabular,factorial,combined,0.05,16,144.0,1.0,1.0,1.0,1.0,1.0,1.0,20,"[[5, 0, 0, 0], [0, 5, 0, 0], [0, 0, 5, 0], [0, 0, 0, 5]]","[""action_diversity"", ""audited_intended_mean"", ""audited_proxy_mean"", ""episode_length"", ""history_dependence"", ""intended_action0"", ""intended_action1"", ""observation_coverage"", ""observation_entropy"", ""policy_entropy_mean"", ""reward_audit_disagreement"", ""reward_change"", ""reward_mean"", ""reward_slope"", ""reward_std"", ""state_action_match_proxy"", ""state_action_mismatch_proxy"", ""state_observation_agreement"", ""state_proxy_agreement"", ""td_error_abs_mean"", ""td_error_mean"", ""td_error_std""]",1.0,1.0,1.0,1.0
tabular,factorial,combined,0.05,32,288.0,1.0,1.0,1.0,1.0,1.0,1.0,20,"[[5, 0, 0, 0], [0, 5, 0, 0], [0, 0, 5, 0], [0, 0, 0, 5]]","[""action_diversity"", ""audited_intended_mean"", ""audited_proxy_mean"", ""episode_length"", ""history_dependence"", ""intended_action0"", ""intended_action1"", ""observation_coverage"", ""observation_entropy"", ""policy_entropy_mean"", ""reward_audit_disagreement"", ""reward_change"", ""reward_mean"", ""reward_slope"", ""reward_std"", ""state_action_match_proxy"", ""state_action_mismatch_proxy"", ""state_observation_agreement"", ""state_proxy_agreement"", ""td_error_abs_mean"", ""td_error_mean"", ""td_error_std""]",1.0,1.0,1.0,1.0
tabular,factorial,combined,0.05,64,576.0,1.0,1.0,1.0,1.0,1.0,1.0,20,"[[5, 0, 0, 0], [0, 5, 0, 0], [0, 0, 5, 0], [0, 0, 0, 5]]","[""action_diversity"", ""audited_intended_mean"", ""audited_proxy_mean"", ""episode_length"", ""history_dependence"", ""intended_action0"", ""intended_action1"", ""observation_coverage"", ""observation_entropy"", ""policy_entropy_mean"", ""reward_audit_disagreement"", ""reward_change"", ""reward_mean"", ""reward_slope"", ""reward_std"", ""state_action_match_proxy"", ""state_action_mismatch_proxy"", ""state_observation_agreement"", ""state_proxy_agreement"", ""td_error_abs_mean"", ""td_error_mean"", ""td_error_std""]",1.0,1.0,1.0,1.0
tabular,factorial,random,0.1,0,0.0,0.25,0.05,0.4,0.24431818181818182,0.05,0.3628593628593628,20,"[[2, 1, 0, 2], [2, 1, 1, 1], [1, 0, 2, 2], [1, 1, 3, 0]]","[""action_diversity"", ""episode_length"", ""history_dependence"", ""observation_coverage"", ""observation_entropy"", ""policy_entropy_mean"", ""reward_change"", ""reward_mean"", ""reward_slope"", ""reward_std"", ""td_error_abs_mean"", ""td_error_mean"", ""td_error_std""]",0.4,0.2,0.4,0.0
tabular,factorial,reward_curve,0.1,0,0.0,0.35000000000000003,0.25,0.55,0.34848484848484845,0.16666666666666666,0.5368131868131868,20,"[[1, 3, 1, 0], [3, 1, 0, 1], [1, 0, 3, 1], [1, 0, 2, 2]]","[""reward_change"", ""reward_mean"", ""reward_slope"", ""reward_std""]",0.2,0.2,0.6,0.4
tabular,factorial,training_statistics,0.1,0,0.0,0.35,0.25,0.45,0.3308080808080808,0.22527472527472528,0.36813186813186816,20,"[[2, 3, 0, 0], [5, 0, 0, 0], [0, 0, 3, 2], [0, 0, 3, 2]]","[""action_diversity"", ""episode_length"", ""history_dependence"", ""observation_coverage"", ""observation_entropy"", ""policy_entropy_mean"", ""reward_change"", ""reward_mean"", ""reward_slope"", ""reward_std"", ""td_error_abs_mean"", ""td_error_mean"", ""td_error_std""]",0.4,0.0,0.6,0.4
tabular,factorial,state,0.1,4,20.0,0.95,0.85,1.0,0.9494949494949495,0.8351648351648351,1.0,20,"[[5, 0, 0, 0], [0, 5, 0, 0], [0, 0, 5, 0], [0, 1, 0, 4]]","[""action_diversity"", ""episode_length"", ""history_dependence"", ""observation_coverage"", ""observation_entropy"", ""policy_entropy_mean"", ""reward_change"", ""reward_mean"", ""reward_slope"", ""reward_std"", ""state_action_match_proxy"", ""state_action_mismatch_proxy"", ""state_observation_agreement"", ""state_proxy_agreement"", ""td_error_abs_mean"", ""td_error_mean"", ""td_error_std""]",1.0,1.0,1.0,0.8
tabular,factorial,state,0.1,8,40.0,0.95,0.85,1.0,0.9494949494949495,0.8351648351648351,1.0,20,"[[5, 0, 0, 0], [0, 5, 0, 0], [0, 0, 5, 0], [0, 1, 0, 4]]","[""action_diversity"", ""episode_length"", ""history_dependence"", ""observation_coverage"", ""observation_entropy"", ""policy_entropy_mean"", ""reward_change"", ""reward_mean"", ""reward_slope"", ""reward_std"", ""state_action_match_proxy"", ""state_action_mismatch_proxy"", ""state_observation_agreement"", ""state_proxy_agreement"", ""td_error_abs_mean"", ""td_error_mean"", ""td_error_std""]",1.0,1.0,1.0,0.8
tabular,factorial,state,0.1,16,80.0,0.95,0.85,1.0,0.9494949494949495,0.8351648351648351,1.0,20,"[[5, 0, 0, 0], [0, 5, 0, 0], [0, 0, 5, 0], [0, 1, 0, 4]]","[""action_diversity"", ""episode_length"", ""history_dependence"", ""observation_coverage"", ""observation_entropy"", ""policy_entropy_mean"", ""reward_change"", ""reward_mean"", ""reward_slope"", ""reward_std"", ""state_action_match_proxy"", ""state_action_mismatch_proxy"", ""state_observation_agreement"", ""state_proxy_agreement"", ""td_error_abs_mean"", ""td_error_mean"", ""td_error_std""]",1.0,1.0,1.0,0.8
tabular,factorial,state,0.1,32,160.0,0.95,0.85,1.0,0.9494949494949495,0.8351648351648351,1.0,20,"[[5, 0, 0, 0], [0, 5, 0, 0], [0, 0, 5, 0], [0, 1, 0, 4]]","[""action_diversity"", ""episode_length"", ""history_dependence"", ""observation_coverage"", ""observation_entropy"", ""policy_entropy_mean"", ""reward_change"", ""reward_mean"", ""reward_slope"", ""reward_std"", ""state_action_match_proxy"", ""state_action_mismatch_proxy"", ""state_observation_agreement"", ""state_proxy_agreement"", ""td_error_abs_mean"", ""td_error_mean"", ""td_error_std""]",1.0,1.0,1.0,0.8
tabular,factorial,state,0.1,64,320.0,0.95,0.85,1.0,0.9494949494949495,0.8351648351648351,1.0,20,"[[5, 0, 0, 0], [0, 5, 0, 0], [0, 0, 5, 0], [0, 1, 0, 4]]","[""action_diversity"", ""episode_length"", ""history_dependence"", ""observation_coverage"", ""observation_entropy"", ""policy_entropy_mean"", ""reward_change"", ""reward_mean"", ""reward_slope"", ""reward_std"", ""state_action_match_proxy"", ""state_action_mismatch_proxy"", ""state_observation_agreement"", ""state_proxy_agreement"", ""td_error_abs_mean"", ""td_error_mean"", ""td_error_std""]",1.0,1.0,1.0,0.8
tabular,factorial,reward,0.1,4,20.0,0.8500000000000001,0.6737500000000001,1.0,0.8420454545454545,0.600284090909091,1.0,20,"[[5, 0, 0, 0], [1, 4, 0, 0], [0, 0, 5, 0], [0, 1, 1, 3]]","[""action_diversity"", ""audited_intended_mean"", ""audited_proxy_mean"", ""episode_length"", ""history_dependence"", ""intended_action0"", ""intended_action1"", ""observation_coverage"", ""observation_entropy"", ""policy_entropy_mean"", ""reward_audit_disagreement"", ""reward_change"", ""reward_mean"", ""reward_slope"", ""reward_std"", ""td_error_abs_mean"", ""td_error_mean"", ""td_error_std""]",1.0,0.8,1.0,0.6
tabular,factorial,reward,0.1,8,40.0,0.95,0.85,1.0,0.9494949494949495,0.8351648351648351,1.0,20,"[[5, 0, 0, 0], [0, 5, 0, 0], [0, 0, 5, 0], [0, 1, 0, 4]]","[""action_diversity"", ""audited_intended_mean"", ""audited_proxy_mean"", ""episode_length"", ""history_dependence"", ""intended_action0"", ""intended_action1"", ""observation_coverage"", ""observation_entropy"", ""policy_entropy_mean"", ""reward_audit_disagreement"", ""reward_change"", ""reward_mean"", ""reward_slope"", ""reward_std"", ""td_error_abs_mean"", ""td_error_mean"", ""td_error_std""]",1.0,1.0,1.0,0.8
tabular,factorial,reward,0.1,16,80.0,0.75,0.5,0.95,0.7511363636363637,0.46190476190476193,0.9494949494949495,20,"[[4, 1, 0, 0], [1, 4, 0, 0], [0, 0, 3, 2], [0, 1, 0, 4]]","[""action_diversity"", ""audited_intended_mean"", ""audited_proxy_mean"", ""episode_length"", ""history_dependence"", ""intended_action0"", ""intended_action1"", ""observation_coverage"", ""observation_entropy"", ""policy_entropy_mean"", ""reward_audit_disagreement"", ""reward_change"", ""reward_mean"", ""reward_slope"", ""reward_std"", ""td_error_abs_mean"", ""td_error_mean"", ""td_error_std""]",0.8,0.8,0.6,0.8
tabular,factorial,reward,0.1,32,160.0,0.75,0.5499999999999999,0.95,0.7511363636363637,0.5149572649572649,0.9494949494949495,20,"[[4, 1, 0, 0], [1, 4, 0, 0], [0, 0, 3, 2], [0, 1, 0, 4]]","[""action_diversity"", ""audited_intended_mean"", ""audited_proxy_mean"", ""episode_length"", ""history_dependence"", ""intended_action0"", ""intended_action1"", ""observation_coverage"", ""observation_entropy"", ""policy_entropy_mean"", ""reward_audit_disagreement"", ""reward_change"", ""reward_mean"", ""reward_slope"", ""reward_std"", ""td_error_abs_mean"", ""td_error_mean"", ""td_error_std""]",0.8,0.8,0.6,0.8
tabular,factorial,reward,0.1,64,320.0,0.75,0.55,0.95,0.7443181818181819,0.48717948717948717,0.9494949494949495,20,"[[5, 0, 0, 0], [2, 3, 0, 0], [0, 0, 3, 2], [0, 1, 0, 4]]","[""action_diversity"", ""audited_intended_mean"", ""audited_proxy_mean"", ""episode_length"", ""history_dependence"", ""intended_action0"", ""intended_action1"", ""observation_coverage"", ""observation_entropy"", ""policy_entropy_mean"", ""reward_audit_disagreement"", ""reward_change"", ""reward_mean"", ""reward_slope"", ""reward_std"", ""td_error_abs_mean"", ""td_error_mean"", ""td_error_std""]",1.0,0.6,0.6,0.8
tabular,factorial,combined,0.1,4,36.0,0.95,0.85,1.0,0.9494949494949495,0.8351648351648351,1.0,20,"[[5, 0, 0, 0], [0, 5, 0, 0], [0, 0, 5, 0], [0, 1, 0, 4]]","[""action_diversity"", ""audited_intended_mean"", ""audited_proxy_mean"", ""episode_length"", ""history_dependence"", ""intended_action0"", ""intended_action1"", ""observation_coverage"", ""observation_entropy"", ""policy_entropy_mean"", ""reward_audit_disagreement"", ""reward_change"", ""reward_mean"", ""reward_slope"", ""reward_std"", ""state_action_match_proxy"", ""state_action_mismatch_proxy"", ""state_observation_agreement"", ""state_proxy_agreement"", ""td_error_abs_mean"", ""td_error_mean"", ""td_error_std""]",1.0,1.0,1.0,0.8
tabular,factorial,combined,0.1,8,72.0,0.95,0.85,1.0,0.9494949494949495,0.8351648351648351,1.0,20,"[[5, 0, 0, 0], [0, 5, 0, 0], [0, 0, 5, 0], [0, 1, 0, 4]]","[""action_diversity"", ""audited_intended_mean"", ""audited_proxy_mean"", ""episode_length"", ""history_dependence"", ""intended_action0"", ""intended_action1"", ""observation_coverage"", ""observation_entropy"", ""policy_entropy_mean"", ""reward_audit_disagreement"", ""reward_change"", ""reward_mean"", ""reward_slope"", ""reward_std"", ""state_action_match_proxy"", ""state_action_mismatch_proxy"", ""state_observation_agreement"", ""state_proxy_agreement"", ""td_error_abs_mean"", ""td_error_mean"", ""td_error_std""]",1.0,1.0,1.0,0.8
tabular,factorial,combined,0.1,16,144.0,0.95,0.85,1.0,0.9494949494949495,0.8351648351648351,1.0,20,"[[5, 0, 0, 0], [0, 5, 0, 0], [0, 0, 5, 0], [0, 1, 0, 4]]","[""action_diversity"", ""audited_intended_mean"", ""audited_proxy_mean"", ""episode_length"", ""history_dependence"", ""intended_action0"", ""intended_action1"", ""observation_coverage"", ""observation_entropy"", ""policy_entropy_mean"", ""reward_audit_disagreement"", ""reward_change"", ""reward_mean"", ""reward_slope"", ""reward_std"", ""state_action_match_proxy"", ""state_action_mismatch_proxy"", ""state_observation_agreement"", ""state_proxy_agreement"", ""td_error_abs_mean"", ""td_error_mean"", ""td_error_std""]",1.0,1.0,1.0,0.8
tabular,factorial,combined,0.1,32,288.0,0.95,0.85,1.0,0.9494949494949495,0.8351648351648351,1.0,20,"[[5, 0, 0, 0], [0, 5, 0, 0], [0, 0, 5, 0], [0, 1, 0, 4]]","[""action_diversity"", ""audited_intended_mean"", ""audited_proxy_mean"", ""episode_length"", ""history_dependence"", ""intended_action0"", ""intended_action1"", ""observation_coverage"", ""observation_entropy"", ""policy_entropy_mean"", ""reward_audit_disagreement"", ""reward_change"", ""reward_mean"", ""reward_slope"", ""reward_std"", ""state_action_match_proxy"", ""state_action_mismatch_proxy"", ""state_observation_agreement"", ""state_proxy_agreement"", ""td_error_abs_mean"", ""td_error_mean"", ""td_error_std""]",1.0,1.0,1.0,0.8
tabular,factorial,combined,0.1,64,576.0,0.95,0.85,1.0,0.9494949494949495,0.8351648351648351,1.0,20,"[[5, 0, 0, 0], [0, 5, 0, 0], [0, 0, 5, 0], [0, 1, 0, 4]]","[""action_diversity"", ""audited_intended_mean"", ""audited_proxy_mean"", ""episode_length"", ""history_dependence"", ""intended_action0"", ""intended_action1"", ""observation_coverage"", ""observation_entropy"", ""policy_entropy_mean"", ""reward_audit_disagreement"", ""reward_change"", ""reward_mean"", ""reward_slope"", ""reward_std"", ""state_action_match_proxy"", ""state_action_mismatch_proxy"", ""state_observation_agreement"", ""state_proxy_agreement"", ""td_error_abs_mean"", ""td_error_mean"", ""td_error_std""]",1.0,1.0,1.0,0.8
tabular,factorial,random,0.2,0,0.0,0.25,0.05,0.4,0.24431818181818182,0.05,0.3628593628593628,20,"[[2, 1, 0, 2], [2, 1, 1, 1], [1, 0, 2, 2], [1, 1, 3, 0]]","[""action_diversity"", ""episode_length"", ""history_dependence"", ""observation_coverage"", ""observation_entropy"", ""policy_entropy_mean"", ""reward_change"", ""reward_mean"", ""reward_slope"", ""reward_std"", ""td_error_abs_mean"", ""td_error_mean"", ""td_error_std""]",0.4,0.2,0.4,0.0
tabular,factorial,reward_curve,0.2,0,0.0,0.44999999999999996,0.3,0.6000000000000001,0.45227272727272727,0.26666666666666666,0.6054292929292929,20,"[[2, 3, 0, 0], [3, 2, 0, 0], [0, 0, 2, 3], [1, 0, 1, 3]]","[""reward_change"", ""reward_mean"", ""reward_slope"", ""reward_std""]",0.4,0.4,0.4,0.6
tabular,factorial,training_statistics,0.2,0,0.0,0.45,0.3,0.6000000000000001,0.4344017094017094,0.26428571428571423,0.5833333333333334,20,"[[2, 3, 0, 0], [3, 1, 1, 0], [0, 0, 4, 1], [0, 0, 3, 2]]","[""action_diversity"", ""episode_length"", ""history_dependence"", ""observation_coverage"", ""observation_entropy"", ""policy_entropy_mean"", ""reward_change"", ""reward_mean"", ""reward_slope"", ""reward_std"", ""td_error_abs_mean"", ""td_error_mean"", ""td_error_std""]",0.4,0.2,0.8,0.4
tabular,factorial,state,0.2,4,20.0,1.0,1.0,1.0,1.0,1.0,1.0,20,"[[5, 0, 0, 0], [0, 5, 0, 0], [0, 0, 5, 0], [0, 0, 0, 5]]","[""action_diversity"", ""episode_length"", ""history_dependence"", ""observation_coverage"", ""observation_entropy"", ""policy_entropy_mean"", ""reward_change"", ""reward_mean"", ""reward_slope"", ""reward_std"", ""state_action_match_proxy"", ""state_action_mismatch_proxy"", ""state_observation_agreement"", ""state_proxy_agreement"", ""td_error_abs_mean"", ""td_error_mean"", ""td_error_std""]",1.0,1.0,1.0,1.0
tabular,factorial,state,0.2,8,40.0,1.0,1.0,1.0,1.0,1.0,1.0,20,"[[5, 0, 0, 0], [0, 5, 0, 0], [0, 0, 5, 0], [0, 0, 0, 5]]","[""action_diversity"", ""episode_length"", ""history_dependence"", ""observation_coverage"", ""observation_entropy"", ""policy_entropy_mean"", ""reward_change"", ""reward_mean"", ""reward_slope"", ""reward_std"", ""state_action_match_proxy"", ""state_action_mismatch_proxy"", ""state_observation_agreement"", ""state_proxy_agreement"", ""td_error_abs_mean"", ""td_error_mean"", ""td_error_std""]",1.0,1.0,1.0,1.0
tabular,factorial,state,0.2,16,80.0,1.0,1.0,1.0,1.0,1.0,1.0,20,"[[5, 0, 0, 0], [0, 5, 0, 0], [0, 0, 5, 0], [0, 0, 0, 5]]","[""action_diversity"", ""episode_length"", ""history_dependence"", ""observation_coverage"", ""observation_entropy"", ""policy_entropy_mean"", ""reward_change"", ""reward_mean"", ""reward_slope"", ""reward_std"", ""state_action_match_proxy"", ""state_action_mismatch_proxy"", ""state_observation_agreement"", ""state_proxy_agreement"", ""td_error_abs_mean"", ""td_error_mean"", ""td_error_std""]",1.0,1.0,1.0,1.0
tabular,factorial,state,0.2,32,160.0,1.0,1.0,1.0,1.0,1.0,1.0,20,"[[5, 0, 0, 0], [0, 5, 0, 0], [0, 0, 5, 0], [0, 0, 0, 5]]","[""action_diversity"", ""episode_length"", ""history_dependence"", ""observation_coverage"", ""observation_entropy"", ""policy_entropy_mean"", ""reward_change"", ""reward_mean"", ""reward_slope"", ""reward_std"", ""state_action_match_proxy"", ""state_action_mismatch_proxy"", ""state_observation_agreement"", ""state_proxy_agreement"", ""td_error_abs_mean"", ""td_error_mean"", ""td_error_std""]",1.0,1.0,1.0,1.0
tabular,factorial,state,0.2,64,320.0,1.0,1.0,1.0,1.0,1.0,1.0,20,"[[5, 0, 0, 0], [0, 5, 0, 0], [0, 0, 5, 0], [0, 0, 0, 5]]","[""action_diversity"", ""episode_length"", ""history_dependence"", ""observation_coverage"", ""observation_entropy"", ""policy_entropy_mean"", ""reward_change"", ""reward_mean"", ""reward_slope"", ""reward_std"", ""state_action_match_proxy"", ""state_action_mismatch_proxy"", ""state_observation_agreement"", ""state_proxy_agreement"", ""td_error_abs_mean"", ""td_error_mean"", ""td_error_std""]",1.0,1.0,1.0,1.0
tabular,factorial,reward,0.2,4,20.0,0.85,0.65,1.0,0.8453282828282829,0.5970695970695971,1.0,20,"[[5, 0, 0, 0], [2, 3, 0, 0], [0, 0, 4, 1], [0, 0, 0, 5]]","[""action_diversity"", ""audited_intended_mean"", ""audited_proxy_mean"", ""episode_length"", ""history_dependence"", ""intended_action0"", ""intended_action1"", ""observation_coverage"", ""observation_entropy"", ""policy_entropy_mean"", ""reward_audit_disagreement"", ""reward_change"", ""reward_mean"", ""reward_slope"", ""reward_std"", ""td_error_abs_mean"", ""td_error_mean"", ""td_error_std""]",1.0,0.6,0.8,1.0
tabular,factorial,reward,0.2,8,40.0,0.9,0.8,1.0,0.8999999999999999,0.7916666666666666,1.0,20,"[[5, 0, 0, 0], [0, 5, 0, 0], [0, 0, 4, 1], [0, 0, 1, 4]]","[""action_diversity"", ""audited_intended_mean"", ""audited_proxy_mean"", ""episode_length"", ""history_dependence"", ""intended_action0"", ""intended_action1"", ""observation_coverage"", ""observation_entropy"", ""policy_entropy_mean"", ""reward_audit_disagreement"", ""reward_change"", ""reward_mean"", ""reward_slope"", ""reward_std"", ""td_error_abs_mean"", ""td_error_mean"", ""td_error_std""]",1.0,1.0,0.8,0.8
tabular,factorial,reward,0.2,16,80.0,0.7000000000000001,0.3,1.0,0.696969696969697,0.29292929292929293,1.0,20,"[[4, 1, 0, 0], [2, 3, 0, 0], [0, 0, 3, 2], [0, 0, 1, 4]]","[""action_diversity"", ""audited_intended_mean"", ""audited_proxy_mean"", ""episode_length"", ""history_dependence"", ""intended_action0"", ""intended_action1"", ""observation_coverage"", ""observation_entropy"", ""policy_entropy_mean"", ""reward_audit_disagreement"", ""reward_change"", ""reward_mean"", ""reward_slope"", ""reward_std"", ""td_error_abs_mean"", ""td_error_mean"", ""td_error_std""]",0.8,0.6,0.6,0.8
tabular,factorial,reward,0.2,32,160.0,0.8999999999999999,0.7,1.0,0.898989898989899,0.6703296703296704,1.0,20,"[[5, 0, 0, 0], [1, 4, 0, 0], [0, 0, 4, 1], [0, 0, 0, 5]]","[""action_diversity"", ""audited_intended_mean"", ""audited_proxy_mean"", ""episode_length"", ""history_dependence"", ""intended_action0"", ""intended_action1"", ""observation_coverage"", ""observation_entropy"", ""policy_entropy_mean"", ""reward_audit_disagreement"", ""reward_change"", ""reward_mean"", ""reward_slope"", ""reward_std"", ""td_error_abs_mean"", ""td_error_mean"", ""td_error_std""]",1.0,0.8,0.8,1.0
tabular,factorial,reward,0.2,64,320.0,0.8,0.6000000000000001,1.0,0.7958333333333334,0.5535714285714286,1.0,20,"[[5, 0, 0, 0], [2, 3, 0, 0], [0, 0, 4, 1], [0, 0, 1, 4]]","[""action_diversity"", ""audited_intended_mean"", ""audited_proxy_mean"", ""episode_length"", ""history_dependence"", ""intended_action0"", ""intended_action1"", ""observation_coverage"", ""observation_entropy"", ""policy_entropy_mean"", ""reward_audit_disagreement"", ""reward_change"", ""reward_mean"", ""reward_slope"", ""reward_std"", ""td_error_abs_mean"", ""td_error_mean"", ""td_error_std""]",1.0,0.6,0.8,0.8
tabular,factorial,combined,0.2,4,36.0,1.0,1.0,1.0,1.0,1.0,1.0,20,"[[5, 0, 0, 0], [0, 5, 0, 0], [0, 0, 5, 0], [0, 0, 0, 5]]","[""action_diversity"", ""audited_intended_mean"", ""audited_proxy_mean"", ""episode_length"", ""history_dependence"", ""intended_action0"", ""intended_action1"", ""observation_coverage"", ""observation_entropy"", ""policy_entropy_mean"", ""reward_audit_disagreement"", ""reward_change"", ""reward_mean"", ""reward_slope"", ""reward_std"", ""state_action_match_proxy"", ""state_action_mismatch_proxy"", ""state_observation_agreement"", ""state_proxy_agreement"", ""td_error_abs_mean"", ""td_error_mean"", ""td_error_std""]",1.0,1.0,1.0,1.0
tabular,factorial,combined,0.2,8,72.0,1.0,1.0,1.0,1.0,1.0,1.0,20,"[[5, 0, 0, 0], [0, 5, 0, 0], [0, 0, 5, 0], [0, 0, 0, 5]]","[""action_diversity"", ""audited_intended_mean"", ""audited_proxy_mean"", ""episode_length"", ""history_dependence"", ""intended_action0"", ""intended_action1"", ""observation_coverage"", ""observation_entropy"", ""policy_entropy_mean"", ""reward_audit_disagreement"", ""reward_change"", ""reward_mean"", ""reward_slope"", ""reward_std"", ""state_action_match_proxy"", ""state_action_mismatch_proxy"", ""state_observation_agreement"", ""state_proxy_agreement"", ""td_error_abs_mean"", ""td_error_mean"", ""td_error_std""]",1.0,1.0,1.0,1.0
tabular,factorial,combined,0.2,16,144.0,1.0,1.0,1.0,1.0,1.0,1.0,20,"[[5, 0, 0, 0], [0, 5, 0, 0], [0, 0, 5, 0], [0, 0, 0, 5]]","[""action_diversity"", ""audited_intended_mean"", ""audited_proxy_mean"", ""episode_length"", ""history_dependence"", ""intended_action0"", ""intended_action1"", ""observation_coverage"", ""observation_entropy"", ""policy_entropy_mean"", ""reward_audit_disagreement"", ""reward_change"", ""reward_mean"", ""reward_slope"", ""reward_std"", ""state_action_match_proxy"", ""state_action_mismatch_proxy"", ""state_observation_agreement"", ""state_proxy_agreement"", ""td_error_abs_mean"", ""td_error_mean"", ""td_error_std""]",1.0,1.0,1.0,1.0
tabular,factorial,combined,0.2,32,288.0,1.0,1.0,1.0,1.0,1.0,1.0,20,"[[5, 0, 0, 0], [0, 5, 0, 0], [0, 0, 5, 0], [0, 0, 0, 5]]","[""action_diversity"", ""audited_intended_mean"", ""audited_proxy_mean"", ""episode_length"", ""history_dependence"", ""intended_action0"", ""intended_action1"", ""observation_coverage"", ""observation_entropy"", ""policy_entropy_mean"", ""reward_audit_disagreement"", ""reward_change"", ""reward_mean"", ""reward_slope"", ""reward_std"", ""state_action_match_proxy"", ""state_action_mismatch_proxy"", ""state_observation_agreement"", ""state_proxy_agreement"", ""td_error_abs_mean"", ""td_error_mean"", ""td_error_std""]",1.0,1.0,1.0,1.0
tabular,factorial,combined,0.2,64,576.0,1.0,1.0,1.0,1.0,1.0,1.0,20,"[[5, 0, 0, 0], [0, 5, 0, 0], [0, 0, 5, 0], [0, 0, 0, 5]]","[""action_diversity"", ""audited_intended_mean"", ""audited_proxy_mean"", ""episode_length"", ""history_dependence"", ""intended_action0"", ""intended_action1"", ""observation_coverage"", ""observation_entropy"", ""policy_entropy_mean"", ""reward_audit_disagreement"", ""reward_change"", ""reward_mean"", ""reward_slope"", ""reward_std"", ""state_action_match_proxy"", ""state_action_mismatch_proxy"", ""state_observation_agreement"", ""state_proxy_agreement"", ""td_error_abs_mean"", ""td_error_mean"", ""td_error_std""]",1.0,1.0,1.0,1.0
tabular,matched,random,0.05,0,0.0,0.5,0.2,0.8,0.4949494949494949,0.2,0.7916666666666667,10,"[[3, 2], [3, 2]]","[""action_diversity"", ""episode_length"", ""history_dependence"", ""observation_coverage"", ""observation_entropy"", ""policy_entropy_mean"", ""reward_change"", ""reward_mean"", ""reward_slope"", ""reward_std"", ""td_error_abs_mean"", ""td_error_mean"", ""td_error_std""]",,0.4,0.6,
tabular,matched,reward_curve,0.05,0,0.0,0.2,0.0,0.4,0.16666666666666666,0.0,0.2857142857142857,10,"[[2, 3], [5, 0]]","[""reward_change"", ""reward_mean"", ""reward_slope"", ""reward_std""]",,0.0,0.4,
tabular,matched,training_statistics,0.05,0,0.0,0.30000000000000004,0.1,0.5,0.29292929292929293,0.09090909090909091,0.4949494949494949,10,"[[2, 3], [4, 1]]","[""action_diversity"", ""episode_length"", ""history_dependence"", ""observation_coverage"", ""observation_entropy"", ""policy_entropy_mean"", ""reward_change"", ""reward_mean"", ""reward_slope"", ""reward_std"", ""td_error_abs_mean"", ""td_error_mean"", ""td_error_std""]",,0.2,0.4,
tabular,matched,state,0.05,4,20.0,0.6,0.30000000000000004,0.9,0.6,0.29292929292929293,0.898989898989899,10,"[[3, 2], [2, 3]]","[""action_diversity"", ""episode_length"", ""history_dependence"", ""observation_coverage"", ""observation_entropy"", ""policy_entropy_mean"", ""reward_change"", ""reward_mean"", ""reward_slope"", ""reward_std"", ""state_action_match_proxy"", ""state_action_mismatch_proxy"", ""state_observation_agreement"", ""state_proxy_agreement"", ""td_error_abs_mean"", ""td_error_mean"", ""td_error_std""]",,0.6,0.6,
tabular,matched,state,0.05,8,40.0,0.8,0.6,1.0,0.7916666666666667,0.5238095238095238,1.0,10,"[[5, 0], [2, 3]]","[""action_diversity"", ""episode_length"", ""history_dependence"", ""observation_coverage"", ""observation_entropy"", ""policy_entropy_mean"", ""reward_change"", ""reward_mean"", ""reward_slope"", ""reward_std"", ""state_action_match_proxy"", ""state_action_mismatch_proxy"", ""state_observation_agreement"", ""state_proxy_agreement"", ""td_error_abs_mean"", ""td_error_mean"", ""td_error_std""]",,0.6,1.0,
tabular,matched,state,0.05,16,80.0,0.9,0.7,1.0,0.898989898989899,0.6703296703296704,1.0,10,"[[5, 0], [1, 4]]","[""action_diversity"", ""episode_length"", ""history_dependence"", ""observation_coverage"", ""observation_entropy"", ""policy_entropy_mean"", ""reward_change"", ""reward_mean"", ""reward_slope"", ""reward_std"", ""state_action_match_proxy"", ""state_action_mismatch_proxy"", ""state_observation_agreement"", ""state_proxy_agreement"", ""td_error_abs_mean"", ""td_error_mean"", ""td_error_std""]",,0.8,1.0,
tabular,matched,state,0.05,32,160.0,1.0,1.0,1.0,1.0,1.0,1.0,10,"[[5, 0], [0, 5]]","[""action_diversity"", ""episode_length"", ""history_dependence"", ""observation_coverage"", ""observation_entropy"", ""policy_entropy_mean"", ""reward_change"", ""reward_mean"", ""reward_slope"", ""reward_std"", ""state_action_match_proxy"", ""state_action_mismatch_proxy"", ""state_observation_agreement"", ""state_proxy_agreement"", ""td_error_abs_mean"", ""td_error_mean"", ""td_error_std""]",,1.0,1.0,
tabular,matched,state,0.05,64,320.0,1.0,1.0,1.0,1.0,1.0,1.0,10,"[[5, 0], [0, 5]]","[""action_diversity"", ""episode_length"", ""history_dependence"", ""observation_coverage"", ""observation_entropy"", ""policy_entropy_mean"", ""reward_change"", ""reward_mean"", ""reward_slope"", ""reward_std"", ""state_action_match_proxy"", ""state_action_mismatch_proxy"", ""state_observation_agreement"", ""state_proxy_agreement"", ""td_error_abs_mean"", ""td_error_mean"", ""td_error_std""]",,1.0,1.0,
tabular,matched,reward,0.05,4,20.0,0.8,0.6,1.0,0.8,0.5833333333333333,1.0,10,"[[4, 1], [1, 4]]","[""action_diversity"", ""audited_intended_mean"", ""audited_proxy_mean"", ""episode_length"", ""history_dependence"", ""intended_action0"", ""intended_action1"", ""observation_coverage"", ""observation_entropy"", ""policy_entropy_mean"", ""reward_audit_disagreement"", ""reward_change"", ""reward_mean"", ""reward_slope"", ""reward_std"", ""td_error_abs_mean"", ""td_error_mean"", ""td_error_std""]",,0.8,0.8,
tabular,matched,reward,0.05,8,40.0,0.9,0.7,1.0,0.898989898989899,0.6703296703296704,1.0,10,"[[5, 0], [1, 4]]","[""action_diversity"", ""audited_intended_mean"", ""audited_proxy_mean"", ""episode_length"", ""history_dependence"", ""intended_action0"", ""intended_action1"", ""observation_coverage"", ""observation_entropy"", ""policy_entropy_mean"", ""reward_audit_disagreement"", ""reward_change"", ""reward_mean"", ""reward_slope"", ""reward_std"", ""td_error_abs_mean"", ""td_error_mean"", ""td_error_std""]",,0.8,1.0,
tabular,matched,reward,0.05,16,80.0,0.9,0.7,1.0,0.898989898989899,0.6703296703296704,1.0,10,"[[5, 0], [1, 4]]","[""action_diversity"", ""audited_intended_mean"", ""audited_proxy_mean"", ""episode_length"", ""history_dependence"", ""intended_action0"", ""intended_action1"", ""observation_coverage"", ""observation_entropy"", ""policy_entropy_mean"", ""reward_audit_disagreement"", ""reward_change"", ""reward_mean"", ""reward_slope"", ""reward_std"", ""td_error_abs_mean"", ""td_error_mean"", ""td_error_std""]",,0.8,1.0,
tabular,matched,reward,0.05,32,160.0,1.0,1.0,1.0,1.0,1.0,1.0,10,"[[5, 0], [0, 5]]","[""action_diversity"", ""audited_intended_mean"", ""audited_proxy_mean"", ""episode_length"", ""history_dependence"", ""intended_action0"", ""intended_action1"", ""observation_coverage"", ""observation_entropy"", ""policy_entropy_mean"", ""reward_audit_disagreement"", ""reward_change"", ""reward_mean"", ""reward_slope"", ""reward_std"", ""td_error_abs_mean"", ""td_error_mean"", ""td_error_std""]",,1.0,1.0,
tabular,matched,reward,0.05,64,320.0,1.0,1.0,1.0,1.0,1.0,1.0,10,"[[5, 0], [0, 5]]","[""action_diversity"", ""audited_intended_mean"", ""audited_proxy_mean"", ""episode_length"", ""history_dependence"", ""intended_action0"", ""intended_action1"", ""observation_coverage"", ""observation_entropy"", ""policy_entropy_mean"", ""reward_audit_disagreement"", ""reward_change"", ""reward_mean"", ""reward_slope"", ""reward_std"", ""td_error_abs_mean"", ""td_error_mean"", ""td_error_std""]",,1.0,1.0,
tabular,matched,combined,0.05,4,36.0,0.9,0.7,1.0,0.898989898989899,0.6703296703296704,1.0,10,"[[5, 0], [1, 4]]","[""action_diversity"", ""audited_intended_mean"", ""audited_proxy_mean"", ""episode_length"", ""history_dependence"", ""intended_action0"", ""intended_action1"", ""observation_coverage"", ""observation_entropy"", ""policy_entropy_mean"", ""reward_audit_disagreement"", ""reward_change"", ""reward_mean"", ""reward_slope"", ""reward_std"", ""state_action_match_proxy"", ""state_action_mismatch_proxy"", ""state_observation_agreement"", ""state_proxy_agreement"", ""td_error_abs_mean"", ""td_error_mean"", ""td_error_std""]",,0.8,1.0,
tabular,matched,combined,0.05,8,72.0,1.0,1.0,1.0,1.0,1.0,1.0,10,"[[5, 0], [0, 5]]","[""action_diversity"", ""audited_intended_mean"", ""audited_proxy_mean"", ""episode_length"", ""history_dependence"", ""intended_action0"", ""intended_action1"", ""observation_coverage"", ""observation_entropy"", ""policy_entropy_mean"", ""reward_audit_disagreement"", ""reward_change"", ""reward_mean"", ""reward_slope"", ""reward_std"", ""state_action_match_proxy"", ""state_action_mismatch_proxy"", ""state_observation_agreement"", ""state_proxy_agreement"", ""td_error_abs_mean"", ""td_error_mean"", ""td_error_std""]",,1.0,1.0,
tabular,matched,combined,0.05,16,144.0,1.0,1.0,1.0,1.0,1.0,1.0,10,"[[5, 0], [0, 5]]","[""action_diversity"", ""audited_intended_mean"", ""audited_proxy_mean"", ""episode_length"", ""history_dependence"", ""intended_action0"", ""intended_action1"", ""observation_coverage"", ""observation_entropy"", ""policy_entropy_mean"", ""reward_audit_disagreement"", ""reward_change"", ""reward_mean"", ""reward_slope"", ""reward_std"", ""state_action_match_proxy"", ""state_action_mismatch_proxy"", ""state_observation_agreement"", ""state_proxy_agreement"", ""td_error_abs_mean"", ""td_error_mean"", ""td_error_std""]",,1.0,1.0,
tabular,matched,combined,0.05,32,288.0,1.0,1.0,1.0,1.0,1.0,1.0,10,"[[5, 0], [0, 5]]","[""action_diversity"", ""audited_intended_mean"", ""audited_proxy_mean"", ""episode_length"", ""history_dependence"", ""intended_action0"", ""intended_action1"", ""observation_coverage"", ""observation_entropy"", ""policy_entropy_mean"", ""reward_audit_disagreement"", ""reward_change"", ""reward_mean"", ""reward_slope"", ""reward_std"", ""state_action_match_proxy"", ""state_action_mismatch_proxy"", ""state_observation_agreement"", ""state_proxy_agreement"", ""td_error_abs_mean"", ""td_error_mean"", ""td_error_std""]",,1.0,1.0,
tabular,matched,combined,0.05,64,576.0,1.0,1.0,1.0,1.0,1.0,1.0,10,"[[5, 0], [0, 5]]","[""action_diversity"", ""audited_intended_mean"", ""audited_proxy_mean"", ""episode_length"", ""history_dependence"", ""intended_action0"", ""intended_action1"", ""observation_coverage"", ""observation_entropy"", ""policy_entropy_mean"", ""reward_audit_disagreement"", ""reward_change"", ""reward_mean"", ""reward_slope"", ""reward_std"", ""state_action_match_proxy"", ""state_action_mismatch_proxy"", ""state_observation_agreement"", ""state_proxy_agreement"", ""td_error_abs_mean"", ""td_error_mean"", ""td_error_std""]",,1.0,1.0,
tabular,matched,random,0.1,0,0.0,0.5,0.2,0.8,0.4949494949494949,0.2,0.7916666666666667,10,"[[3, 2], [3, 2]]","[""action_diversity"", ""episode_length"", ""history_dependence"", ""observation_coverage"", ""observation_entropy"", ""policy_entropy_mean"", ""reward_change"", ""reward_mean"", ""reward_slope"", ""reward_std"", ""td_error_abs_mean"", ""td_error_mean"", ""td_error_std""]",,0.4,0.6,
tabular,matched,reward_curve,0.1,0,0.0,0.5,0.5,0.5,0.4949494949494949,0.3333333333333333,0.4949494949494949,10,"[[3, 2], [3, 2]]","[""reward_change"", ""reward_mean"", ""reward_slope"", ""reward_std""]",,0.4,0.6,
tabular,matched,training_statistics,0.1,0,0.0,0.4,0.2,0.5,0.375,0.16666666666666666,0.4949494949494949,10,"[[1, 4], [2, 3]]","[""action_diversity"", ""episode_length"", ""history_dependence"", ""observation_coverage"", ""observation_entropy"", ""policy_entropy_mean"", ""reward_change"", ""reward_mean"", ""reward_slope"", ""reward_std"", ""td_error_abs_mean"", ""td_error_mean"", ""td_error_std""]",,0.6,0.2,
tabular,matched,state,0.1,4,20.0,0.6,0.30000000000000004,0.9,0.6,0.29292929292929293,0.898989898989899,10,"[[3, 2], [2, 3]]","[""action_diversity"", ""episode_length"", ""history_dependence"", ""observation_coverage"", ""observation_entropy"", ""policy_entropy_mean"", ""reward_change"", ""reward_mean"", ""reward_slope"", ""reward_std"", ""state_action_match_proxy"", ""state_action_mismatch_proxy"", ""state_observation_agreement"", ""state_proxy_agreement"", ""td_error_abs_mean"", ""td_error_mean"", ""td_error_std""]",,0.6,0.6,
tabular,matched,state,0.1,8,40.0,0.9,0.7,1.0,0.898989898989899,0.6703296703296704,1.0,10,"[[5, 0], [1, 4]]","[""action_diversity"", ""episode_length"", ""history_dependence"", ""observation_coverage"", ""observation_entropy"", ""policy_entropy_mean"", ""reward_change"", ""reward_mean"", ""reward_slope"", ""reward_std"", ""state_action_match_proxy"", ""state_action_mismatch_proxy"", ""state_observation_agreement"", ""state_proxy_agreement"", ""td_error_abs_mean"", ""td_error_mean"", ""td_error_std""]",,0.8,1.0,
tabular,matched,state,0.1,16,80.0,1.0,1.0,1.0,1.0,1.0,1.0,10,"[[5, 0], [0, 5]]","[""action_diversity"", ""episode_length"", ""history_dependence"", ""observation_coverage"", ""observation_entropy"", ""policy_entropy_mean"", ""reward_change"", ""reward_mean"", ""reward_slope"", ""reward_std"", ""state_action_match_proxy"", ""state_action_mismatch_proxy"", ""state_observation_agreement"", ""state_proxy_agreement"", ""td_error_abs_mean"", ""td_error_mean"", ""td_error_std""]",,1.0,1.0,
tabular,matched,state,0.1,32,160.0,1.0,1.0,1.0,1.0,1.0,1.0,10,"[[5, 0], [0, 5]]","[""action_diversity"", ""episode_length"", ""history_dependence"", ""observation_coverage"", ""observation_entropy"", ""policy_entropy_mean"", ""reward_change"", ""reward_mean"", ""reward_slope"", ""reward_std"", ""state_action_match_proxy"", ""state_action_mismatch_proxy"", ""state_observation_agreement"", ""state_proxy_agreement"", ""td_error_abs_mean"", ""td_error_mean"", ""td_error_std""]",,1.0,1.0,
tabular,matched,state,0.1,64,320.0,1.0,1.0,1.0,1.0,1.0,1.0,10,"[[5, 0], [0, 5]]","[""action_diversity"", ""episode_length"", ""history_dependence"", ""observation_coverage"", ""observation_entropy"", ""policy_entropy_mean"", ""reward_change"", ""reward_mean"", ""reward_slope"", ""reward_std"", ""state_action_match_proxy"", ""state_action_mismatch_proxy"", ""state_observation_agreement"", ""state_proxy_agreement"", ""td_error_abs_mean"", ""td_error_mean"", ""td_error_std""]",,1.0,1.0,
tabular,matched,reward,0.1,4,20.0,0.9,0.7,1.0,0.898989898989899,0.6703296703296704,1.0,10,"[[5, 0], [1, 4]]","[""action_diversity"", ""audited_intended_mean"", ""audited_proxy_mean"", ""episode_length"", ""history_dependence"", ""intended_action0"", ""intended_action1"", ""observation_coverage"", ""observation_entropy"", ""policy_entropy_mean"", ""reward_audit_disagreement"", ""reward_change"", ""reward_mean"", ""reward_slope"", ""reward_std"", ""td_error_abs_mean"", ""td_error_mean"", ""td_error_std""]",,0.8,1.0,
tabular,matched,reward,0.1,8,40.0,1.0,1.0,1.0,1.0,1.0,1.0,10,"[[5, 0], [0, 5]]","[""action_diversity"", ""audited_intended_mean"", ""audited_proxy_mean"", ""episode_length"", ""history_dependence"", ""intended_action0"", ""intended_action1"", ""observation_coverage"", ""observation_entropy"", ""policy_entropy_mean"", ""reward_audit_disagreement"", ""reward_change"", ""reward_mean"", ""reward_slope"", ""reward_std"", ""td_error_abs_mean"", ""td_error_mean"", ""td_error_std""]",,1.0,1.0,
tabular,matched,reward,0.1,16,80.0,1.0,1.0,1.0,1.0,1.0,1.0,10,"[[5, 0], [0, 5]]","[""action_diversity"", ""audited_intended_mean"", ""audited_proxy_mean"", ""episode_length"", ""history_dependence"", ""intended_action0"", ""intended_action1"", ""observation_coverage"", ""observation_entropy"", ""policy_entropy_mean"", ""reward_audit_disagreement"", ""reward_change"", ""reward_mean"", ""reward_slope"", ""reward_std"", ""td_error_abs_mean"", ""td_error_mean"", ""td_error_std""]",,1.0,1.0,
tabular,matched,reward,0.1,32,160.0,1.0,1.0,1.0,1.0,1.0,1.0,10,"[[5, 0], [0, 5]]","[""action_diversity"", ""audited_intended_mean"", ""audited_proxy_mean"", ""episode_length"", ""history_dependence"", ""intended_action0"", ""intended_action1"", ""observation_coverage"", ""observation_entropy"", ""policy_entropy_mean"", ""reward_audit_disagreement"", ""reward_change"", ""reward_mean"", ""reward_slope"", ""reward_std"", ""td_error_abs_mean"", ""td_error_mean"", ""td_error_std""]",,1.0,1.0,
tabular,matched,reward,0.1,64,320.0,1.0,1.0,1.0,1.0,1.0,1.0,10,"[[5, 0], [0, 5]]","[""action_diversity"", ""audited_intended_mean"", ""audited_proxy_mean"", ""episode_length"", ""history_dependence"", ""intended_action0"", ""intended_action1"", ""observation_coverage"", ""observation_entropy"", ""policy_entropy_mean"", ""reward_audit_disagreement"", ""reward_change"", ""reward_mean"", ""reward_slope"", ""reward_std"", ""td_error_abs_mean"", ""td_error_mean"", ""td_error_std""]",,1.0,1.0,
tabular,matched,combined,0.1,4,36.0,0.9,0.7,1.0,0.898989898989899,0.6703296703296704,1.0,10,"[[5, 0], [1, 4]]","[""action_diversity"", ""audited_intended_mean"", ""audited_proxy_mean"", ""episode_length"", ""history_dependence"", ""intended_action0"", ""intended_action1"", ""observation_coverage"", ""observation_entropy"", ""policy_entropy_mean"", ""reward_audit_disagreement"", ""reward_change"", ""reward_mean"", ""reward_slope"", ""reward_std"", ""state_action_match_proxy"", ""state_action_mismatch_proxy"", ""state_observation_agreement"", ""state_proxy_agreement"", ""td_error_abs_mean"", ""td_error_mean"", ""td_error_std""]",,0.8,1.0,
tabular,matched,combined,0.1,8,72.0,1.0,1.0,1.0,1.0,1.0,1.0,10,"[[5, 0], [0, 5]]","[""action_diversity"", ""audited_intended_mean"", ""audited_proxy_mean"", ""episode_length"", ""history_dependence"", ""intended_action0"", ""intended_action1"", ""observation_coverage"", ""observation_entropy"", ""policy_entropy_mean"", ""reward_audit_disagreement"", ""reward_change"", ""reward_mean"", ""reward_slope"", ""reward_std"", ""state_action_match_proxy"", ""state_action_mismatch_proxy"", ""state_observation_agreement"", ""state_proxy_agreement"", ""td_error_abs_mean"", ""td_error_mean"", ""td_error_std""]",,1.0,1.0,
tabular,matched,combined,0.1,16,144.0,1.0,1.0,1.0,1.0,1.0,1.0,10,"[[5, 0], [0, 5]]","[""action_diversity"", ""audited_intended_mean"", ""audited_proxy_mean"", ""episode_length"", ""history_dependence"", ""intended_action0"", ""intended_action1"", ""observation_coverage"", ""observation_entropy"", ""policy_entropy_mean"", ""reward_audit_disagreement"", ""reward_change"", ""reward_mean"", ""reward_slope"", ""reward_std"", ""state_action_match_proxy"", ""state_action_mismatch_proxy"", ""state_observation_agreement"", ""state_proxy_agreement"", ""td_error_abs_mean"", ""td_error_mean"", ""td_error_std""]",,1.0,1.0,
tabular,matched,combined,0.1,32,288.0,1.0,1.0,1.0,1.0,1.0,1.0,10,"[[5, 0], [0, 5]]","[""action_diversity"", ""audited_intended_mean"", ""audited_proxy_mean"", ""episode_length"", ""history_dependence"", ""intended_action0"", ""intended_action1"", ""observation_coverage"", ""observation_entropy"", ""policy_entropy_mean"", ""reward_audit_disagreement"", ""reward_change"", ""reward_mean"", ""reward_slope"", ""reward_std"", ""state_action_match_proxy"", ""state_action_mismatch_proxy"", ""state_observation_agreement"", ""state_proxy_agreement"", ""td_error_abs_mean"", ""td_error_mean"", ""td_error_std""]",,1.0,1.0,
tabular,matched,combined,0.1,64,576.0,1.0,1.0,1.0,1.0,1.0,1.0,10,"[[5, 0], [0, 5]]","[""action_diversity"", ""audited_intended_mean"", ""audited_proxy_mean"", ""episode_length"", ""history_dependence"", ""intended_action0"", ""intended_action1"", ""observation_coverage"", ""observation_entropy"", ""policy_entropy_mean"", ""reward_audit_disagreement"", ""reward_change"", ""reward_mean"", ""reward_slope"", ""reward_std"", ""state_action_match_proxy"", ""state_action_mismatch_proxy"", ""state_observation_agreement"", ""state_proxy_agreement"", ""td_error_abs_mean"", ""td_error_mean"", ""td_error_std""]",,1.0,1.0,
tabular,matched,random,0.2,0,0.0,0.5,0.2,0.8,0.4949494949494949,0.2,0.7916666666666667,10,"[[3, 2], [3, 2]]","[""action_diversity"", ""episode_length"", ""history_dependence"", ""observation_coverage"", ""observation_entropy"", ""policy_entropy_mean"", ""reward_change"", ""reward_mean"", ""reward_slope"", ""reward_std"", ""td_error_abs_mean"", ""td_error_mean"", ""td_error_std""]",,0.4,0.6,
tabular,matched,reward_curve,0.2,0,0.0,0.7,0.5,0.9,0.696969696969697,0.45054945054945056,0.898989898989899,10,"[[3, 2], [1, 4]]","[""reward_change"", ""reward_mean"", ""reward_slope"", ""reward_std""]",,0.8,0.6,
tabular,matched,training_statistics,0.2,0,0.0,0.4,0.2,0.5,0.4,0.16666666666666666,0.4949494949494949,10,"[[2, 3], [3, 2]]","[""action_diversity"", ""episode_length"", ""history_dependence"", ""observation_coverage"", ""observation_entropy"", ""policy_entropy_mean"", ""reward_change"", ""reward_mean"", ""reward_slope"", ""reward_std"", ""td_error_abs_mean"", ""td_error_mean"", ""td_error_std""]",,0.4,0.4,
tabular,matched,state,0.2,4,20.0,0.5,0.2,0.8,0.4949494949494949,0.2,0.7916666666666667,10,"[[2, 3], [2, 3]]","[""action_diversity"", ""episode_length"", ""history_dependence"", ""observation_coverage"", ""observation_entropy"", ""policy_entropy_mean"", ""reward_change"", ""reward_mean"", ""reward_slope"", ""reward_std"", ""state_action_match_proxy"", ""state_action_mismatch_proxy"", ""state_observation_agreement"", ""state_proxy_agreement"", ""td_error_abs_mean"", ""td_error_mean"", ""td_error_std""]",,0.6,0.4,
tabular,matched,state,0.2,8,40.0,0.8,0.6,1.0,0.7916666666666667,0.5238095238095238,1.0,10,"[[3, 2], [0, 5]]","[""action_diversity"", ""episode_length"", ""history_dependence"", ""observation_coverage"", ""observation_entropy"", ""policy_entropy_mean"", ""reward_change"", ""reward_mean"", ""reward_slope"", ""reward_std"", ""state_action_match_proxy"", ""state_action_mismatch_proxy"", ""state_observation_agreement"", ""state_proxy_agreement"", ""td_error_abs_mean"", ""td_error_mean"", ""td_error_std""]",,1.0,0.6,
tabular,matched,state,0.2,16,80.0,0.9,0.7,1.0,0.898989898989899,0.6703296703296704,1.0,10,"[[4, 1], [0, 5]]","[""action_diversity"", ""episode_length"", ""history_dependence"", ""observation_coverage"", ""observation_entropy"", ""policy_entropy_mean"", ""reward_change"", ""reward_mean"", ""reward_slope"", ""reward_std"", ""state_action_match_proxy"", ""state_action_mismatch_proxy"", ""state_observation_agreement"", ""state_proxy_agreement"", ""td_error_abs_mean"", ""td_error_mean"", ""td_error_std""]",,1.0,0.8,
tabular,matched,state,0.2,32,160.0,0.9,0.7,1.0,0.898989898989899,0.6703296703296704,1.0,10,"[[4, 1], [0, 5]]","[""action_diversity"", ""episode_length"", ""history_dependence"", ""observation_coverage"", ""observation_entropy"", ""policy_entropy_mean"", ""reward_change"", ""reward_mean"", ""reward_slope"", ""reward_std"", ""state_action_match_proxy"", ""state_action_mismatch_proxy"", ""state_observation_agreement"", ""state_proxy_agreement"", ""td_error_abs_mean"", ""td_error_mean"", ""td_error_std""]",,1.0,0.8,
tabular,matched,state,0.2,64,320.0,0.9,0.7,1.0,0.898989898989899,0.6703296703296704,1.0,10,"[[4, 1], [0, 5]]","[""action_diversity"", ""episode_length"", ""history_dependence"", ""observation_coverage"", ""observation_entropy"", ""policy_entropy_mean"", ""reward_change"", ""reward_mean"", ""reward_slope"", ""reward_std"", ""state_action_match_proxy"", ""state_action_mismatch_proxy"", ""state_observation_agreement"", ""state_proxy_agreement"", ""td_error_abs_mean"", ""td_error_mean"", ""td_error_std""]",,1.0,0.8,
tabular,matched,reward,0.2,4,20.0,0.8,0.6,1.0,0.8,0.5833333333333333,1.0,10,"[[4, 1], [1, 4]]","[""action_diversity"", ""audited_intended_mean"", ""audited_proxy_mean"", ""episode_length"", ""history_dependence"", ""intended_action0"", ""intended_action1"", ""observation_coverage"", ""observation_entropy"", ""policy_entropy_mean"", ""reward_audit_disagreement"", ""reward_change"", ""reward_mean"", ""reward_slope"", ""reward_std"", ""td_error_abs_mean"", ""td_error_mean"", ""td_error_std""]",,0.8,0.8,
tabular,matched,reward,0.2,8,40.0,0.9,0.7,1.0,0.898989898989899,0.6703296703296704,1.0,10,"[[4, 1], [0, 5]]","[""action_diversity"", ""audited_intended_mean"", ""audited_proxy_mean"", ""episode_length"", ""history_dependence"", ""intended_action0"", ""intended_action1"", ""observation_coverage"", ""observation_entropy"", ""policy_entropy_mean"", ""reward_audit_disagreement"", ""reward_change"", ""reward_mean"", ""reward_slope"", ""reward_std"", ""td_error_abs_mean"", ""td_error_mean"", ""td_error_std""]",,1.0,0.8,
tabular,matched,reward,0.2,16,80.0,0.9,0.7,1.0,0.898989898989899,0.6703296703296704,1.0,10,"[[4, 1], [0, 5]]","[""action_diversity"", ""audited_intended_mean"", ""audited_proxy_mean"", ""episode_length"", ""history_dependence"", ""intended_action0"", ""intended_action1"", ""observation_coverage"", ""observation_entropy"", ""policy_entropy_mean"", ""reward_audit_disagreement"", ""reward_change"", ""reward_mean"", ""reward_slope"", ""reward_std"", ""td_error_abs_mean"", ""td_error_mean"", ""td_error_std""]",,1.0,0.8,
tabular,matched,reward,0.2,32,160.0,0.9,0.7,1.0,0.898989898989899,0.6703296703296704,1.0,10,"[[4, 1], [0, 5]]","[""action_diversity"", ""audited_intended_mean"", ""audited_proxy_mean"", ""episode_length"", ""history_dependence"", ""intended_action0"", ""intended_action1"", ""observation_coverage"", ""observation_entropy"", ""policy_entropy_mean"", ""reward_audit_disagreement"", ""reward_change"", ""reward_mean"", ""reward_slope"", ""reward_std"", ""td_error_abs_mean"", ""td_error_mean"", ""td_error_std""]",,1.0,0.8,
tabular,matched,reward,0.2,64,320.0,0.8,0.6,1.0,0.7916666666666667,0.5238095238095238,1.0,10,"[[3, 2], [0, 5]]","[""action_diversity"", ""audited_intended_mean"", ""audited_proxy_mean"", ""episode_length"", ""history_dependence"", ""intended_action0"", ""intended_action1"", ""observation_coverage"", ""observation_entropy"", ""policy_entropy_mean"", ""reward_audit_disagreement"", ""reward_change"", ""reward_mean"", ""reward_slope"", ""reward_std"", ""td_error_abs_mean"", ""td_error_mean"", ""td_error_std""]",,1.0,0.6,
tabular,matched,combined,0.2,4,36.0,0.8,0.6,1.0,0.8,0.5833333333333333,1.0,10,"[[4, 1], [1, 4]]","[""action_diversity"", ""audited_intended_mean"", ""audited_proxy_mean"", ""episode_length"", ""history_dependence"", ""intended_action0"", ""intended_action1"", ""observation_coverage"", ""observation_entropy"", ""policy_entropy_mean"", ""reward_audit_disagreement"", ""reward_change"", ""reward_mean"", ""reward_slope"", ""reward_std"", ""state_action_match_proxy"", ""state_action_mismatch_proxy"", ""state_observation_agreement"", ""state_proxy_agreement"", ""td_error_abs_mean"", ""td_error_mean"", ""td_error_std""]",,0.8,0.8,
tabular,matched,combined,0.2,8,72.0,1.0,1.0,1.0,1.0,1.0,1.0,10,"[[5, 0], [0, 5]]","[""action_diversity"", ""audited_intended_mean"", ""audited_proxy_mean"", ""episode_length"", ""history_dependence"", ""intended_action0"", ""intended_action1"", ""observation_coverage"", ""observation_entropy"", ""policy_entropy_mean"", ""reward_audit_disagreement"", ""reward_change"", ""reward_mean"", ""reward_slope"", ""reward_std"", ""state_action_match_proxy"", ""state_action_mismatch_proxy"", ""state_observation_agreement"", ""state_proxy_agreement"", ""td_error_abs_mean"", ""td_error_mean"", ""td_error_std""]",,1.0,1.0,
tabular,matched,combined,0.2,16,144.0,0.9,0.7,1.0,0.898989898989899,0.6703296703296704,1.0,10,"[[4, 1], [0, 5]]","[""action_diversity"", ""audited_intended_mean"", ""audited_proxy_mean"", ""episode_length"", ""history_dependence"", ""intended_action0"", ""intended_action1"", ""observation_coverage"", ""observation_entropy"", ""policy_entropy_mean"", ""reward_audit_disagreement"", ""reward_change"", ""reward_mean"", ""reward_slope"", ""reward_std"", ""state_action_match_proxy"", ""state_action_mismatch_proxy"", ""state_observation_agreement"", ""state_proxy_agreement"", ""td_error_abs_mean"", ""td_error_mean"", ""td_error_std""]",,1.0,0.8,
tabular,matched,combined,0.2,32,288.0,1.0,1.0,1.0,1.0,1.0,1.0,10,"[[5, 0], [0, 5]]","[""action_diversity"", ""audited_intended_mean"", ""audited_proxy_mean"", ""episode_length"", ""history_dependence"", ""intended_action0"", ""intended_action1"", ""observation_coverage"", ""observation_entropy"", ""policy_entropy_mean"", ""reward_audit_disagreement"", ""reward_change"", ""reward_mean"", ""reward_slope"", ""reward_std"", ""state_action_match_proxy"", ""state_action_mismatch_proxy"", ""state_observation_agreement"", ""state_proxy_agreement"", ""td_error_abs_mean"", ""td_error_mean"", ""td_error_std""]",,1.0,1.0,
tabular,matched,combined,0.2,64,576.0,1.0,1.0,1.0,1.0,1.0,1.0,10,"[[5, 0], [0, 5]]","[""action_diversity"", ""audited_intended_mean"", ""audited_proxy_mean"", ""episode_length"", ""history_dependence"", ""intended_action0"", ""intended_action1"", ""observation_coverage"", ""observation_entropy"", ""policy_entropy_mean"", ""reward_audit_disagreement"", ""reward_change"", ""reward_mean"", ""reward_slope"", ""reward_std"", ""state_action_match_proxy"", ""state_action_mismatch_proxy"", ""state_observation_agreement"", ""state_proxy_agreement"", ""td_error_abs_mean"", ""td_error_mean"", ""td_error_std""]",,1.0,1.0,
ppo,factorial,random,0.05,0,0.0,0.2,0.05,0.35,0.18636363636363634,0.038461538461538464,0.3242424242424242,20,"[[2, 2, 1, 0], [1, 0, 2, 2], [2, 0, 1, 2], [1, 1, 2, 1]]","[""action_diversity"", ""episode_length"", ""history_dependence"", ""observation_coverage"", ""observation_entropy"", ""policy_entropy_mean"", ""reward_change"", ""reward_mean"", ""reward_slope"", ""reward_std"", ""td_error_abs_mean"", ""td_error_mean"", ""td_error_std""]",0.4,0.0,0.2,0.2
ppo,factorial,reward_curve,0.05,0,0.0,0.0,0.0,0.0,0.0,0.0,0.0,20,"[[0, 2, 0, 3], [3, 0, 2, 0], [0, 1, 0, 4], [2, 0, 3, 0]]","[""reward_change"", ""reward_mean"", ""reward_slope"", ""reward_std""]",0.0,0.0,0.0,0.0
ppo,factorial,training_statistics,0.05,0,0.0,0.5,0.30000000000000004,0.7,0.4949494949494949,0.2707787004662005,0.6836496836496837,20,"[[3, 2, 0, 0], [3, 2, 0, 0], [0, 0, 2, 3], [0, 0, 2, 3]]","[""action_diversity"", ""episode_length"", ""history_dependence"", ""observation_coverage"", ""observation_entropy"", ""policy_entropy_mean"", ""reward_change"", ""reward_mean"", ""reward_slope"", ""reward_std"", ""td_error_abs_mean"", ""td_error_mean"", ""td_error_std""]",0.6,0.4,0.4,0.6
ppo,factorial,state,0.05,4,20.0,1.0,1.0,1.0,1.0,1.0,1.0,20,"[[5, 0, 0, 0], [0, 5, 0, 0], [0, 0, 5, 0], [0, 0, 0, 5]]","[""action_diversity"", ""episode_length"", ""history_dependence"", ""observation_coverage"", ""observation_entropy"", ""policy_entropy_mean"", ""reward_change"", ""reward_mean"", ""reward_slope"", ""reward_std"", ""state_action_match_proxy"", ""state_action_mismatch_proxy"", ""state_observation_agreement"", ""state_proxy_agreement"", ""td_error_abs_mean"", ""td_error_mean"", ""td_error_std""]",1.0,1.0,1.0,1.0
ppo,factorial,state,0.05,8,40.0,1.0,1.0,1.0,1.0,1.0,1.0,20,"[[5, 0, 0, 0], [0, 5, 0, 0], [0, 0, 5, 0], [0, 0, 0, 5]]","[""action_diversity"", ""episode_length"", ""history_dependence"", ""observation_coverage"", ""observation_entropy"", ""policy_entropy_mean"", ""reward_change"", ""reward_mean"", ""reward_slope"", ""reward_std"", ""state_action_match_proxy"", ""state_action_mismatch_proxy"", ""state_observation_agreement"", ""state_proxy_agreement"", ""td_error_abs_mean"", ""td_error_mean"", ""td_error_std""]",1.0,1.0,1.0,1.0
ppo,factorial,state,0.05,16,80.0,1.0,1.0,1.0,1.0,1.0,1.0,20,"[[5, 0, 0, 0], [0, 5, 0, 0], [0, 0, 5, 0], [0, 0, 0, 5]]","[""action_diversity"", ""episode_length"", ""history_dependence"", ""observation_coverage"", ""observation_entropy"", ""policy_entropy_mean"", ""reward_change"", ""reward_mean"", ""reward_slope"", ""reward_std"", ""state_action_match_proxy"", ""state_action_mismatch_proxy"", ""state_observation_agreement"", ""state_proxy_agreement"", ""td_error_abs_mean"", ""td_error_mean"", ""td_error_std""]",1.0,1.0,1.0,1.0
ppo,factorial,state,0.05,32,160.0,1.0,1.0,1.0,1.0,1.0,1.0,20,"[[5, 0, 0, 0], [0, 5, 0, 0], [0, 0, 5, 0], [0, 0, 0, 5]]","[""action_diversity"", ""episode_length"", ""history_dependence"", ""observation_coverage"", ""observation_entropy"", ""policy_entropy_mean"", ""reward_change"", ""reward_mean"", ""reward_slope"", ""reward_std"", ""state_action_match_proxy"", ""state_action_mismatch_proxy"", ""state_observation_agreement"", ""state_proxy_agreement"", ""td_error_abs_mean"", ""td_error_mean"", ""td_error_std""]",1.0,1.0,1.0,1.0
ppo,factorial,state,0.05,64,320.0,1.0,1.0,1.0,1.0,1.0,1.0,20,"[[5, 0, 0, 0], [0, 5, 0, 0], [0, 0, 5, 0], [0, 0, 0, 5]]","[""action_diversity"", ""episode_length"", ""history_dependence"", ""observation_coverage"", ""observation_entropy"", ""policy_entropy_mean"", ""reward_change"", ""reward_mean"", ""reward_slope"", ""reward_std"", ""state_action_match_proxy"", ""state_action_mismatch_proxy"", ""state_observation_agreement"", ""state_proxy_agreement"", ""td_error_abs_mean"", ""td_error_mean"", ""td_error_std""]",1.0,1.0,1.0,1.0
ppo,factorial,reward,0.05,4,20.0,0.75,0.55,0.95,0.7443181818181819,0.4871794871794872,0.9494949494949495,20,"[[4, 0, 1, 0], [2, 3, 0, 0], [0, 0, 3, 2], [0, 0, 0, 5]]","[""action_diversity"", ""audited_intended_mean"", ""audited_proxy_mean"", ""episode_length"", ""history_dependence"", ""intended_action0"", ""intended_action1"", ""observation_coverage"", ""observation_entropy"", ""policy_entropy_mean"", ""reward_audit_disagreement"", ""reward_change"", ""reward_mean"", ""reward_slope"", ""reward_std"", ""td_error_abs_mean"", ""td_error_mean"", ""td_error_std""]",0.8,0.6,0.6,1.0
ppo,factorial,reward,0.05,8,40.0,0.8,0.65,0.95,0.7972222222222223,0.5789205586080586,0.9494949494949495,20,"[[4, 0, 1, 0], [1, 4, 0, 0], [0, 0, 3, 2], [0, 0, 0, 5]]","[""action_diversity"", ""audited_intended_mean"", ""audited_proxy_mean"", ""episode_length"", ""history_dependence"", ""intended_action0"", ""intended_action1"", ""observation_coverage"", ""observation_entropy"", ""policy_entropy_mean"", ""reward_audit_disagreement"", ""reward_change"", ""reward_mean"", ""reward_slope"", ""reward_std"", ""td_error_abs_mean"", ""td_error_mean"", ""td_error_std""]",0.8,0.8,0.6,1.0
ppo,factorial,reward,0.05,16,80.0,0.7000000000000001,0.55,0.8762499999999989,0.6916666666666667,0.5117521367521367,0.8738226010101,20,"[[3, 1, 1, 0], [2, 3, 0, 0], [0, 0, 3, 2], [0, 0, 0, 5]]","[""action_diversity"", ""audited_intended_mean"", ""audited_proxy_mean"", ""episode_length"", ""history_dependence"", ""intended_action0"", ""intended_action1"", ""observation_coverage"", ""observation_entropy"", ""policy_entropy_mean"", ""reward_audit_disagreement"", ""reward_change"", ""reward_mean"", ""reward_slope"", ""reward_std"", ""td_error_abs_mean"", ""td_error_mean"", ""td_error_std""]",0.6,0.6,0.6,1.0
ppo,factorial,reward,0.05,32,160.0,0.8,0.65,0.95,0.797979797979798,0.5911534992784994,0.9494949494949495,20,"[[4, 0, 1, 0], [1, 4, 0, 0], [1, 0, 3, 1], [0, 0, 0, 5]]","[""action_diversity"", ""audited_intended_mean"", ""audited_proxy_mean"", ""episode_length"", ""history_dependence"", ""intended_action0"", ""intended_action1"", ""observation_coverage"", ""observation_entropy"", ""policy_entropy_mean"", ""reward_audit_disagreement"", ""reward_change"", ""reward_mean"", ""reward_slope"", ""reward_std"", ""td_error_abs_mean"", ""td_error_mean"", ""td_error_std""]",0.8,0.8,0.6,1.0
ppo,factorial,reward,0.05,64,320.0,0.8,0.65,0.95,0.7972222222222223,0.5789205586080586,0.9494949494949495,20,"[[4, 0, 1, 0], [1, 4, 0, 0], [0, 0, 3, 2], [0, 0, 0, 5]]","[""action_diversity"", ""audited_intended_mean"", ""audited_proxy_mean"", ""episode_length"", ""history_dependence"", ""intended_action0"", ""intended_action1"", ""observation_coverage"", ""observation_entropy"", ""policy_entropy_mean"", ""reward_audit_disagreement"", ""reward_change"", ""reward_mean"", ""reward_slope"", ""reward_std"", ""td_error_abs_mean"", ""td_error_mean"", ""td_error_std""]",0.8,0.8,0.6,1.0
ppo,factorial,combined,0.05,4,36.0,1.0,1.0,1.0,1.0,1.0,1.0,20,"[[5, 0, 0, 0], [0, 5, 0, 0], [0, 0, 5, 0], [0, 0, 0, 5]]","[""action_diversity"", ""audited_intended_mean"", ""audited_proxy_mean"", ""episode_length"", ""history_dependence"", ""intended_action0"", ""intended_action1"", ""observation_coverage"", ""observation_entropy"", ""policy_entropy_mean"", ""reward_audit_disagreement"", ""reward_change"", ""reward_mean"", ""reward_slope"", ""reward_std"", ""state_action_match_proxy"", ""state_action_mismatch_proxy"", ""state_observation_agreement"", ""state_proxy_agreement"", ""td_error_abs_mean"", ""td_error_mean"", ""td_error_std""]",1.0,1.0,1.0,1.0
ppo,factorial,combined,0.05,8,72.0,1.0,1.0,1.0,1.0,1.0,1.0,20,"[[5, 0, 0, 0], [0, 5, 0, 0], [0, 0, 5, 0], [0, 0, 0, 5]]","[""action_diversity"", ""audited_intended_mean"", ""audited_proxy_mean"", ""episode_length"", ""history_dependence"", ""intended_action0"", ""intended_action1"", ""observation_coverage"", ""observation_entropy"", ""policy_entropy_mean"", ""reward_audit_disagreement"", ""reward_change"", ""reward_mean"", ""reward_slope"", ""reward_std"", ""state_action_match_proxy"", ""state_action_mismatch_proxy"", ""state_observation_agreement"", ""state_proxy_agreement"", ""td_error_abs_mean"", ""td_error_mean"", ""td_error_std""]",1.0,1.0,1.0,1.0
ppo,factorial,combined,0.05,16,144.0,1.0,1.0,1.0,1.0,1.0,1.0,20,"[[5, 0, 0, 0], [0, 5, 0, 0], [0, 0, 5, 0], [0, 0, 0, 5]]","[""action_diversity"", ""audited_intended_mean"", ""audited_proxy_mean"", ""episode_length"", ""history_dependence"", ""intended_action0"", ""intended_action1"", ""observation_coverage"", ""observation_entropy"", ""policy_entropy_mean"", ""reward_audit_disagreement"", ""reward_change"", ""reward_mean"", ""reward_slope"", ""reward_std"", ""state_action_match_proxy"", ""state_action_mismatch_proxy"", ""state_observation_agreement"", ""state_proxy_agreement"", ""td_error_abs_mean"", ""td_error_mean"", ""td_error_std""]",1.0,1.0,1.0,1.0
ppo,factorial,combined,0.05,32,288.0,1.0,1.0,1.0,1.0,1.0,1.0,20,"[[5, 0, 0, 0], [0, 5, 0, 0], [0, 0, 5, 0], [0, 0, 0, 5]]","[""action_diversity"", ""audited_intended_mean"", ""audited_proxy_mean"", ""episode_length"", ""history_dependence"", ""intended_action0"", ""intended_action1"", ""observation_coverage"", ""observation_entropy"", ""policy_entropy_mean"", ""reward_audit_disagreement"", ""reward_change"", ""reward_mean"", ""reward_slope"", ""reward_std"", ""state_action_match_proxy"", ""state_action_mismatch_proxy"", ""state_observation_agreement"", ""state_proxy_agreement"", ""td_error_abs_mean"", ""td_error_mean"", ""td_error_std""]",1.0,1.0,1.0,1.0
ppo,factorial,combined,0.05,64,576.0,1.0,1.0,1.0,1.0,1.0,1.0,20,"[[5, 0, 0, 0], [0, 5, 0, 0], [0, 0, 5, 0], [0, 0, 0, 5]]","[""action_diversity"", ""audited_intended_mean"", ""audited_proxy_mean"", ""episode_length"", ""history_dependence"", ""intended_action0"", ""intended_action1"", ""observation_coverage"", ""observation_entropy"", ""policy_entropy_mean"", ""reward_audit_disagreement"", ""reward_change"", ""reward_mean"", ""reward_slope"", ""reward_std"", ""state_action_match_proxy"", ""state_action_mismatch_proxy"", ""state_observation_agreement"", ""state_proxy_agreement"", ""td_error_abs_mean"", ""td_error_mean"", ""td_error_std""]",1.0,1.0,1.0,1.0
ppo,factorial,random,0.1,0,0.0,0.2,0.05,0.35,0.18636363636363634,0.038461538461538464,0.3242424242424242,20,"[[2, 2, 1, 0], [1, 0, 2, 2], [2, 0, 1, 2], [1, 1, 2, 1]]","[""action_diversity"", ""episode_length"", ""history_dependence"", ""observation_coverage"", ""observation_entropy"", ""policy_entropy_mean"", ""reward_change"", ""reward_mean"", ""reward_slope"", ""reward_std"", ""td_error_abs_mean"", ""td_error_mean"", ""td_error_std""]",0.4,0.0,0.2,0.2
ppo,factorial,reward_curve,0.1,0,0.0,0.2,0.0,0.4,0.2,0.0,0.37606837606837606,20,"[[1, 1, 2, 1], [2, 2, 0, 1], [1, 0, 1, 3], [1, 2, 2, 0]]","[""reward_change"", ""reward_mean"", ""reward_slope"", ""reward_std""]",0.2,0.4,0.2,0.0
ppo,factorial,training_statistics,0.1,0,0.0,0.75,0.5,0.95,0.7484848484848485,0.48162948162948166,0.9494949494949495,20,"[[3, 2, 0, 0], [1, 4, 0, 0], [0, 0, 4, 1], [0, 0, 1, 4]]","[""action_diversity"", ""episode_length"", ""history_dependence"", ""observation_coverage"", ""observation_entropy"", ""policy_entropy_mean"", ""reward_change"", ""reward_mean"", ""reward_slope"", ""reward_std"", ""td_error_abs_mean"", ""td_error_mean"", ""td_error_std""]",0.6,0.8,0.8,0.8
ppo,factorial,state,0.1,4,20.0,1.0,1.0,1.0,1.0,1.0,1.0,20,"[[5, 0, 0, 0], [0, 5, 0, 0], [0, 0, 5, 0], [0, 0, 0, 5]]","[""action_diversity"", ""episode_length"", ""history_dependence"", ""observation_coverage"", ""observation_entropy"", ""policy_entropy_mean"", ""reward_change"", ""reward_mean"", ""reward_slope"", ""reward_std"", ""state_action_match_proxy"", ""state_action_mismatch_proxy"", ""state_observation_agreement"", ""state_proxy_agreement"", ""td_error_abs_mean"", ""td_error_mean"", ""td_error_std""]",1.0,1.0,1.0,1.0
ppo,factorial,state,0.1,8,40.0,1.0,1.0,1.0,1.0,1.0,1.0,20,"[[5, 0, 0, 0], [0, 5, 0, 0], [0, 0, 5, 0], [0, 0, 0, 5]]","[""action_diversity"", ""episode_length"", ""history_dependence"", ""observation_coverage"", ""observation_entropy"", ""policy_entropy_mean"", ""reward_change"", ""reward_mean"", ""reward_slope"", ""reward_std"", ""state_action_match_proxy"", ""state_action_mismatch_proxy"", ""state_observation_agreement"", ""state_proxy_agreement"", ""td_error_abs_mean"", ""td_error_mean"", ""td_error_std""]",1.0,1.0,1.0,1.0
ppo,factorial,state,0.1,16,80.0,1.0,1.0,1.0,1.0,1.0,1.0,20,"[[5, 0, 0, 0], [0, 5, 0, 0], [0, 0, 5, 0], [0, 0, 0, 5]]","[""action_diversity"", ""episode_length"", ""history_dependence"", ""observation_coverage"", ""observation_entropy"", ""policy_entropy_mean"", ""reward_change"", ""reward_mean"", ""reward_slope"", ""reward_std"", ""state_action_match_proxy"", ""state_action_mismatch_proxy"", ""state_observation_agreement"", ""state_proxy_agreement"", ""td_error_abs_mean"", ""td_error_mean"", ""td_error_std""]",1.0,1.0,1.0,1.0
ppo,factorial,state,0.1,32,160.0,1.0,1.0,1.0,1.0,1.0,1.0,20,"[[5, 0, 0, 0], [0, 5, 0, 0], [0, 0, 5, 0], [0, 0, 0, 5]]","[""action_diversity"", ""episode_length"", ""history_dependence"", ""observation_coverage"", ""observation_entropy"", ""policy_entropy_mean"", ""reward_change"", ""reward_mean"", ""reward_slope"", ""reward_std"", ""state_action_match_proxy"", ""state_action_mismatch_proxy"", ""state_observation_agreement"", ""state_proxy_agreement"", ""td_error_abs_mean"", ""td_error_mean"", ""td_error_std""]",1.0,1.0,1.0,1.0
ppo,factorial,state,0.1,64,320.0,1.0,1.0,1.0,1.0,1.0,1.0,20,"[[5, 0, 0, 0], [0, 5, 0, 0], [0, 0, 5, 0], [0, 0, 0, 5]]","[""action_diversity"", ""episode_length"", ""history_dependence"", ""observation_coverage"", ""observation_entropy"", ""policy_entropy_mean"", ""reward_change"", ""reward_mean"", ""reward_slope"", ""reward_std"", ""state_action_match_proxy"", ""state_action_mismatch_proxy"", ""state_observation_agreement"", ""state_proxy_agreement"", ""td_error_abs_mean"", ""td_error_mean"", ""td_error_std""]",1.0,1.0,1.0,1.0
ppo,factorial,reward,0.1,4,20.0,0.75,0.55,0.95,0.7443181818181818,0.5117521367521367,0.9494949494949495,20,"[[3, 1, 1, 0], [0, 5, 0, 0], [0, 0, 4, 1], [0, 1, 1, 3]]","[""action_diversity"", ""audited_intended_mean"", ""audited_proxy_mean"", ""episode_length"", ""history_dependence"", ""intended_action0"", ""intended_action1"", ""observation_coverage"", ""observation_entropy"", ""policy_entropy_mean"", ""reward_audit_disagreement"", ""reward_change"", ""reward_mean"", ""reward_slope"", ""reward_std"", ""td_error_abs_mean"", ""td_error_mean"", ""td_error_std""]",0.6,1.0,0.8,0.6
ppo,factorial,reward,0.1,8,40.0,0.9,0.7,1.0,0.898989898989899,0.6703296703296704,1.0,20,"[[4, 1, 0, 0], [0, 5, 0, 0], [0, 0, 5, 0], [0, 0, 1, 4]]","[""action_diversity"", ""audited_intended_mean"", ""audited_proxy_mean"", ""episode_length"", ""history_dependence"", ""intended_action0"", ""intended_action1"", ""observation_coverage"", ""observation_entropy"", ""policy_entropy_mean"", ""reward_audit_disagreement"", ""reward_change"", ""reward_mean"", ""reward_slope"", ""reward_std"", ""td_error_abs_mean"", ""td_error_mean"", ""td_error_std""]",0.8,1.0,1.0,0.8
ppo,factorial,reward,0.1,16,80.0,0.75,0.5499999999999999,0.9,0.7511363636363637,0.5352430555555555,0.9027777777777778,20,"[[4, 1, 0, 0], [1, 4, 0, 0], [1, 0, 4, 0], [0, 1, 1, 3]]","[""action_diversity"", ""audited_intended_mean"", ""audited_proxy_mean"", ""episode_length"", ""history_dependence"", ""intended_action0"", ""intended_action1"", ""observation_coverage"", ""observation_entropy"", ""policy_entropy_mean"", ""reward_audit_disagreement"", ""reward_change"", ""reward_mean"", ""reward_slope"", ""reward_std"", ""td_error_abs_mean"", ""td_error_mean"", ""td_error_std""]",0.8,0.8,0.8,0.6
ppo,factorial,reward,0.1,32,160.0,0.9,0.8,1.0,0.9027777777777778,0.7936507936507936,1.0,20,"[[4, 0, 1, 0], [0, 5, 0, 0], [0, 0, 5, 0], [0, 0, 1, 4]]","[""action_diversity"", ""audited_intended_mean"", ""audited_proxy_mean"", ""episode_length"", ""history_dependence"", ""intended_action0"", ""intended_action1"", ""observation_coverage"", ""observation_entropy"", ""policy_entropy_mean"", ""reward_audit_disagreement"", ""reward_change"", ""reward_mean"", ""reward_slope"", ""reward_std"", ""td_error_abs_mean"", ""td_error_mean"", ""td_error_std""]",0.8,1.0,1.0,0.8
ppo,factorial,reward,0.1,64,320.0,0.9,0.7,1.0,0.898989898989899,0.6703296703296704,1.0,20,"[[4, 1, 0, 0], [0, 5, 0, 0], [0, 0, 5, 0], [0, 0, 1, 4]]","[""action_diversity"", ""audited_intended_mean"", ""audited_proxy_mean"", ""episode_length"", ""history_dependence"", ""intended_action0"", ""intended_action1"", ""observation_coverage"", ""observation_entropy"", ""policy_entropy_mean"", ""reward_audit_disagreement"", ""reward_change"", ""reward_mean"", ""reward_slope"", ""reward_std"", ""td_error_abs_mean"", ""td_error_mean"", ""td_error_std""]",0.8,1.0,1.0,0.8
ppo,factorial,combined,0.1,4,36.0,1.0,1.0,1.0,1.0,1.0,1.0,20,"[[5, 0, 0, 0], [0, 5, 0, 0], [0, 0, 5, 0], [0, 0, 0, 5]]","[""action_diversity"", ""audited_intended_mean"", ""audited_proxy_mean"", ""episode_length"", ""history_dependence"", ""intended_action0"", ""intended_action1"", ""observation_coverage"", ""observation_entropy"", ""policy_entropy_mean"", ""reward_audit_disagreement"", ""reward_change"", ""reward_mean"", ""reward_slope"", ""reward_std"", ""state_action_match_proxy"", ""state_action_mismatch_proxy"", ""state_observation_agreement"", ""state_proxy_agreement"", ""td_error_abs_mean"", ""td_error_mean"", ""td_error_std""]",1.0,1.0,1.0,1.0
ppo,factorial,combined,0.1,8,72.0,1.0,1.0,1.0,1.0,1.0,1.0,20,"[[5, 0, 0, 0], [0, 5, 0, 0], [0, 0, 5, 0], [0, 0, 0, 5]]","[""action_diversity"", ""audited_intended_mean"", ""audited_proxy_mean"", ""episode_length"", ""history_dependence"", ""intended_action0"", ""intended_action1"", ""observation_coverage"", ""observation_entropy"", ""policy_entropy_mean"", ""reward_audit_disagreement"", ""reward_change"", ""reward_mean"", ""reward_slope"", ""reward_std"", ""state_action_match_proxy"", ""state_action_mismatch_proxy"", ""state_observation_agreement"", ""state_proxy_agreement"", ""td_error_abs_mean"", ""td_error_mean"", ""td_error_std""]",1.0,1.0,1.0,1.0
ppo,factorial,combined,0.1,16,144.0,1.0,1.0,1.0,1.0,1.0,1.0,20,"[[5, 0, 0, 0], [0, 5, 0, 0], [0, 0, 5, 0], [0, 0, 0, 5]]","[""action_diversity"", ""audited_intended_mean"", ""audited_proxy_mean"", ""episode_length"", ""history_dependence"", ""intended_action0"", ""intended_action1"", ""observation_coverage"", ""observation_entropy"", ""policy_entropy_mean"", ""reward_audit_disagreement"", ""reward_change"", ""reward_mean"", ""reward_slope"", ""reward_std"", ""state_action_match_proxy"", ""state_action_mismatch_proxy"", ""state_observation_agreement"", ""state_proxy_agreement"", ""td_error_abs_mean"", ""td_error_mean"", ""td_error_std""]",1.0,1.0,1.0,1.0
ppo,factorial,combined,0.1,32,288.0,1.0,1.0,1.0,1.0,1.0,1.0,20,"[[5, 0, 0, 0], [0, 5, 0, 0], [0, 0, 5, 0], [0, 0, 0, 5]]","[""action_diversity"", ""audited_intended_mean"", ""audited_proxy_mean"", ""episode_length"", ""history_dependence"", ""intended_action0"", ""intended_action1"", ""observation_coverage"", ""observation_entropy"", ""policy_entropy_mean"", ""reward_audit_disagreement"", ""reward_change"", ""reward_mean"", ""reward_slope"", ""reward_std"", ""state_action_match_proxy"", ""state_action_mismatch_proxy"", ""state_observation_agreement"", ""state_proxy_agreement"", ""td_error_abs_mean"", ""td_error_mean"", ""td_error_std""]",1.0,1.0,1.0,1.0
ppo,factorial,combined,0.1,64,576.0,1.0,1.0,1.0,1.0,1.0,1.0,20,"[[5, 0, 0, 0], [0, 5, 0, 0], [0, 0, 5, 0], [0, 0, 0, 5]]","[""action_diversity"", ""audited_intended_mean"", ""audited_proxy_mean"", ""episode_length"", ""history_dependence"", ""intended_action0"", ""intended_action1"", ""observation_coverage"", ""observation_entropy"", ""policy_entropy_mean"", ""reward_audit_disagreement"", ""reward_change"", ""reward_mean"", ""reward_slope"", ""reward_std"", ""state_action_match_proxy"", ""state_action_mismatch_proxy"", ""state_observation_agreement"", ""state_proxy_agreement"", ""td_error_abs_mean"", ""td_error_mean"", ""td_error_std""]",1.0,1.0,1.0,1.0
ppo,factorial,random,0.2,0,0.0,0.2,0.05,0.35,0.18636363636363634,0.038461538461538464,0.3242424242424242,20,"[[2, 2, 1, 0], [1, 0, 2, 2], [2, 0, 1, 2], [1, 1, 2, 1]]","[""action_diversity"", ""episode_length"", ""history_dependence"", ""observation_coverage"", ""observation_entropy"", ""policy_entropy_mean"", ""reward_change"", ""reward_mean"", ""reward_slope"", ""reward_std"", ""td_error_abs_mean"", ""td_error_mean"", ""td_error_std""]",0.4,0.0,0.2,0.2
ppo,factorial,reward_curve,0.2,0,0.0,0.30000000000000004,0.15,0.45,0.288034188034188,0.13636363636363635,0.37922077922077924,20,"[[2, 3, 0, 0], [5, 0, 0, 0], [1, 0, 2, 2], [0, 0, 3, 2]]","[""reward_change"", ""reward_mean"", ""reward_slope"", ""reward_std""]",0.4,0.0,0.4,0.4
ppo,factorial,training_statistics,0.2,0,0.0,0.7,0.55,0.8500000000000001,0.7000000000000001,0.5169413919413919,0.8494949494949495,20,"[[4, 1, 0, 0], [1, 4, 0, 0], [0, 0, 3, 2], [0, 0, 2, 3]]","[""action_diversity"", ""episode_length"", ""history_dependence"", ""observation_coverage"", ""observation_entropy"", ""policy_entropy_mean"", ""reward_change"", ""reward_mean"", ""reward_slope"", ""reward_std"", ""td_error_abs_mean"", ""td_error_mean"", ""td_error_std""]",0.8,0.8,0.6,0.6
ppo,factorial,state,0.2,4,20.0,1.0,1.0,1.0,1.0,1.0,1.0,20,"[[5, 0, 0, 0], [0, 5, 0, 0], [0, 0, 5, 0], [0, 0, 0, 5]]","[""action_diversity"", ""episode_length"", ""history_dependence"", ""observation_coverage"", ""observation_entropy"", ""policy_entropy_mean"", ""reward_change"", ""reward_mean"", ""reward_slope"", ""reward_std"", ""state_action_match_proxy"", ""state_action_mismatch_proxy"", ""state_observation_agreement"", ""state_proxy_agreement"", ""td_error_abs_mean"", ""td_error_mean"", ""td_error_std""]",1.0,1.0,1.0,1.0
ppo,factorial,state,0.2,8,40.0,1.0,1.0,1.0,1.0,1.0,1.0,20,"[[5, 0, 0, 0], [0, 5, 0, 0], [0, 0, 5, 0], [0, 0, 0, 5]]","[""action_diversity"", ""episode_length"", ""history_dependence"", ""observation_coverage"", ""observation_entropy"", ""policy_entropy_mean"", ""reward_change"", ""reward_mean"", ""reward_slope"", ""reward_std"", ""state_action_match_proxy"", ""state_action_mismatch_proxy"", ""state_observation_agreement"", ""state_proxy_agreement"", ""td_error_abs_mean"", ""td_error_mean"", ""td_error_std""]",1.0,1.0,1.0,1.0
ppo,factorial,state,0.2,16,80.0,1.0,1.0,1.0,1.0,1.0,1.0,20,"[[5, 0, 0, 0], [0, 5, 0, 0], [0, 0, 5, 0], [0, 0, 0, 5]]","[""action_diversity"", ""episode_length"", ""history_dependence"", ""observation_coverage"", ""observation_entropy"", ""policy_entropy_mean"", ""reward_change"", ""reward_mean"", ""reward_slope"", ""reward_std"", ""state_action_match_proxy"", ""state_action_mismatch_proxy"", ""state_observation_agreement"", ""state_proxy_agreement"", ""td_error_abs_mean"", ""td_error_mean"", ""td_error_std""]",1.0,1.0,1.0,1.0
ppo,factorial,state,0.2,32,160.0,1.0,1.0,1.0,1.0,1.0,1.0,20,"[[5, 0, 0, 0], [0, 5, 0, 0], [0, 0, 5, 0], [0, 0, 0, 5]]","[""action_diversity"", ""episode_length"", ""history_dependence"", ""observation_coverage"", ""observation_entropy"", ""policy_entropy_mean"", ""reward_change"", ""reward_mean"", ""reward_slope"", ""reward_std"", ""state_action_match_proxy"", ""state_action_mismatch_proxy"", ""state_observation_agreement"", ""state_proxy_agreement"", ""td_error_abs_mean"", ""td_error_mean"", ""td_error_std""]",1.0,1.0,1.0,1.0
ppo,factorial,state,0.2,64,320.0,1.0,1.0,1.0,1.0,1.0,1.0,20,"[[5, 0, 0, 0], [0, 5, 0, 0], [0, 0, 5, 0], [0, 0, 0, 5]]","[""action_diversity"", ""episode_length"", ""history_dependence"", ""observation_coverage"", ""observation_entropy"", ""policy_entropy_mean"", ""reward_change"", ""reward_mean"", ""reward_slope"", ""reward_std"", ""state_action_match_proxy"", ""state_action_mismatch_proxy"", ""state_observation_agreement"", ""state_proxy_agreement"", ""td_error_abs_mean"", ""td_error_mean"", ""td_error_std""]",1.0,1.0,1.0,1.0
ppo,factorial,reward,0.2,4,20.0,1.0,1.0,1.0,1.0,1.0,1.0,20,"[[5, 0, 0, 0], [0, 5, 0, 0], [0, 0, 5, 0], [0, 0, 0, 5]]","[""action_diversity"", ""audited_intended_mean"", ""audited_proxy_mean"", ""episode_length"", ""history_dependence"", ""intended_action0"", ""intended_action1"", ""observation_coverage"", ""observation_entropy"", ""policy_entropy_mean"", ""reward_audit_disagreement"", ""reward_change"", ""reward_mean"", ""reward_slope"", ""reward_std"", ""td_error_abs_mean"", ""td_error_mean"", ""td_error_std""]",1.0,1.0,1.0,1.0
ppo,factorial,reward,0.2,8,40.0,1.0,1.0,1.0,1.0,1.0,1.0,20,"[[5, 0, 0, 0], [0, 5, 0, 0], [0, 0, 5, 0], [0, 0, 0, 5]]","[""action_diversity"", ""audited_intended_mean"", ""audited_proxy_mean"", ""episode_length"", ""history_dependence"", ""intended_action0"", ""intended_action1"", ""observation_coverage"", ""observation_entropy"", ""policy_entropy_mean"", ""reward_audit_disagreement"", ""reward_change"", ""reward_mean"", ""reward_slope"", ""reward_std"", ""td_error_abs_mean"", ""td_error_mean"", ""td_error_std""]",1.0,1.0,1.0,1.0
ppo,factorial,reward,0.2,16,80.0,0.8500000000000001,0.55,1.0,0.8494949494949495,0.5351648351648352,1.0,20,"[[4, 1, 0, 0], [0, 5, 0, 0], [0, 0, 4, 1], [0, 0, 1, 4]]","[""action_diversity"", ""audited_intended_mean"", ""audited_proxy_mean"", ""episode_length"", ""history_dependence"", ""intended_action0"", ""intended_action1"", ""observation_coverage"", ""observation_entropy"", ""policy_entropy_mean"", ""reward_audit_disagreement"", ""reward_change"", ""reward_mean"", ""reward_slope"", ""reward_std"", ""td_error_abs_mean"", ""td_error_mean"", ""td_error_std""]",0.8,1.0,0.8,0.8
ppo,factorial,reward,0.2,32,160.0,0.95,0.85,1.0,0.9494949494949495,0.8351648351648351,1.0,20,"[[5, 0, 0, 0], [0, 5, 0, 0], [0, 0, 5, 0], [0, 0, 1, 4]]","[""action_diversity"", ""audited_intended_mean"", ""audited_proxy_mean"", ""episode_length"", ""history_dependence"", ""intended_action0"", ""intended_action1"", ""observation_coverage"", ""observation_entropy"", ""policy_entropy_mean"", ""reward_audit_disagreement"", ""reward_change"", ""reward_mean"", ""reward_slope"", ""reward_std"", ""td_error_abs_mean"", ""td_error_mean"", ""td_error_std""]",1.0,1.0,1.0,0.8
ppo,factorial,reward,0.2,64,320.0,0.95,0.85,1.0,0.9494949494949495,0.8351648351648351,1.0,20,"[[5, 0, 0, 0], [0, 5, 0, 0], [0, 0, 5, 0], [0, 0, 1, 4]]","[""action_diversity"", ""audited_intended_mean"", ""audited_proxy_mean"", ""episode_length"", ""history_dependence"", ""intended_action0"", ""intended_action1"", ""observation_coverage"", ""observation_entropy"", ""policy_entropy_mean"", ""reward_audit_disagreement"", ""reward_change"", ""reward_mean"", ""reward_slope"", ""reward_std"", ""td_error_abs_mean"", ""td_error_mean"", ""td_error_std""]",1.0,1.0,1.0,0.8
ppo,factorial,combined,0.2,4,36.0,1.0,1.0,1.0,1.0,1.0,1.0,20,"[[5, 0, 0, 0], [0, 5, 0, 0], [0, 0, 5, 0], [0, 0, 0, 5]]","[""action_diversity"", ""audited_intended_mean"", ""audited_proxy_mean"", ""episode_length"", ""history_dependence"", ""intended_action0"", ""intended_action1"", ""observation_coverage"", ""observation_entropy"", ""policy_entropy_mean"", ""reward_audit_disagreement"", ""reward_change"", ""reward_mean"", ""reward_slope"", ""reward_std"", ""state_action_match_proxy"", ""state_action_mismatch_proxy"", ""state_observation_agreement"", ""state_proxy_agreement"", ""td_error_abs_mean"", ""td_error_mean"", ""td_error_std""]",1.0,1.0,1.0,1.0
ppo,factorial,combined,0.2,8,72.0,1.0,1.0,1.0,1.0,1.0,1.0,20,"[[5, 0, 0, 0], [0, 5, 0, 0], [0, 0, 5, 0], [0, 0, 0, 5]]","[""action_diversity"", ""audited_intended_mean"", ""audited_proxy_mean"", ""episode_length"", ""history_dependence"", ""intended_action0"", ""intended_action1"", ""observation_coverage"", ""observation_entropy"", ""policy_entropy_mean"", ""reward_audit_disagreement"", ""reward_change"", ""reward_mean"", ""reward_slope"", ""reward_std"", ""state_action_match_proxy"", ""state_action_mismatch_proxy"", ""state_observation_agreement"", ""state_proxy_agreement"", ""td_error_abs_mean"", ""td_error_mean"", ""td_error_std""]",1.0,1.0,1.0,1.0
ppo,factorial,combined,0.2,16,144.0,1.0,1.0,1.0,1.0,1.0,1.0,20,"[[5, 0, 0, 0], [0, 5, 0, 0], [0, 0, 5, 0], [0, 0, 0, 5]]","[""action_diversity"", ""audited_intended_mean"", ""audited_proxy_mean"", ""episode_length"", ""history_dependence"", ""intended_action0"", ""intended_action1"", ""observation_coverage"", ""observation_entropy"", ""policy_entropy_mean"", ""reward_audit_disagreement"", ""reward_change"", ""reward_mean"", ""reward_slope"", ""reward_std"", ""state_action_match_proxy"", ""state_action_mismatch_proxy"", ""state_observation_agreement"", ""state_proxy_agreement"", ""td_error_abs_mean"", ""td_error_mean"", ""td_error_std""]",1.0,1.0,1.0,1.0
ppo,factorial,combined,0.2,32,288.0,1.0,1.0,1.0,1.0,1.0,1.0,20,"[[5, 0, 0, 0], [0, 5, 0, 0], [0, 0, 5, 0], [0, 0, 0, 5]]","[""action_diversity"", ""audited_intended_mean"", ""audited_proxy_mean"", ""episode_length"", ""history_dependence"", ""intended_action0"", ""intended_action1"", ""observation_coverage"", ""observation_entropy"", ""policy_entropy_mean"", ""reward_audit_disagreement"", ""reward_change"", ""reward_mean"", ""reward_slope"", ""reward_std"", ""state_action_match_proxy"", ""state_action_mismatch_proxy"", ""state_observation_agreement"", ""state_proxy_agreement"", ""td_error_abs_mean"", ""td_error_mean"", ""td_error_std""]",1.0,1.0,1.0,1.0
ppo,factorial,combined,0.2,64,576.0,1.0,1.0,1.0,1.0,1.0,1.0,20,"[[5, 0, 0, 0], [0, 5, 0, 0], [0, 0, 5, 0], [0, 0, 0, 5]]","[""action_diversity"", ""audited_intended_mean"", ""audited_proxy_mean"", ""episode_length"", ""history_dependence"", ""intended_action0"", ""intended_action1"", ""observation_coverage"", ""observation_entropy"", ""policy_entropy_mean"", ""reward_audit_disagreement"", ""reward_change"", ""reward_mean"", ""reward_slope"", ""reward_std"", ""state_action_match_proxy"", ""state_action_mismatch_proxy"", ""state_observation_agreement"", ""state_proxy_agreement"", ""td_error_abs_mean"", ""td_error_mean"", ""td_error_std""]",1.0,1.0,1.0,1.0
ppo,matched,random,0.05,0,0.0,0.30000000000000004,0.1,0.5,0.29292929292929293,0.09090909090909091,0.4949494949494949,10,"[[2, 3], [4, 1]]","[""action_diversity"", ""episode_length"", ""history_dependence"", ""observation_coverage"", ""observation_entropy"", ""policy_entropy_mean"", ""reward_change"", ""reward_mean"", ""reward_slope"", ""reward_std"", ""td_error_abs_mean"", ""td_error_mean"", ""td_error_std""]",,0.2,0.4,
ppo,matched,reward_curve,0.05,0,0.0,0.30000000000000004,0.1,0.5,0.29292929292929293,0.09090909090909091,0.47385947385947286,10,"[[2, 3], [4, 1]]","[""reward_change"", ""reward_mean"", ""reward_slope"", ""reward_std""]",,0.2,0.4,
ppo,matched,training_statistics,0.05,0,0.0,0.30000000000000004,0.1,0.5,0.29292929292929293,0.09090909090909091,0.45054945054945056,10,"[[2, 3], [4, 1]]","[""action_diversity"", ""episode_length"", ""history_dependence"", ""observation_coverage"", ""observation_entropy"", ""policy_entropy_mean"", ""reward_change"", ""reward_mean"", ""reward_slope"", ""reward_std"", ""td_error_abs_mean"", ""td_error_mean"", ""td_error_std""]",,0.2,0.4,
ppo,matched,state,0.05,4,20.0,0.30000000000000004,0.1,0.5,0.29292929292929293,0.09090909090909091,0.4949494949494949,10,"[[2, 3], [4, 1]]","[""action_diversity"", ""episode_length"", ""history_dependence"", ""observation_coverage"", ""observation_entropy"", ""policy_entropy_mean"", ""reward_change"", ""reward_mean"", ""reward_slope"", ""reward_std"", ""state_action_match_proxy"", ""state_action_mismatch_proxy"", ""state_observation_agreement"", ""state_proxy_agreement"", ""td_error_abs_mean"", ""td_error_mean"", ""td_error_std""]",,0.2,0.4,
ppo,matched,state,0.05,8,40.0,0.7,0.5,0.9,0.696969696969697,0.45054945054945056,0.898989898989899,10,"[[4, 1], [2, 3]]","[""action_diversity"", ""episode_length"", ""history_dependence"", ""observation_coverage"", ""observation_entropy"", ""policy_entropy_mean"", ""reward_change"", ""reward_mean"", ""reward_slope"", ""reward_std"", ""state_action_match_proxy"", ""state_action_mismatch_proxy"", ""state_observation_agreement"", ""state_proxy_agreement"", ""td_error_abs_mean"", ""td_error_mean"", ""td_error_std""]",,0.6,0.8,
ppo,matched,state,0.05,16,80.0,1.0,1.0,1.0,1.0,1.0,1.0,10,"[[5, 0], [0, 5]]","[""action_diversity"", ""episode_length"", ""history_dependence"", ""observation_coverage"", ""observation_entropy"", ""policy_entropy_mean"", ""reward_change"", ""reward_mean"", ""reward_slope"", ""reward_std"", ""state_action_match_proxy"", ""state_action_mismatch_proxy"", ""state_observation_agreement"", ""state_proxy_agreement"", ""td_error_abs_mean"", ""td_error_mean"", ""td_error_std""]",,1.0,1.0,
ppo,matched,state,0.05,32,160.0,1.0,1.0,1.0,1.0,1.0,1.0,10,"[[5, 0], [0, 5]]","[""action_diversity"", ""episode_length"", ""history_dependence"", ""observation_coverage"", ""observation_entropy"", ""policy_entropy_mean"", ""reward_change"", ""reward_mean"", ""reward_slope"", ""reward_std"", ""state_action_match_proxy"", ""state_action_mismatch_proxy"", ""state_observation_agreement"", ""state_proxy_agreement"", ""td_error_abs_mean"", ""td_error_mean"", ""td_error_std""]",,1.0,1.0,
ppo,matched,state,0.05,64,320.0,1.0,1.0,1.0,1.0,1.0,1.0,10,"[[5, 0], [0, 5]]","[""action_diversity"", ""episode_length"", ""history_dependence"", ""observation_coverage"", ""observation_entropy"", ""policy_entropy_mean"", ""reward_change"", ""reward_mean"", ""reward_slope"", ""reward_std"", ""state_action_match_proxy"", ""state_action_mismatch_proxy"", ""state_observation_agreement"", ""state_proxy_agreement"", ""td_error_abs_mean"", ""td_error_mean"", ""td_error_std""]",,1.0,1.0,
ppo,matched,reward,0.05,4,20.0,0.8,0.6,1.0,0.8,0.5833333333333333,1.0,10,"[[4, 1], [1, 4]]","[""action_diversity"", ""audited_intended_mean"", ""audited_proxy_mean"", ""episode_length"", ""history_dependence"", ""intended_action0"", ""intended_action1"", ""observation_coverage"", ""observation_entropy"", ""policy_entropy_mean"", ""reward_audit_disagreement"", ""reward_change"", ""reward_mean"", ""reward_slope"", ""reward_std"", ""td_error_abs_mean"", ""td_error_mean"", ""td_error_std""]",,0.8,0.8,
ppo,matched,reward,0.05,8,40.0,1.0,1.0,1.0,1.0,1.0,1.0,10,"[[5, 0], [0, 5]]","[""action_diversity"", ""audited_intended_mean"", ""audited_proxy_mean"", ""episode_length"", ""history_dependence"", ""intended_action0"", ""intended_action1"", ""observation_coverage"", ""observation_entropy"", ""policy_entropy_mean"", ""reward_audit_disagreement"", ""reward_change"", ""reward_mean"", ""reward_slope"", ""reward_std"", ""td_error_abs_mean"", ""td_error_mean"", ""td_error_std""]",,1.0,1.0,
ppo,matched,reward,0.05,16,80.0,1.0,1.0,1.0,1.0,1.0,1.0,10,"[[5, 0], [0, 5]]","[""action_diversity"", ""audited_intended_mean"", ""audited_proxy_mean"", ""episode_length"", ""history_dependence"", ""intended_action0"", ""intended_action1"", ""observation_coverage"", ""observation_entropy"", ""policy_entropy_mean"", ""reward_audit_disagreement"", ""reward_change"", ""reward_mean"", ""reward_slope"", ""reward_std"", ""td_error_abs_mean"", ""td_error_mean"", ""td_error_std""]",,1.0,1.0,
ppo,matched,reward,0.05,32,160.0,1.0,1.0,1.0,1.0,1.0,1.0,10,"[[5, 0], [0, 5]]","[""action_diversity"", ""audited_intended_mean"", ""audited_proxy_mean"", ""episode_length"", ""history_dependence"", ""intended_action0"", ""intended_action1"", ""observation_coverage"", ""observation_entropy"", ""policy_entropy_mean"", ""reward_audit_disagreement"", ""reward_change"", ""reward_mean"", ""reward_slope"", ""reward_std"", ""td_error_abs_mean"", ""td_error_mean"", ""td_error_std""]",,1.0,1.0,
ppo,matched,reward,0.05,64,320.0,1.0,1.0,1.0,1.0,1.0,1.0,10,"[[5, 0], [0, 5]]","[""action_diversity"", ""audited_intended_mean"", ""audited_proxy_mean"", ""episode_length"", ""history_dependence"", ""intended_action0"", ""intended_action1"", ""observation_coverage"", ""observation_entropy"", ""policy_entropy_mean"", ""reward_audit_disagreement"", ""reward_change"", ""reward_mean"", ""reward_slope"", ""reward_std"", ""td_error_abs_mean"", ""td_error_mean"", ""td_error_std""]",,1.0,1.0,
ppo,matched,combined,0.05,4,36.0,0.8,0.6,1.0,0.8,0.5833333333333333,1.0,10,"[[4, 1], [1, 4]]","[""action_diversity"", ""audited_intended_mean"", ""audited_proxy_mean"", ""episode_length"", ""history_dependence"", ""intended_action0"", ""intended_action1"", ""observation_coverage"", ""observation_entropy"", ""policy_entropy_mean"", ""reward_audit_disagreement"", ""reward_change"", ""reward_mean"", ""reward_slope"", ""reward_std"", ""state_action_match_proxy"", ""state_action_mismatch_proxy"", ""state_observation_agreement"", ""state_proxy_agreement"", ""td_error_abs_mean"", ""td_error_mean"", ""td_error_std""]",,0.8,0.8,
ppo,matched,combined,0.05,8,72.0,1.0,1.0,1.0,1.0,1.0,1.0,10,"[[5, 0], [0, 5]]","[""action_diversity"", ""audited_intended_mean"", ""audited_proxy_mean"", ""episode_length"", ""history_dependence"", ""intended_action0"", ""intended_action1"", ""observation_coverage"", ""observation_entropy"", ""policy_entropy_mean"", ""reward_audit_disagreement"", ""reward_change"", ""reward_mean"", ""reward_slope"", ""reward_std"", ""state_action_match_proxy"", ""state_action_mismatch_proxy"", ""state_observation_agreement"", ""state_proxy_agreement"", ""td_error_abs_mean"", ""td_error_mean"", ""td_error_std""]",,1.0,1.0,
ppo,matched,combined,0.05,16,144.0,1.0,1.0,1.0,1.0,1.0,1.0,10,"[[5, 0], [0, 5]]","[""action_diversity"", ""audited_intended_mean"", ""audited_proxy_mean"", ""episode_length"", ""history_dependence"", ""intended_action0"", ""intended_action1"", ""observation_coverage"", ""observation_entropy"", ""policy_entropy_mean"", ""reward_audit_disagreement"", ""reward_change"", ""reward_mean"", ""reward_slope"", ""reward_std"", ""state_action_match_proxy"", ""state_action_mismatch_proxy"", ""state_observation_agreement"", ""state_proxy_agreement"", ""td_error_abs_mean"", ""td_error_mean"", ""td_error_std""]",,1.0,1.0,
ppo,matched,combined,0.05,32,288.0,1.0,1.0,1.0,1.0,1.0,1.0,10,"[[5, 0], [0, 5]]","[""action_diversity"", ""audited_intended_mean"", ""audited_proxy_mean"", ""episode_length"", ""history_dependence"", ""intended_action0"", ""intended_action1"", ""observation_coverage"", ""observation_entropy"", ""policy_entropy_mean"", ""reward_audit_disagreement"", ""reward_change"", ""reward_mean"", ""reward_slope"", ""reward_std"", ""state_action_match_proxy"", ""state_action_mismatch_proxy"", ""state_observation_agreement"", ""state_proxy_agreement"", ""td_error_abs_mean"", ""td_error_mean"", ""td_error_std""]",,1.0,1.0,
ppo,matched,combined,0.05,64,576.0,1.0,1.0,1.0,1.0,1.0,1.0,10,"[[5, 0], [0, 5]]","[""action_diversity"", ""audited_intended_mean"", ""audited_proxy_mean"", ""episode_length"", ""history_dependence"", ""intended_action0"", ""intended_action1"", ""observation_coverage"", ""observation_entropy"", ""policy_entropy_mean"", ""reward_audit_disagreement"", ""reward_change"", ""reward_mean"", ""reward_slope"", ""reward_std"", ""state_action_match_proxy"", ""state_action_mismatch_proxy"", ""state_observation_agreement"", ""state_proxy_agreement"", ""td_error_abs_mean"", ""td_error_mean"", ""td_error_std""]",,1.0,1.0,
ppo,matched,random,0.1,0,0.0,0.30000000000000004,0.1,0.5,0.29292929292929293,0.09090909090909091,0.4949494949494949,10,"[[2, 3], [4, 1]]","[""action_diversity"", ""episode_length"", ""history_dependence"", ""observation_coverage"", ""observation_entropy"", ""policy_entropy_mean"", ""reward_change"", ""reward_mean"", ""reward_slope"", ""reward_std"", ""td_error_abs_mean"", ""td_error_mean"", ""td_error_std""]",,0.2,0.4,
ppo,matched,reward_curve,0.1,0,0.0,0.6000000000000001,0.3,0.9,0.5833333333333333,0.23076923076923078,0.898989898989899,10,"[[2, 3], [1, 4]]","[""reward_change"", ""reward_mean"", ""reward_slope"", ""reward_std""]",,0.8,0.4,
ppo,matched,training_statistics,0.1,0,0.0,0.4,0.2,0.5,0.375,0.16666666666666666,0.4949494949494949,10,"[[1, 4], [2, 3]]","[""action_diversity"", ""episode_length"", ""history_dependence"", ""observation_coverage"", ""observation_entropy"", ""policy_entropy_mean"", ""reward_change"", ""reward_mean"", ""reward_slope"", ""reward_std"", ""td_error_abs_mean"", ""td_error_mean"", ""td_error_std""]",,0.6,0.2,
ppo,matched,state,0.1,4,20.0,0.4,0.1,0.7,0.375,0.09090909090909091,0.696969696969697,10,"[[1, 4], [2, 3]]","[""action_diversity"", ""episode_length"", ""history_dependence"", ""observation_coverage"", ""observation_entropy"", ""policy_entropy_mean"", ""reward_change"", ""reward_mean"", ""reward_slope"", ""reward_std"", ""state_action_match_proxy"", ""state_action_mismatch_proxy"", ""state_observation_agreement"", ""state_proxy_agreement"", ""td_error_abs_mean"", ""td_error_mean"", ""td_error_std""]",,0.6,0.2,
ppo,matched,state,0.1,8,40.0,0.7,0.5,0.9,0.696969696969697,0.4949494949494949,0.898989898989899,10,"[[4, 1], [2, 3]]","[""action_diversity"", ""episode_length"", ""history_dependence"", ""observation_coverage"", ""observation_entropy"", ""policy_entropy_mean"", ""reward_change"", ""reward_mean"", ""reward_slope"", ""reward_std"", ""state_action_match_proxy"", ""state_action_mismatch_proxy"", ""state_observation_agreement"", ""state_proxy_agreement"", ""td_error_abs_mean"", ""td_error_mean"", ""td_error_std""]",,0.6,0.8,
ppo,matched,state,0.1,16,80.0,1.0,1.0,1.0,1.0,1.0,1.0,10,"[[5, 0], [0, 5]]","[""action_diversity"", ""episode_length"", ""history_dependence"", ""observation_coverage"", ""observation_entropy"", ""policy_entropy_mean"", ""reward_change"", ""reward_mean"", ""reward_slope"", ""reward_std"", ""state_action_match_proxy"", ""state_action_mismatch_proxy"", ""state_observation_agreement"", ""state_proxy_agreement"", ""td_error_abs_mean"", ""td_error_mean"", ""td_error_std""]",,1.0,1.0,
ppo,matched,state,0.1,32,160.0,1.0,1.0,1.0,1.0,1.0,1.0,10,"[[5, 0], [0, 5]]","[""action_diversity"", ""episode_length"", ""history_dependence"", ""observation_coverage"", ""observation_entropy"", ""policy_entropy_mean"", ""reward_change"", ""reward_mean"", ""reward_slope"", ""reward_std"", ""state_action_match_proxy"", ""state_action_mismatch_proxy"", ""state_observation_agreement"", ""state_proxy_agreement"", ""td_error_abs_mean"", ""td_error_mean"", ""td_error_std""]",,1.0,1.0,
ppo,matched,state,0.1,64,320.0,1.0,1.0,1.0,1.0,1.0,1.0,10,"[[5, 0], [0, 5]]","[""action_diversity"", ""episode_length"", ""history_dependence"", ""observation_coverage"", ""observation_entropy"", ""policy_entropy_mean"", ""reward_change"", ""reward_mean"", ""reward_slope"", ""reward_std"", ""state_action_match_proxy"", ""state_action_mismatch_proxy"", ""state_observation_agreement"", ""state_proxy_agreement"", ""td_error_abs_mean"", ""td_error_mean"", ""td_error_std""]",,1.0,1.0,
ppo,matched,reward,0.1,4,20.0,0.9,0.7,1.0,0.898989898989899,0.6703296703296704,1.0,10,"[[4, 1], [0, 5]]","[""action_diversity"", ""audited_intended_mean"", ""audited_proxy_mean"", ""episode_length"", ""history_dependence"", ""intended_action0"", ""intended_action1"", ""observation_coverage"", ""observation_entropy"", ""policy_entropy_mean"", ""reward_audit_disagreement"", ""reward_change"", ""reward_mean"", ""reward_slope"", ""reward_std"", ""td_error_abs_mean"", ""td_error_mean"", ""td_error_std""]",,1.0,0.8,
ppo,matched,reward,0.1,8,40.0,1.0,1.0,1.0,1.0,1.0,1.0,10,"[[5, 0], [0, 5]]","[""action_diversity"", ""audited_intended_mean"", ""audited_proxy_mean"", ""episode_length"", ""history_dependence"", ""intended_action0"", ""intended_action1"", ""observation_coverage"", ""observation_entropy"", ""policy_entropy_mean"", ""reward_audit_disagreement"", ""reward_change"", ""reward_mean"", ""reward_slope"", ""reward_std"", ""td_error_abs_mean"", ""td_error_mean"", ""td_error_std""]",,1.0,1.0,
ppo,matched,reward,0.1,16,80.0,0.9,0.7,1.0,0.898989898989899,0.6703296703296704,1.0,10,"[[4, 1], [0, 5]]","[""action_diversity"", ""audited_intended_mean"", ""audited_proxy_mean"", ""episode_length"", ""history_dependence"", ""intended_action0"", ""intended_action1"", ""observation_coverage"", ""observation_entropy"", ""policy_entropy_mean"", ""reward_audit_disagreement"", ""reward_change"", ""reward_mean"", ""reward_slope"", ""reward_std"", ""td_error_abs_mean"", ""td_error_mean"", ""td_error_std""]",,1.0,0.8,
ppo,matched,reward,0.1,32,160.0,0.9,0.7,1.0,0.898989898989899,0.6703296703296704,1.0,10,"[[4, 1], [0, 5]]","[""action_diversity"", ""audited_intended_mean"", ""audited_proxy_mean"", ""episode_length"", ""history_dependence"", ""intended_action0"", ""intended_action1"", ""observation_coverage"", ""observation_entropy"", ""policy_entropy_mean"", ""reward_audit_disagreement"", ""reward_change"", ""reward_mean"", ""reward_slope"", ""reward_std"", ""td_error_abs_mean"", ""td_error_mean"", ""td_error_std""]",,1.0,0.8,
ppo,matched,reward,0.1,64,320.0,1.0,1.0,1.0,1.0,1.0,1.0,10,"[[5, 0], [0, 5]]","[""action_diversity"", ""audited_intended_mean"", ""audited_proxy_mean"", ""episode_length"", ""history_dependence"", ""intended_action0"", ""intended_action1"", ""observation_coverage"", ""observation_entropy"", ""policy_entropy_mean"", ""reward_audit_disagreement"", ""reward_change"", ""reward_mean"", ""reward_slope"", ""reward_std"", ""td_error_abs_mean"", ""td_error_mean"", ""td_error_std""]",,1.0,1.0,
ppo,matched,combined,0.1,4,36.0,1.0,1.0,1.0,1.0,1.0,1.0,10,"[[5, 0], [0, 5]]","[""action_diversity"", ""audited_intended_mean"", ""audited_proxy_mean"", ""episode_length"", ""history_dependence"", ""intended_action0"", ""intended_action1"", ""observation_coverage"", ""observation_entropy"", ""policy_entropy_mean"", ""reward_audit_disagreement"", ""reward_change"", ""reward_mean"", ""reward_slope"", ""reward_std"", ""state_action_match_proxy"", ""state_action_mismatch_proxy"", ""state_observation_agreement"", ""state_proxy_agreement"", ""td_error_abs_mean"", ""td_error_mean"", ""td_error_std""]",,1.0,1.0,
ppo,matched,combined,0.1,8,72.0,1.0,1.0,1.0,1.0,1.0,1.0,10,"[[5, 0], [0, 5]]","[""action_diversity"", ""audited_intended_mean"", ""audited_proxy_mean"", ""episode_length"", ""history_dependence"", ""intended_action0"", ""intended_action1"", ""observation_coverage"", ""observation_entropy"", ""policy_entropy_mean"", ""reward_audit_disagreement"", ""reward_change"", ""reward_mean"", ""reward_slope"", ""reward_std"", ""state_action_match_proxy"", ""state_action_mismatch_proxy"", ""state_observation_agreement"", ""state_proxy_agreement"", ""td_error_abs_mean"", ""td_error_mean"", ""td_error_std""]",,1.0,1.0,
ppo,matched,combined,0.1,16,144.0,1.0,1.0,1.0,1.0,1.0,1.0,10,"[[5, 0], [0, 5]]","[""action_diversity"", ""audited_intended_mean"", ""audited_proxy_mean"", ""episode_length"", ""history_dependence"", ""intended_action0"", ""intended_action1"", ""observation_coverage"", ""observation_entropy"", ""policy_entropy_mean"", ""reward_audit_disagreement"", ""reward_change"", ""reward_mean"", ""reward_slope"", ""reward_std"", ""state_action_match_proxy"", ""state_action_mismatch_proxy"", ""state_observation_agreement"", ""state_proxy_agreement"", ""td_error_abs_mean"", ""td_error_mean"", ""td_error_std""]",,1.0,1.0,
ppo,matched,combined,0.1,32,288.0,1.0,1.0,1.0,1.0,1.0,1.0,10,"[[5, 0], [0, 5]]","[""action_diversity"", ""audited_intended_mean"", ""audited_proxy_mean"", ""episode_length"", ""history_dependence"", ""intended_action0"", ""intended_action1"", ""observation_coverage"", ""observation_entropy"", ""policy_entropy_mean"", ""reward_audit_disagreement"", ""reward_change"", ""reward_mean"", ""reward_slope"", ""reward_std"", ""state_action_match_proxy"", ""state_action_mismatch_proxy"", ""state_observation_agreement"", ""state_proxy_agreement"", ""td_error_abs_mean"", ""td_error_mean"", ""td_error_std""]",,1.0,1.0,
ppo,matched,combined,0.1,64,576.0,1.0,1.0,1.0,1.0,1.0,1.0,10,"[[5, 0], [0, 5]]","[""action_diversity"", ""audited_intended_mean"", ""audited_proxy_mean"", ""episode_length"", ""history_dependence"", ""intended_action0"", ""intended_action1"", ""observation_coverage"", ""observation_entropy"", ""policy_entropy_mean"", ""reward_audit_disagreement"", ""reward_change"", ""reward_mean"", ""reward_slope"", ""reward_std"", ""state_action_match_proxy"", ""state_action_mismatch_proxy"", ""state_observation_agreement"", ""state_proxy_agreement"", ""td_error_abs_mean"", ""td_error_mean"", ""td_error_std""]",,1.0,1.0,
ppo,matched,random,0.2,0,0.0,0.30000000000000004,0.1,0.5,0.29292929292929293,0.09090909090909091,0.4949494949494949,10,"[[2, 3], [4, 1]]","[""action_diversity"", ""episode_length"", ""history_dependence"", ""observation_coverage"", ""observation_entropy"", ""policy_entropy_mean"", ""reward_change"", ""reward_mean"", ""reward_slope"", ""reward_std"", ""td_error_abs_mean"", ""td_error_mean"", ""td_error_std""]",,0.2,0.4,
ppo,matched,reward_curve,0.2,0,0.0,0.6,0.5,0.8,0.6,0.45054945054945056,0.7960416666666665,10,"[[3, 2], [2, 3]]","[""reward_change"", ""reward_mean"", ""reward_slope"", ""reward_std""]",,0.6,0.6,
ppo,matched,training_statistics,0.2,0,0.0,0.5,0.5,0.5,0.4949494949494949,0.3333333333333333,0.4949494949494949,10,"[[3, 2], [3, 2]]","[""action_diversity"", ""episode_length"", ""history_dependence"", ""observation_coverage"", ""observation_entropy"", ""policy_entropy_mean"", ""reward_change"", ""reward_mean"", ""reward_slope"", ""reward_std"", ""td_error_abs_mean"", ""td_error_mean"", ""td_error_std""]",,0.4,0.6,
ppo,matched,state,0.2,4,20.0,0.5,0.2,0.8,0.4949494949494949,0.2,0.7916666666666667,10,"[[2, 3], [2, 3]]","[""action_diversity"", ""episode_length"", ""history_dependence"", ""observation_coverage"", ""observation_entropy"", ""policy_entropy_mean"", ""reward_change"", ""reward_mean"", ""reward_slope"", ""reward_std"", ""state_action_match_proxy"", ""state_action_mismatch_proxy"", ""state_observation_agreement"", ""state_proxy_agreement"", ""td_error_abs_mean"", ""td_error_mean"", ""td_error_std""]",,0.6,0.4,
ppo,matched,state,0.2,8,40.0,1.0,1.0,1.0,1.0,1.0,1.0,10,"[[5, 0], [0, 5]]","[""action_diversity"", ""episode_length"", ""history_dependence"", ""observation_coverage"", ""observation_entropy"", ""policy_entropy_mean"", ""reward_change"", ""reward_mean"", ""reward_slope"", ""reward_std"", ""state_action_match_proxy"", ""state_action_mismatch_proxy"", ""state_observation_agreement"", ""state_proxy_agreement"", ""td_error_abs_mean"", ""td_error_mean"", ""td_error_std""]",,1.0,1.0,
ppo,matched,state,0.2,16,80.0,1.0,1.0,1.0,1.0,1.0,1.0,10,"[[5, 0], [0, 5]]","[""action_diversity"", ""episode_length"", ""history_dependence"", ""observation_coverage"", ""observation_entropy"", ""policy_entropy_mean"", ""reward_change"", ""reward_mean"", ""reward_slope"", ""reward_std"", ""state_action_match_proxy"", ""state_action_mismatch_proxy"", ""state_observation_agreement"", ""state_proxy_agreement"", ""td_error_abs_mean"", ""td_error_mean"", ""td_error_std""]",,1.0,1.0,
ppo,matched,state,0.2,32,160.0,1.0,1.0,1.0,1.0,1.0,1.0,10,"[[5, 0], [0, 5]]","[""action_diversity"", ""episode_length"", ""history_dependence"", ""observation_coverage"", ""observation_entropy"", ""policy_entropy_mean"", ""reward_change"", ""reward_mean"", ""reward_slope"", ""reward_std"", ""state_action_match_proxy"", ""state_action_mismatch_proxy"", ""state_observation_agreement"", ""state_proxy_agreement"", ""td_error_abs_mean"", ""td_error_mean"", ""td_error_std""]",,1.0,1.0,
ppo,matched,state,0.2,64,320.0,1.0,1.0,1.0,1.0,1.0,1.0,10,"[[5, 0], [0, 5]]","[""action_diversity"", ""episode_length"", ""history_dependence"", ""observation_coverage"", ""observation_entropy"", ""policy_entropy_mean"", ""reward_change"", ""reward_mean"", ""reward_slope"", ""reward_std"", ""state_action_match_proxy"", ""state_action_mismatch_proxy"", ""state_observation_agreement"", ""state_proxy_agreement"", ""td_error_abs_mean"", ""td_error_mean"", ""td_error_std""]",,1.0,1.0,
ppo,matched,reward,0.2,4,20.0,0.9,0.7,1.0,0.898989898989899,0.6703296703296704,1.0,10,"[[4, 1], [0, 5]]","[""action_diversity"", ""audited_intended_mean"", ""audited_proxy_mean"", ""episode_length"", ""history_dependence"", ""intended_action0"", ""intended_action1"", ""observation_coverage"", ""observation_entropy"", ""policy_entropy_mean"", ""reward_audit_disagreement"", ""reward_change"", ""reward_mean"", ""reward_slope"", ""reward_std"", ""td_error_abs_mean"", ""td_error_mean"", ""td_error_std""]",,1.0,0.8,
ppo,matched,reward,0.2,8,40.0,1.0,1.0,1.0,1.0,1.0,1.0,10,"[[5, 0], [0, 5]]","[""action_diversity"", ""audited_intended_mean"", ""audited_proxy_mean"", ""episode_length"", ""history_dependence"", ""intended_action0"", ""intended_action1"", ""observation_coverage"", ""observation_entropy"", ""policy_entropy_mean"", ""reward_audit_disagreement"", ""reward_change"", ""reward_mean"", ""reward_slope"", ""reward_std"", ""td_error_abs_mean"", ""td_error_mean"", ""td_error_std""]",,1.0,1.0,
ppo,matched,reward,0.2,16,80.0,1.0,1.0,1.0,1.0,1.0,1.0,10,"[[5, 0], [0, 5]]","[""action_diversity"", ""audited_intended_mean"", ""audited_proxy_mean"", ""episode_length"", ""history_dependence"", ""intended_action0"", ""intended_action1"", ""observation_coverage"", ""observation_entropy"", ""policy_entropy_mean"", ""reward_audit_disagreement"", ""reward_change"", ""reward_mean"", ""reward_slope"", ""reward_std"", ""td_error_abs_mean"", ""td_error_mean"", ""td_error_std""]",,1.0,1.0,
ppo,matched,reward,0.2,32,160.0,1.0,1.0,1.0,1.0,1.0,1.0,10,"[[5, 0], [0, 5]]","[""action_diversity"", ""audited_intended_mean"", ""audited_proxy_mean"", ""episode_length"", ""history_dependence"", ""intended_action0"", ""intended_action1"", ""observation_coverage"", ""observation_entropy"", ""policy_entropy_mean"", ""reward_audit_disagreement"", ""reward_change"", ""reward_mean"", ""reward_slope"", ""reward_std"", ""td_error_abs_mean"", ""td_error_mean"", ""td_error_std""]",,1.0,1.0,
ppo,matched,reward,0.2,64,320.0,1.0,1.0,1.0,1.0,1.0,1.0,10,"[[5, 0], [0, 5]]","[""action_diversity"", ""audited_intended_mean"", ""audited_proxy_mean"", ""episode_length"", ""history_dependence"", ""intended_action0"", ""intended_action1"", ""observation_coverage"", ""observation_entropy"", ""policy_entropy_mean"", ""reward_audit_disagreement"", ""reward_change"", ""reward_mean"", ""reward_slope"", ""reward_std"", ""td_error_abs_mean"", ""td_error_mean"", ""td_error_std""]",,1.0,1.0,
ppo,matched,combined,0.2,4,36.0,0.9,0.7,1.0,0.898989898989899,0.6703296703296704,1.0,10,"[[4, 1], [0, 5]]","[""action_diversity"", ""audited_intended_mean"", ""audited_proxy_mean"", ""episode_length"", ""history_dependence"", ""intended_action0"", ""intended_action1"", ""observation_coverage"", ""observation_entropy"", ""policy_entropy_mean"", ""reward_audit_disagreement"", ""reward_change"", ""reward_mean"", ""reward_slope"", ""reward_std"", ""state_action_match_proxy"", ""state_action_mismatch_proxy"", ""state_observation_agreement"", ""state_proxy_agreement"", ""td_error_abs_mean"", ""td_error_mean"", ""td_error_std""]",,1.0,0.8,
ppo,matched,combined,0.2,8,72.0,1.0,1.0,1.0,1.0,1.0,1.0,10,"[[5, 0], [0, 5]]","[""action_diversity"", ""audited_intended_mean"", ""audited_proxy_mean"", ""episode_length"", ""history_dependence"", ""intended_action0"", ""intended_action1"", ""observation_coverage"", ""observation_entropy"", ""policy_entropy_mean"", ""reward_audit_disagreement"", ""reward_change"", ""reward_mean"", ""reward_slope"", ""reward_std"", ""state_action_match_proxy"", ""state_action_mismatch_proxy"", ""state_observation_agreement"", ""state_proxy_agreement"", ""td_error_abs_mean"", ""td_error_mean"", ""td_error_std""]",,1.0,1.0,
ppo,matched,combined,0.2,16,144.0,1.0,1.0,1.0,1.0,1.0,1.0,10,"[[5, 0], [0, 5]]","[""action_diversity"", ""audited_intended_mean"", ""audited_proxy_mean"", ""episode_length"", ""history_dependence"", ""intended_action0"", ""intended_action1"", ""observation_coverage"", ""observation_entropy"", ""policy_entropy_mean"", ""reward_audit_disagreement"", ""reward_change"", ""reward_mean"", ""reward_slope"", ""reward_std"", ""state_action_match_proxy"", ""state_action_mismatch_proxy"", ""state_observation_agreement"", ""state_proxy_agreement"", ""td_error_abs_mean"", ""td_error_mean"", ""td_error_std""]",,1.0,1.0,
ppo,matched,combined,0.2,32,288.0,1.0,1.0,1.0,1.0,1.0,1.0,10,"[[5, 0], [0, 5]]","[""action_diversity"", ""audited_intended_mean"", ""audited_proxy_mean"", ""episode_length"", ""history_dependence"", ""intended_action0"", ""intended_action1"", ""observation_coverage"", ""observation_entropy"", ""policy_entropy_mean"", ""reward_audit_disagreement"", ""reward_change"", ""reward_mean"", ""reward_slope"", ""reward_std"", ""state_action_match_proxy"", ""state_action_mismatch_proxy"", ""state_observation_agreement"", ""state_proxy_agreement"", ""td_error_abs_mean"", ""td_error_mean"", ""td_error_std""]",,1.0,1.0,
ppo,matched,combined,0.2,64,576.0,1.0,1.0,1.0,1.0,1.0,1.0,10,"[[5, 0], [0, 5]]","[""action_diversity"", ""audited_intended_mean"", ""audited_proxy_mean"", ""episode_length"", ""history_dependence"", ""intended_action0"", ""intended_action1"", ""observation_coverage"", ""observation_entropy"", ""policy_entropy_mean"", ""reward_audit_disagreement"", ""reward_change"", ""reward_mean"", ""reward_slope"", ""reward_std"", ""state_action_match_proxy"", ""state_action_mismatch_proxy"", ""state_observation_agreement"", ""state_proxy_agreement"", ""td_error_abs_mean"", ""td_error_mean"", ""td_error_std""]",,1.0,1.0,
