run_id,benchmark,learner,seed,kind,probe_episode,observation,action,proxy_reward,intended_reward
run-f625b49130231099,factorial,tabular,0,reward,0,0,0,1.0,1.0
run-f625b49130231099,factorial,tabular,0,reward,1,1,1,1.0,1.0
run-f625b49130231099,factorial,tabular,0,reward,2,1,1,1.0,1.0
run-f625b49130231099,factorial,tabular,0,reward,3,0,1,0.0,0.0
run-f625b49130231099,factorial,tabular,0,reward,4,0,1,0.0,0.0
run-f625b49130231099,factorial,tabular,0,reward,5,0,0,1.0,1.0
run-f625b49130231099,factorial,tabular,0,reward,6,0,0,1.0,1.0
run-f625b49130231099,factorial,tabular,0,reward,7,0,1,0.0,0.0
run-f625b49130231099,factorial,tabular,0,reward,8,1,1,1.0,1.0
run-f625b49130231099,factorial,tabular,0,reward,9,0,0,1.0,1.0
run-f625b49130231099,factorial,tabular,0,reward,10,1,0,0.0,0.0
run-f625b49130231099,factorial,tabular,0,reward,11,0,0,1.0,1.0
run-f625b49130231099,factorial,tabular,0,reward,12,0,1,0.0,0.0
run-f625b49130231099,factorial,tabular,0,reward,13,1,1,1.0,1.0
run-f625b49130231099,factorial,tabular,0,reward,14,0,0,1.0,1.0
run-f625b49130231099,factorial,tabular,0,reward,15,0,0,1.0,1.0
run-f625b49130231099,factorial,tabular,0,reward,16,0,1,0.0,0.0
run-f625b49130231099,factorial,tabular,0,reward,17,0,1,0.0,0.0
run-f625b49130231099,factorial,tabular,0,reward,18,0,1,0.0,0.0
run-f625b49130231099,factorial,tabular,0,reward,19,0,1,0.0,0.0
run-f625b49130231099,factorial,tabular,0,reward,20,0,0,1.0,1.0
run-f625b49130231099,factorial,tabular,0,reward,21,1,0,0.0,0.0
run-f625b49130231099,factorial,tabular,0,reward,22,0,0,1.0,1.0
run-f625b49130231099,factorial,tabular,0,reward,23,0,0,1.0,1.0
run-f625b49130231099,factorial,tabular,0,reward,24,0,0,1.0,1.0
run-f625b49130231099,factorial,tabular,0,reward,25,0,0,1.0,1.0
run-f625b49130231099,factorial,tabular,0,reward,26,0,1,0.0,0.0
run-f625b49130231099,factorial,tabular,0,reward,27,0,0,1.0,1.0
run-f625b49130231099,factorial,tabular,0,reward,28,0,1,0.0,0.0
run-f625b49130231099,factorial,tabular,0,reward,29,0,0,1.0,1.0
run-f625b49130231099,factorial,tabular,0,reward,30,0,0,1.0,1.0
run-f625b49130231099,factorial,tabular,0,reward,31,1,0,0.0,0.0
run-f625b49130231099,factorial,tabular,0,reward,32,0,1,0.0,0.0
run-f625b49130231099,factorial,tabular,0,reward,33,0,1,0.0,0.0
run-f625b49130231099,factorial,tabular,0,reward,34,1,1,1.0,1.0
run-f625b49130231099,factorial,tabular,0,reward,35,0,0,1.0,1.0
run-f625b49130231099,factorial,tabular,0,reward,36,0,0,1.0,1.0
run-f625b49130231099,factorial,tabular,0,reward,37,0,0,1.0,1.0
run-f625b49130231099,factorial,tabular,0,reward,38,0,1,0.0,0.0
run-f625b49130231099,factorial,tabular,0,reward,39,0,1,0.0,0.0
run-f625b49130231099,factorial,tabular,0,reward,40,0,0,1.0,1.0
run-f625b49130231099,factorial,tabular,0,reward,41,1,1,1.0,1.0
run-f625b49130231099,factorial,tabular,0,reward,42,0,0,1.0,1.0
run-f625b49130231099,factorial,tabular,0,reward,43,1,1,1.0,1.0
run-f625b49130231099,factorial,tabular,0,reward,44,0,0,1.0,1.0
run-f625b49130231099,factorial,tabular,0,reward,45,0,1,0.0,0.0
run-f625b49130231099,factorial,tabular,0,reward,46,1,1,1.0,1.0
run-f625b49130231099,factorial,tabular,0,reward,47,0,0,1.0,1.0
run-f625b49130231099,factorial,tabular,0,reward,48,0,0,1.0,1.0
run-f625b49130231099,factorial,tabular,0,reward,49,1,1,1.0,1.0
run-f625b49130231099,factorial,tabular,0,reward,50,1,0,0.0,0.0
run-f625b49130231099,factorial,tabular,0,reward,51,0,0,1.0,1.0
run-f625b49130231099,factorial,tabular,0,reward,52,0,0,1.0,1.0
run-f625b49130231099,factorial,tabular,0,reward,53,0,1,0.0,0.0
run-f625b49130231099,factorial,tabular,0,reward,54,0,0,1.0,1.0
run-f625b49130231099,factorial,tabular,0,reward,55,0,1,0.0,0.0
run-f625b49130231099,factorial,tabular,0,reward,56,0,0,1.0,1.0
run-f625b49130231099,factorial,tabular,0,reward,57,1,1,1.0,1.0
run-f625b49130231099,factorial,tabular,0,reward,58,1,0,0.0,0.0
run-f625b49130231099,factorial,tabular,0,reward,59,1,1,1.0,1.0
run-f625b49130231099,factorial,tabular,0,reward,60,1,1,1.0,1.0
run-f625b49130231099,factorial,tabular,0,reward,61,0,1,0.0,0.0
run-f625b49130231099,factorial,tabular,0,reward,62,0,1,0.0,0.0
run-f625b49130231099,factorial,tabular,0,reward,63,1,1,1.0,1.0
run-fa5cb8108baa5163,factorial,tabular,1,reward,0,1,1,1.0,1.0
run-fa5cb8108baa5163,factorial,tabular,1,reward,1,1,0,0.0,0.0
run-fa5cb8108baa5163,factorial,tabular,1,reward,2,0,1,0.0,0.0
run-fa5cb8108baa5163,factorial,tabular,1,reward,3,0,1,0.0,0.0
run-fa5cb8108baa5163,factorial,tabular,1,reward,4,0,0,1.0,1.0
run-fa5cb8108baa5163,factorial,tabular,1,reward,5,0,0,1.0,1.0
run-fa5cb8108baa5163,factorial,tabular,1,reward,6,0,0,1.0,1.0
run-fa5cb8108baa5163,factorial,tabular,1,reward,7,1,0,0.0,0.0
run-fa5cb8108baa5163,factorial,tabular,1,reward,8,0,1,0.0,0.0
run-fa5cb8108baa5163,factorial,tabular,1,reward,9,1,0,0.0,0.0
run-fa5cb8108baa5163,factorial,tabular,1,reward,10,0,1,0.0,0.0
run-fa5cb8108baa5163,factorial,tabular,1,reward,11,0,1,0.0,0.0
run-fa5cb8108baa5163,factorial,tabular,1,reward,12,1,1,1.0,1.0
run-fa5cb8108baa5163,factorial,tabular,1,reward,13,0,0,1.0,1.0
run-fa5cb8108baa5163,factorial,tabular,1,reward,14,0,1,0.0,0.0
run-fa5cb8108baa5163,factorial,tabular,1,reward,15,0,0,1.0,1.0
run-fa5cb8108baa5163,factorial,tabular,1,reward,16,0,0,1.0,1.0
run-fa5cb8108baa5163,factorial,tabular,1,reward,17,0,1,0.0,0.0
run-fa5cb8108baa5163,factorial,tabular,1,reward,18,0,0,1.0,1.0
run-fa5cb8108baa5163,factorial,tabular,1,reward,19,0,0,1.0,1.0
run-fa5cb8108baa5163,factorial,tabular,1,reward,20,1,1,1.0,1.0
run-fa5cb8108baa5163,factorial,tabular,1,reward,21,0,1,0.0,0.0
run-fa5cb8108baa5163,factorial,tabular,1,reward,22,0,1,0.0,0.0
run-fa5cb8108baa5163,factorial,tabular,1,reward,23,0,1,0.0,0.0
run-fa5cb8108baa5163,factorial,tabular,1,reward,24,0,1,0.0,0.0
run-fa5cb8108baa5163,factorial,tabular,1,reward,25,0,1,0.0,0.0
run-fa5cb8108baa5163,factorial,tabular,1,reward,26,0,0,1.0,1.0
run-fa5cb8108baa5163,factorial,tabular,1,reward,27,0,0,1.0,1.0
run-fa5cb8108baa5163,factorial,tabular,1,reward,28,0,0,1.0,1.0
run-fa5cb8108baa5163,factorial,tabular,1,reward,29,0,0,1.0,1.0
run-fa5cb8108baa5163,factorial,tabular,1,reward,30,1,1,1.0,1.0
run-fa5cb8108baa5163,factorial,tabular,1,reward,31,0,0,1.0,1.0
run-fa5cb8108baa5163,factorial,tabular,1,reward,32,0,1,0.0,0.0
run-fa5cb8108baa5163,factorial,tabular,1,reward,33,1,0,0.0,0.0
run-fa5cb8108baa5163,factorial,tabular,1,reward,34,0,0,1.0,1.0
run-fa5cb8108baa5163,factorial,tabular,1,reward,35,0,1,0.0,0.0
run-fa5cb8108baa5163,factorial,tabular,1,reward,36,0,1,0.0,0.0
run-fa5cb8108baa5163,factorial,tabular,1,reward,37,0,0,1.0,1.0
run-fa5cb8108baa5163,factorial,tabular,1,reward,38,0,1,0.0,0.0
run-fa5cb8108baa5163,factorial,tabular,1,reward,39,0,1,0.0,0.0
run-fa5cb8108baa5163,factorial,tabular,1,reward,40,1,0,0.0,0.0
run-fa5cb8108baa5163,factorial,tabular,1,reward,41,0,1,0.0,0.0
run-fa5cb8108baa5163,factorial,tabular,1,reward,42,1,1,1.0,1.0
run-fa5cb8108baa5163,factorial,tabular,1,reward,43,0,1,0.0,0.0
run-fa5cb8108baa5163,factorial,tabular,1,reward,44,0,0,1.0,1.0
run-fa5cb8108baa5163,factorial,tabular,1,reward,45,1,1,1.0,1.0
run-fa5cb8108baa5163,factorial,tabular,1,reward,46,0,0,1.0,1.0
run-fa5cb8108baa5163,factorial,tabular,1,reward,47,0,0,1.0,1.0
run-fa5cb8108baa5163,factorial,tabular,1,reward,48,1,0,0.0,0.0
run-fa5cb8108baa5163,factorial,tabular,1,reward,49,1,0,0.0,0.0
run-fa5cb8108baa5163,factorial,tabular,1,reward,50,0,1,0.0,0.0
run-fa5cb8108baa5163,factorial,tabular,1,reward,51,0,0,1.0,1.0
run-fa5cb8108baa5163,factorial,tabular,1,reward,52,0,0,1.0,1.0
run-fa5cb8108baa5163,factorial,tabular,1,reward,53,0,1,0.0,0.0
run-fa5cb8108baa5163,factorial,tabular,1,reward,54,0,1,0.0,0.0
run-fa5cb8108baa5163,factorial,tabular,1,reward,55,0,1,0.0,0.0
run-fa5cb8108baa5163,factorial,tabular,1,reward,56,1,0,0.0,0.0
run-fa5cb8108baa5163,factorial,tabular,1,reward,57,1,0,0.0,0.0
run-fa5cb8108baa5163,factorial,tabular,1,reward,58,1,1,1.0,1.0
run-fa5cb8108baa5163,factorial,tabular,1,reward,59,1,1,1.0,1.0
run-fa5cb8108baa5163,factorial,tabular,1,reward,60,0,1,0.0,0.0
run-fa5cb8108baa5163,factorial,tabular,1,reward,61,0,0,1.0,1.0
run-fa5cb8108baa5163,factorial,tabular,1,reward,62,1,0,0.0,0.0
run-fa5cb8108baa5163,factorial,tabular,1,reward,63,1,0,0.0,0.0
run-d03a85fca5b653e5,factorial,tabular,2,reward,0,1,1,1.0,1.0
run-d03a85fca5b653e5,factorial,tabular,2,reward,1,0,1,0.0,0.0
run-d03a85fca5b653e5,factorial,tabular,2,reward,2,0,0,1.0,1.0
run-d03a85fca5b653e5,factorial,tabular,2,reward,3,0,1,0.0,0.0
run-d03a85fca5b653e5,factorial,tabular,2,reward,4,0,0,1.0,1.0
run-d03a85fca5b653e5,factorial,tabular,2,reward,5,0,0,1.0,1.0
run-d03a85fca5b653e5,factorial,tabular,2,reward,6,1,1,1.0,1.0
run-d03a85fca5b653e5,factorial,tabular,2,reward,7,0,1,0.0,0.0
run-d03a85fca5b653e5,factorial,tabular,2,reward,8,1,0,0.0,0.0
run-d03a85fca5b653e5,factorial,tabular,2,reward,9,0,1,0.0,0.0
run-d03a85fca5b653e5,factorial,tabular,2,reward,10,0,1,0.0,0.0
run-d03a85fca5b653e5,factorial,tabular,2,reward,11,1,0,0.0,0.0
run-d03a85fca5b653e5,factorial,tabular,2,reward,12,0,1,0.0,0.0
run-d03a85fca5b653e5,factorial,tabular,2,reward,13,0,1,0.0,0.0
run-d03a85fca5b653e5,factorial,tabular,2,reward,14,0,1,0.0,0.0
run-d03a85fca5b653e5,factorial,tabular,2,reward,15,0,0,1.0,1.0
run-d03a85fca5b653e5,factorial,tabular,2,reward,16,0,1,0.0,0.0
run-d03a85fca5b653e5,factorial,tabular,2,reward,17,0,0,1.0,1.0
run-d03a85fca5b653e5,factorial,tabular,2,reward,18,0,1,0.0,0.0
run-d03a85fca5b653e5,factorial,tabular,2,reward,19,1,0,0.0,0.0
run-d03a85fca5b653e5,factorial,tabular,2,reward,20,0,0,1.0,1.0
run-d03a85fca5b653e5,factorial,tabular,2,reward,21,0,1,0.0,0.0
run-d03a85fca5b653e5,factorial,tabular,2,reward,22,0,1,0.0,0.0
run-d03a85fca5b653e5,factorial,tabular,2,reward,23,0,0,1.0,1.0
run-d03a85fca5b653e5,factorial,tabular,2,reward,24,0,1,0.0,0.0
run-d03a85fca5b653e5,factorial,tabular,2,reward,25,0,0,1.0,1.0
run-d03a85fca5b653e5,factorial,tabular,2,reward,26,0,0,1.0,1.0
run-d03a85fca5b653e5,factorial,tabular,2,reward,27,0,0,1.0,1.0
run-d03a85fca5b653e5,factorial,tabular,2,reward,28,0,1,0.0,0.0
run-d03a85fca5b653e5,factorial,tabular,2,reward,29,1,0,0.0,0.0
run-d03a85fca5b653e5,factorial,tabular,2,reward,30,0,1,0.0,0.0
run-d03a85fca5b653e5,factorial,tabular,2,reward,31,0,0,1.0,1.0
run-d03a85fca5b653e5,factorial,tabular,2,reward,32,1,1,1.0,1.0
run-d03a85fca5b653e5,factorial,tabular,2,reward,33,0,1,0.0,0.0
run-d03a85fca5b653e5,factorial,tabular,2,reward,34,0,0,1.0,1.0
run-d03a85fca5b653e5,factorial,tabular,2,reward,35,0,0,1.0,1.0
run-d03a85fca5b653e5,factorial,tabular,2,reward,36,0,0,1.0,1.0
run-d03a85fca5b653e5,factorial,tabular,2,reward,37,0,0,1.0,1.0
run-d03a85fca5b653e5,factorial,tabular,2,reward,38,0,0,1.0,1.0
run-d03a85fca5b653e5,factorial,tabular,2,reward,39,1,1,1.0,1.0
run-d03a85fca5b653e5,factorial,tabular,2,reward,40,0,1,0.0,0.0
run-d03a85fca5b653e5,factorial,tabular,2,reward,41,1,0,0.0,0.0
run-d03a85fca5b653e5,factorial,tabular,2,reward,42,0,1,0.0,0.0
run-d03a85fca5b653e5,factorial,tabular,2,reward,43,0,0,1.0,1.0
run-d03a85fca5b653e5,factorial,tabular,2,reward,44,1,0,0.0,0.0
run-d03a85fca5b653e5,factorial,tabular,2,reward,45,0,0,1.0,1.0
run-d03a85fca5b653e5,factorial,tabular,2,reward,46,0,1,0.0,0.0
run-d03a85fca5b653e5,factorial,tabular,2,reward,47,1,1,1.0,1.0
run-d03a85fca5b653e5,factorial,tabular,2,reward,48,1,1,1.0,1.0
run-d03a85fca5b653e5,factorial,tabular,2,reward,49,0,0,1.0,1.0
run-d03a85fca5b653e5,factorial,tabular,2,reward,50,0,1,0.0,0.0
run-d03a85fca5b653e5,factorial,tabular,2,reward,51,0,1,0.0,0.0
run-d03a85fca5b653e5,factorial,tabular,2,reward,52,0,0,1.0,1.0
run-d03a85fca5b653e5,factorial,tabular,2,reward,53,0,1,0.0,0.0
run-d03a85fca5b653e5,factorial,tabular,2,reward,54,0,1,0.0,0.0
run-d03a85fca5b653e5,factorial,tabular,2,reward,55,1,1,1.0,1.0
run-d03a85fca5b653e5,factorial,tabular,2,reward,56,1,1,1.0,1.0
run-d03a85fca5b653e5,factorial,tabular,2,reward,57,1,0,0.0,0.0
run-d03a85fca5b653e5,factorial,tabular,2,reward,58,1,0,0.0,0.0
run-d03a85fca5b653e5,factorial,tabular,2,reward,59,0,1,0.0,0.0
run-d03a85fca5b653e5,factorial,tabular,2,reward,60,0,0,1.0,1.0
run-d03a85fca5b653e5,factorial,tabular,2,reward,61,1,0,0.0,0.0
run-d03a85fca5b653e5,factorial,tabular,2,reward,62,1,0,0.0,0.0
run-d03a85fca5b653e5,factorial,tabular,2,reward,63,0,0,1.0,1.0
run-4173cd53833e3929,factorial,tabular,3,reward,0,0,0,1.0,1.0
run-4173cd53833e3929,factorial,tabular,3,reward,1,0,0,1.0,1.0
run-4173cd53833e3929,factorial,tabular,3,reward,2,0,1,0.0,0.0
run-4173cd53833e3929,factorial,tabular,3,reward,3,0,0,1.0,1.0
run-4173cd53833e3929,factorial,tabular,3,reward,4,0,0,1.0,1.0
run-4173cd53833e3929,factorial,tabular,3,reward,5,1,0,0.0,0.0
run-4173cd53833e3929,factorial,tabular,3,reward,6,0,1,0.0,0.0
run-4173cd53833e3929,factorial,tabular,3,reward,7,1,0,0.0,0.0
run-4173cd53833e3929,factorial,tabular,3,reward,8,0,0,1.0,1.0
run-4173cd53833e3929,factorial,tabular,3,reward,9,0,1,0.0,0.0
run-4173cd53833e3929,factorial,tabular,3,reward,10,1,0,0.0,0.0
run-4173cd53833e3929,factorial,tabular,3,reward,11,0,0,1.0,1.0
run-4173cd53833e3929,factorial,tabular,3,reward,12,0,0,1.0,1.0
run-4173cd53833e3929,factorial,tabular,3,reward,13,0,0,1.0,1.0
run-4173cd53833e3929,factorial,tabular,3,reward,14,0,1,0.0,0.0
run-4173cd53833e3929,factorial,tabular,3,reward,15,0,1,0.0,0.0
run-4173cd53833e3929,factorial,tabular,3,reward,16,0,1,0.0,0.0
run-4173cd53833e3929,factorial,tabular,3,reward,17,0,1,0.0,0.0
run-4173cd53833e3929,factorial,tabular,3,reward,18,1,0,0.0,0.0
run-4173cd53833e3929,factorial,tabular,3,reward,19,0,0,1.0,1.0
run-4173cd53833e3929,factorial,tabular,3,reward,20,0,1,0.0,0.0
run-4173cd53833e3929,factorial,tabular,3,reward,21,0,1,0.0,0.0
run-4173cd53833e3929,factorial,tabular,3,reward,22,0,0,1.0,1.0
run-4173cd53833e3929,factorial,tabular,3,reward,23,0,1,0.0,0.0
run-4173cd53833e3929,factorial,tabular,3,reward,24,0,1,0.0,0.0
run-4173cd53833e3929,factorial,tabular,3,reward,25,0,1,0.0,0.0
run-4173cd53833e3929,factorial,tabular,3,reward,26,0,0,1.0,1.0
run-4173cd53833e3929,factorial,tabular,3,reward,27,0,1,0.0,0.0
run-4173cd53833e3929,factorial,tabular,3,reward,28,1,0,0.0,0.0
run-4173cd53833e3929,factorial,tabular,3,reward,29,0,1,0.0,0.0
run-4173cd53833e3929,factorial,tabular,3,reward,30,0,0,1.0,1.0
run-4173cd53833e3929,factorial,tabular,3,reward,31,1,1,1.0,1.0
run-4173cd53833e3929,factorial,tabular,3,reward,32,0,1,0.0,0.0
run-4173cd53833e3929,factorial,tabular,3,reward,33,0,1,0.0,0.0
run-4173cd53833e3929,factorial,tabular,3,reward,34,0,1,0.0,0.0
run-4173cd53833e3929,factorial,tabular,3,reward,35,0,0,1.0,1.0
run-4173cd53833e3929,factorial,tabular,3,reward,36,0,0,1.0,1.0
run-4173cd53833e3929,factorial,tabular,3,reward,37,0,1,0.0,0.0
run-4173cd53833e3929,factorial,tabular,3,reward,38,1,0,0.0,0.0
run-4173cd53833e3929,factorial,tabular,3,reward,39,0,0,1.0,1.0
run-4173cd53833e3929,factorial,tabular,3,reward,40,1,0,0.0,0.0
run-4173cd53833e3929,factorial,tabular,3,reward,41,0,0,1.0,1.0
run-4173cd53833e3929,factorial,tabular,3,reward,42,0,0,1.0,1.0
run-4173cd53833e3929,factorial,tabular,3,reward,43,1,1,1.0,1.0
run-4173cd53833e3929,factorial,tabular,3,reward,44,0,1,0.0,0.0
run-4173cd53833e3929,factorial,tabular,3,reward,45,0,0,1.0,1.0
run-4173cd53833e3929,factorial,tabular,3,reward,46,1,1,1.0,1.0
run-4173cd53833e3929,factorial,tabular,3,reward,47,1,1,1.0,1.0
run-4173cd53833e3929,factorial,tabular,3,reward,48,0,1,0.0,0.0
run-4173cd53833e3929,factorial,tabular,3,reward,49,0,1,0.0,0.0
run-4173cd53833e3929,factorial,tabular,3,reward,50,0,1,0.0,0.0
run-4173cd53833e3929,factorial,tabular,3,reward,51,0,0,1.0,1.0
run-4173cd53833e3929,factorial,tabular,3,reward,52,0,0,1.0,1.0
run-4173cd53833e3929,factorial,tabular,3,reward,53,0,1,0.0,0.0
run-4173cd53833e3929,factorial,tabular,3,reward,54,1,1,1.0,1.0
run-4173cd53833e3929,factorial,tabular,3,reward,55,1,1,1.0,1.0
run-4173cd53833e3929,factorial,tabular,3,reward,56,1,0,0.0,0.0
run-4173cd53833e3929,factorial,tabular,3,reward,57,1,0,0.0,0.0
run-4173cd53833e3929,factorial,tabular,3,reward,58,0,0,1.0,1.0
run-4173cd53833e3929,factorial,tabular,3,reward,59,0,1,0.0,0.0
run-4173cd53833e3929,factorial,tabular,3,reward,60,1,0,0.0,0.0
run-4173cd53833e3929,factorial,tabular,3,reward,61,1,1,1.0,1.0
run-4173cd53833e3929,factorial,tabular,3,reward,62,0,1,0.0,0.0
run-4173cd53833e3929,factorial,tabular,3,reward,63,0,0,1.0,1.0
run-1e6beac6382bcd08,factorial,tabular,4,reward,0,0,0,1.0,1.0
run-1e6beac6382bcd08,factorial,tabular,4,reward,1,0,1,0.0,0.0
run-1e6beac6382bcd08,factorial,tabular,4,reward,2,0,0,1.0,1.0
run-1e6beac6382bcd08,factorial,tabular,4,reward,3,0,1,0.0,0.0
run-1e6beac6382bcd08,factorial,tabular,4,reward,4,1,0,0.0,0.0
run-1e6beac6382bcd08,factorial,tabular,4,reward,5,0,0,1.0,1.0
run-1e6beac6382bcd08,factorial,tabular,4,reward,6,1,0,0.0,0.0
run-1e6beac6382bcd08,factorial,tabular,4,reward,7,0,0,1.0,1.0
run-1e6beac6382bcd08,factorial,tabular,4,reward,8,0,1,0.0,0.0
run-1e6beac6382bcd08,factorial,tabular,4,reward,9,1,0,0.0,0.0
run-1e6beac6382bcd08,factorial,tabular,4,reward,10,0,1,0.0,0.0
run-1e6beac6382bcd08,factorial,tabular,4,reward,11,0,1,0.0,0.0
run-1e6beac6382bcd08,factorial,tabular,4,reward,12,0,0,1.0,1.0
run-1e6beac6382bcd08,factorial,tabular,4,reward,13,0,1,0.0,0.0
run-1e6beac6382bcd08,factorial,tabular,4,reward,14,0,1,0.0,0.0
run-1e6beac6382bcd08,factorial,tabular,4,reward,15,0,0,1.0,1.0
run-1e6beac6382bcd08,factorial,tabular,4,reward,16,0,0,1.0,1.0
run-1e6beac6382bcd08,factorial,tabular,4,reward,17,1,1,1.0,1.0
run-1e6beac6382bcd08,factorial,tabular,4,reward,18,0,0,1.0,1.0
run-1e6beac6382bcd08,factorial,tabular,4,reward,19,0,1,0.0,0.0
run-1e6beac6382bcd08,factorial,tabular,4,reward,20,0,1,0.0,0.0
run-1e6beac6382bcd08,factorial,tabular,4,reward,21,0,1,0.0,0.0
run-1e6beac6382bcd08,factorial,tabular,4,reward,22,0,1,0.0,0.0
run-1e6beac6382bcd08,factorial,tabular,4,reward,23,0,0,1.0,1.0
run-1e6beac6382bcd08,factorial,tabular,4,reward,24,0,1,0.0,0.0
run-1e6beac6382bcd08,factorial,tabular,4,reward,25,0,1,0.0,0.0
run-1e6beac6382bcd08,factorial,tabular,4,reward,26,0,0,1.0,1.0
run-1e6beac6382bcd08,factorial,tabular,4,reward,27,1,0,0.0,0.0
run-1e6beac6382bcd08,factorial,tabular,4,reward,28,0,0,1.0,1.0
run-1e6beac6382bcd08,factorial,tabular,4,reward,29,0,1,0.0,0.0
run-1e6beac6382bcd08,factorial,tabular,4,reward,30,1,0,0.0,0.0
run-1e6beac6382bcd08,factorial,tabular,4,reward,31,0,1,0.0,0.0
run-1e6beac6382bcd08,factorial,tabular,4,reward,32,0,1,0.0,0.0
run-1e6beac6382bcd08,factorial,tabular,4,reward,33,0,1,0.0,0.0
run-1e6beac6382bcd08,factorial,tabular,4,reward,34,0,1,0.0,0.0
run-1e6beac6382bcd08,factorial,tabular,4,reward,35,0,1,0.0,0.0
run-1e6beac6382bcd08,factorial,tabular,4,reward,36,0,0,1.0,1.0
run-1e6beac6382bcd08,factorial,tabular,4,reward,37,1,0,0.0,0.0
run-1e6beac6382bcd08,factorial,tabular,4,reward,38,0,0,1.0,1.0
run-1e6beac6382bcd08,factorial,tabular,4,reward,39,1,0,0.0,0.0
run-1e6beac6382bcd08,factorial,tabular,4,reward,40,0,0,1.0,1.0
run-1e6beac6382bcd08,factorial,tabular,4,reward,41,0,1,0.0,0.0
run-1e6beac6382bcd08,factorial,tabular,4,reward,42,1,1,1.0,1.0
run-1e6beac6382bcd08,factorial,tabular,4,reward,43,0,1,0.0,0.0
run-1e6beac6382bcd08,factorial,tabular,4,reward,44,0,1,0.0,0.0
run-1e6beac6382bcd08,factorial,tabular,4,reward,45,1,0,0.0,0.0
run-1e6beac6382bcd08,factorial,tabular,4,reward,46,1,1,1.0,1.0
run-1e6beac6382bcd08,factorial,tabular,4,reward,47,0,1,0.0,0.0
run-1e6beac6382bcd08,factorial,tabular,4,reward,48,0,1,0.0,0.0
run-1e6beac6382bcd08,factorial,tabular,4,reward,49,0,0,1.0,1.0
run-1e6beac6382bcd08,factorial,tabular,4,reward,50,0,1,0.0,0.0
run-1e6beac6382bcd08,factorial,tabular,4,reward,51,0,1,0.0,0.0
run-1e6beac6382bcd08,factorial,tabular,4,reward,52,0,1,0.0,0.0
run-1e6beac6382bcd08,factorial,tabular,4,reward,53,1,0,0.0,0.0
run-1e6beac6382bcd08,factorial,tabular,4,reward,54,1,0,0.0,0.0
run-1e6beac6382bcd08,factorial,tabular,4,reward,55,1,0,0.0,0.0
run-1e6beac6382bcd08,factorial,tabular,4,reward,56,1,0,0.0,0.0
run-1e6beac6382bcd08,factorial,tabular,4,reward,57,0,0,1.0,1.0
run-1e6beac6382bcd08,factorial,tabular,4,reward,58,0,0,1.0,1.0
run-1e6beac6382bcd08,factorial,tabular,4,reward,59,1,1,1.0,1.0
run-1e6beac6382bcd08,factorial,tabular,4,reward,60,1,0,0.0,0.0
run-1e6beac6382bcd08,factorial,tabular,4,reward,61,0,0,1.0,1.0
run-1e6beac6382bcd08,factorial,tabular,4,reward,62,0,1,0.0,0.0
run-1e6beac6382bcd08,factorial,tabular,4,reward,63,0,0,1.0,1.0
run-e22aa4824ee5d06a,factorial,tabular,0,reward,0,0,0,0.0,1.0
run-e22aa4824ee5d06a,factorial,tabular,0,reward,1,1,1,0.0,1.0
run-e22aa4824ee5d06a,factorial,tabular,0,reward,2,1,1,0.0,1.0
run-e22aa4824ee5d06a,factorial,tabular,0,reward,3,0,1,1.0,0.0
run-e22aa4824ee5d06a,factorial,tabular,0,reward,4,0,1,1.0,0.0
run-e22aa4824ee5d06a,factorial,tabular,0,reward,5,0,0,0.0,1.0
run-e22aa4824ee5d06a,factorial,tabular,0,reward,6,0,0,0.0,1.0
run-e22aa4824ee5d06a,factorial,tabular,0,reward,7,0,1,1.0,0.0
run-e22aa4824ee5d06a,factorial,tabular,0,reward,8,1,1,0.0,1.0
run-e22aa4824ee5d06a,factorial,tabular,0,reward,9,0,0,0.0,1.0
run-e22aa4824ee5d06a,factorial,tabular,0,reward,10,1,0,1.0,0.0
run-e22aa4824ee5d06a,factorial,tabular,0,reward,11,0,0,0.0,1.0
run-e22aa4824ee5d06a,factorial,tabular,0,reward,12,0,1,1.0,0.0
run-e22aa4824ee5d06a,factorial,tabular,0,reward,13,1,1,0.0,1.0
run-e22aa4824ee5d06a,factorial,tabular,0,reward,14,0,0,0.0,1.0
run-e22aa4824ee5d06a,factorial,tabular,0,reward,15,0,0,0.0,1.0
run-e22aa4824ee5d06a,factorial,tabular,0,reward,16,0,1,1.0,0.0
run-e22aa4824ee5d06a,factorial,tabular,0,reward,17,0,1,1.0,0.0
run-e22aa4824ee5d06a,factorial,tabular,0,reward,18,0,1,1.0,0.0
run-e22aa4824ee5d06a,factorial,tabular,0,reward,19,0,1,1.0,0.0
run-e22aa4824ee5d06a,factorial,tabular,0,reward,20,0,0,0.0,1.0
run-e22aa4824ee5d06a,factorial,tabular,0,reward,21,1,0,1.0,0.0
run-e22aa4824ee5d06a,factorial,tabular,0,reward,22,0,0,0.0,1.0
run-e22aa4824ee5d06a,factorial,tabular,0,reward,23,0,0,0.0,1.0
run-e22aa4824ee5d06a,factorial,tabular,0,reward,24,0,0,0.0,1.0
run-e22aa4824ee5d06a,factorial,tabular,0,reward,25,0,0,0.0,1.0
run-e22aa4824ee5d06a,factorial,tabular,0,reward,26,0,1,1.0,0.0
run-e22aa4824ee5d06a,factorial,tabular,0,reward,27,0,0,0.0,1.0
run-e22aa4824ee5d06a,factorial,tabular,0,reward,28,0,1,1.0,0.0
run-e22aa4824ee5d06a,factorial,tabular,0,reward,29,0,0,0.0,1.0
run-e22aa4824ee5d06a,factorial,tabular,0,reward,30,0,0,0.0,1.0
run-e22aa4824ee5d06a,factorial,tabular,0,reward,31,1,0,1.0,0.0
run-e22aa4824ee5d06a,factorial,tabular,0,reward,32,0,1,1.0,0.0
run-e22aa4824ee5d06a,factorial,tabular,0,reward,33,0,1,1.0,0.0
run-e22aa4824ee5d06a,factorial,tabular,0,reward,34,1,1,0.0,1.0
run-e22aa4824ee5d06a,factorial,tabular,0,reward,35,0,0,0.0,1.0
run-e22aa4824ee5d06a,factorial,tabular,0,reward,36,0,0,0.0,1.0
run-e22aa4824ee5d06a,factorial,tabular,0,reward,37,0,0,0.0,1.0
run-e22aa4824ee5d06a,factorial,tabular,0,reward,38,0,1,1.0,0.0
run-e22aa4824ee5d06a,factorial,tabular,0,reward,39,0,1,1.0,0.0
run-e22aa4824ee5d06a,factorial,tabular,0,reward,40,0,0,0.0,1.0
run-e22aa4824ee5d06a,factorial,tabular,0,reward,41,1,1,0.0,1.0
run-e22aa4824ee5d06a,factorial,tabular,0,reward,42,0,0,0.0,1.0
run-e22aa4824ee5d06a,factorial,tabular,0,reward,43,1,1,0.0,1.0
run-e22aa4824ee5d06a,factorial,tabular,0,reward,44,0,0,0.0,1.0
run-e22aa4824ee5d06a,factorial,tabular,0,reward,45,0,1,1.0,0.0
run-e22aa4824ee5d06a,factorial,tabular,0,reward,46,1,1,0.0,1.0
run-e22aa4824ee5d06a,factorial,tabular,0,reward,47,0,0,0.0,1.0
run-e22aa4824ee5d06a,factorial,tabular,0,reward,48,0,0,0.0,1.0
run-e22aa4824ee5d06a,factorial,tabular,0,reward,49,1,1,0.0,1.0
run-e22aa4824ee5d06a,factorial,tabular,0,reward,50,1,0,1.0,0.0
run-e22aa4824ee5d06a,factorial,tabular,0,reward,51,0,0,0.0,1.0
run-e22aa4824ee5d06a,factorial,tabular,0,reward,52,0,0,0.0,1.0
run-e22aa4824ee5d06a,factorial,tabular,0,reward,53,0,1,1.0,0.0
run-e22aa4824ee5d06a,factorial,tabular,0,reward,54,0,0,0.0,1.0
run-e22aa4824ee5d06a,factorial,tabular,0,reward,55,0,1,1.0,0.0
run-e22aa4824ee5d06a,factorial,tabular,0,reward,56,0,0,0.0,1.0
run-e22aa4824ee5d06a,factorial,tabular,0,reward,57,1,1,0.0,1.0
run-e22aa4824ee5d06a,factorial,tabular,0,reward,58,1,0,1.0,0.0
run-e22aa4824ee5d06a,factorial,tabular,0,reward,59,1,1,0.0,1.0
run-e22aa4824ee5d06a,factorial,tabular,0,reward,60,1,1,0.0,1.0
run-e22aa4824ee5d06a,factorial,tabular,0,reward,61,0,1,1.0,0.0
run-e22aa4824ee5d06a,factorial,tabular,0,reward,62,0,1,1.0,0.0
run-e22aa4824ee5d06a,factorial,tabular,0,reward,63,1,1,0.0,1.0
run-c54c6f49e23f7a3a,factorial,tabular,1,reward,0,1,1,0.0,1.0
run-c54c6f49e23f7a3a,factorial,tabular,1,reward,1,1,0,1.0,0.0
run-c54c6f49e23f7a3a,factorial,tabular,1,reward,2,0,1,1.0,0.0
run-c54c6f49e23f7a3a,factorial,tabular,1,reward,3,0,1,1.0,0.0
run-c54c6f49e23f7a3a,factorial,tabular,1,reward,4,0,0,0.0,1.0
run-c54c6f49e23f7a3a,factorial,tabular,1,reward,5,0,0,0.0,1.0
run-c54c6f49e23f7a3a,factorial,tabular,1,reward,6,0,0,0.0,1.0
run-c54c6f49e23f7a3a,factorial,tabular,1,reward,7,1,0,1.0,0.0
run-c54c6f49e23f7a3a,factorial,tabular,1,reward,8,0,1,1.0,0.0
run-c54c6f49e23f7a3a,factorial,tabular,1,reward,9,1,0,1.0,0.0
run-c54c6f49e23f7a3a,factorial,tabular,1,reward,10,0,1,1.0,0.0
run-c54c6f49e23f7a3a,factorial,tabular,1,reward,11,0,1,1.0,0.0
run-c54c6f49e23f7a3a,factorial,tabular,1,reward,12,1,1,0.0,1.0
run-c54c6f49e23f7a3a,factorial,tabular,1,reward,13,0,0,0.0,1.0
run-c54c6f49e23f7a3a,factorial,tabular,1,reward,14,0,1,1.0,0.0
run-c54c6f49e23f7a3a,factorial,tabular,1,reward,15,0,0,0.0,1.0
run-c54c6f49e23f7a3a,factorial,tabular,1,reward,16,0,0,0.0,1.0
run-c54c6f49e23f7a3a,factorial,tabular,1,reward,17,0,1,1.0,0.0
run-c54c6f49e23f7a3a,factorial,tabular,1,reward,18,0,0,0.0,1.0
run-c54c6f49e23f7a3a,factorial,tabular,1,reward,19,0,0,0.0,1.0
run-c54c6f49e23f7a3a,factorial,tabular,1,reward,20,1,1,0.0,1.0
run-c54c6f49e23f7a3a,factorial,tabular,1,reward,21,0,1,1.0,0.0
run-c54c6f49e23f7a3a,factorial,tabular,1,reward,22,0,1,1.0,0.0
run-c54c6f49e23f7a3a,factorial,tabular,1,reward,23,0,1,1.0,0.0
run-c54c6f49e23f7a3a,factorial,tabular,1,reward,24,0,1,1.0,0.0
run-c54c6f49e23f7a3a,factorial,tabular,1,reward,25,0,1,1.0,0.0
run-c54c6f49e23f7a3a,factorial,tabular,1,reward,26,0,0,0.0,1.0
run-c54c6f49e23f7a3a,factorial,tabular,1,reward,27,0,0,0.0,1.0
run-c54c6f49e23f7a3a,factorial,tabular,1,reward,28,0,0,0.0,1.0
run-c54c6f49e23f7a3a,factorial,tabular,1,reward,29,0,0,0.0,1.0
run-c54c6f49e23f7a3a,factorial,tabular,1,reward,30,1,1,0.0,1.0
run-c54c6f49e23f7a3a,factorial,tabular,1,reward,31,0,0,0.0,1.0
run-c54c6f49e23f7a3a,factorial,tabular,1,reward,32,0,1,1.0,0.0
run-c54c6f49e23f7a3a,factorial,tabular,1,reward,33,1,0,1.0,0.0
run-c54c6f49e23f7a3a,factorial,tabular,1,reward,34,0,0,0.0,1.0
run-c54c6f49e23f7a3a,factorial,tabular,1,reward,35,0,1,1.0,0.0
run-c54c6f49e23f7a3a,factorial,tabular,1,reward,36,0,1,1.0,0.0
run-c54c6f49e23f7a3a,factorial,tabular,1,reward,37,0,0,0.0,1.0
run-c54c6f49e23f7a3a,factorial,tabular,1,reward,38,0,1,1.0,0.0
run-c54c6f49e23f7a3a,factorial,tabular,1,reward,39,0,1,1.0,0.0
run-c54c6f49e23f7a3a,factorial,tabular,1,reward,40,1,0,1.0,0.0
run-c54c6f49e23f7a3a,factorial,tabular,1,reward,41,0,1,1.0,0.0
run-c54c6f49e23f7a3a,factorial,tabular,1,reward,42,1,1,0.0,1.0
run-c54c6f49e23f7a3a,factorial,tabular,1,reward,43,0,1,1.0,0.0
run-c54c6f49e23f7a3a,factorial,tabular,1,reward,44,0,0,0.0,1.0
run-c54c6f49e23f7a3a,factorial,tabular,1,reward,45,1,1,0.0,1.0
run-c54c6f49e23f7a3a,factorial,tabular,1,reward,46,0,0,0.0,1.0
run-c54c6f49e23f7a3a,factorial,tabular,1,reward,47,0,0,0.0,1.0
run-c54c6f49e23f7a3a,factorial,tabular,1,reward,48,1,0,1.0,0.0
run-c54c6f49e23f7a3a,factorial,tabular,1,reward,49,1,0,1.0,0.0
run-c54c6f49e23f7a3a,factorial,tabular,1,reward,50,0,1,1.0,0.0
run-c54c6f49e23f7a3a,factorial,tabular,1,reward,51,0,0,0.0,1.0
run-c54c6f49e23f7a3a,factorial,tabular,1,reward,52,0,0,0.0,1.0
run-c54c6f49e23f7a3a,factorial,tabular,1,reward,53,0,1,1.0,0.0
run-c54c6f49e23f7a3a,factorial,tabular,1,reward,54,0,1,1.0,0.0
run-c54c6f49e23f7a3a,factorial,tabular,1,reward,55,0,1,1.0,0.0
run-c54c6f49e23f7a3a,factorial,tabular,1,reward,56,1,0,1.0,0.0
run-c54c6f49e23f7a3a,factorial,tabular,1,reward,57,1,0,1.0,0.0
run-c54c6f49e23f7a3a,factorial,tabular,1,reward,58,1,1,0.0,1.0
run-c54c6f49e23f7a3a,factorial,tabular,1,reward,59,1,1,0.0,1.0
run-c54c6f49e23f7a3a,factorial,tabular,1,reward,60,0,1,1.0,0.0
run-c54c6f49e23f7a3a,factorial,tabular,1,reward,61,0,0,0.0,1.0
run-c54c6f49e23f7a3a,factorial,tabular,1,reward,62,1,0,1.0,0.0
run-c54c6f49e23f7a3a,factorial,tabular,1,reward,63,1,0,1.0,0.0
run-04a72a73c1012f0b,factorial,tabular,2,reward,0,1,1,0.0,1.0
run-04a72a73c1012f0b,factorial,tabular,2,reward,1,0,1,1.0,0.0
run-04a72a73c1012f0b,factorial,tabular,2,reward,2,0,0,0.0,1.0
run-04a72a73c1012f0b,factorial,tabular,2,reward,3,0,1,1.0,0.0
run-04a72a73c1012f0b,factorial,tabular,2,reward,4,0,0,0.0,1.0
run-04a72a73c1012f0b,factorial,tabular,2,reward,5,0,0,0.0,1.0
run-04a72a73c1012f0b,factorial,tabular,2,reward,6,1,1,0.0,1.0
run-04a72a73c1012f0b,factorial,tabular,2,reward,7,0,1,1.0,0.0
run-04a72a73c1012f0b,factorial,tabular,2,reward,8,1,0,1.0,0.0
run-04a72a73c1012f0b,factorial,tabular,2,reward,9,0,1,1.0,0.0
run-04a72a73c1012f0b,factorial,tabular,2,reward,10,0,1,1.0,0.0
run-04a72a73c1012f0b,factorial,tabular,2,reward,11,1,0,1.0,0.0
run-04a72a73c1012f0b,factorial,tabular,2,reward,12,0,1,1.0,0.0
run-04a72a73c1012f0b,factorial,tabular,2,reward,13,0,1,1.0,0.0
run-04a72a73c1012f0b,factorial,tabular,2,reward,14,0,1,1.0,0.0
run-04a72a73c1012f0b,factorial,tabular,2,reward,15,0,0,0.0,1.0
run-04a72a73c1012f0b,factorial,tabular,2,reward,16,0,1,1.0,0.0
run-04a72a73c1012f0b,factorial,tabular,2,reward,17,0,0,0.0,1.0
run-04a72a73c1012f0b,factorial,tabular,2,reward,18,0,1,1.0,0.0
run-04a72a73c1012f0b,factorial,tabular,2,reward,19,1,0,1.0,0.0
run-04a72a73c1012f0b,factorial,tabular,2,reward,20,0,0,0.0,1.0
run-04a72a73c1012f0b,factorial,tabular,2,reward,21,0,1,1.0,0.0
run-04a72a73c1012f0b,factorial,tabular,2,reward,22,0,1,1.0,0.0
run-04a72a73c1012f0b,factorial,tabular,2,reward,23,0,0,0.0,1.0
run-04a72a73c1012f0b,factorial,tabular,2,reward,24,0,1,1.0,0.0
run-04a72a73c1012f0b,factorial,tabular,2,reward,25,0,0,0.0,1.0
run-04a72a73c1012f0b,factorial,tabular,2,reward,26,0,0,0.0,1.0
run-04a72a73c1012f0b,factorial,tabular,2,reward,27,0,0,0.0,1.0
run-04a72a73c1012f0b,factorial,tabular,2,reward,28,0,1,1.0,0.0
run-04a72a73c1012f0b,factorial,tabular,2,reward,29,1,0,1.0,0.0
run-04a72a73c1012f0b,factorial,tabular,2,reward,30,0,1,1.0,0.0
run-04a72a73c1012f0b,factorial,tabular,2,reward,31,0,0,0.0,1.0
run-04a72a73c1012f0b,factorial,tabular,2,reward,32,1,1,0.0,1.0
run-04a72a73c1012f0b,factorial,tabular,2,reward,33,0,1,1.0,0.0
run-04a72a73c1012f0b,factorial,tabular,2,reward,34,0,0,0.0,1.0
run-04a72a73c1012f0b,factorial,tabular,2,reward,35,0,0,0.0,1.0
run-04a72a73c1012f0b,factorial,tabular,2,reward,36,0,0,0.0,1.0
run-04a72a73c1012f0b,factorial,tabular,2,reward,37,0,0,0.0,1.0
run-04a72a73c1012f0b,factorial,tabular,2,reward,38,0,0,0.0,1.0
run-04a72a73c1012f0b,factorial,tabular,2,reward,39,1,1,0.0,1.0
run-04a72a73c1012f0b,factorial,tabular,2,reward,40,0,1,1.0,0.0
run-04a72a73c1012f0b,factorial,tabular,2,reward,41,1,0,1.0,0.0
run-04a72a73c1012f0b,factorial,tabular,2,reward,42,0,1,1.0,0.0
run-04a72a73c1012f0b,factorial,tabular,2,reward,43,0,0,0.0,1.0
run-04a72a73c1012f0b,factorial,tabular,2,reward,44,1,0,1.0,0.0
run-04a72a73c1012f0b,factorial,tabular,2,reward,45,0,0,0.0,1.0
run-04a72a73c1012f0b,factorial,tabular,2,reward,46,0,1,1.0,0.0
run-04a72a73c1012f0b,factorial,tabular,2,reward,47,1,1,0.0,1.0
run-04a72a73c1012f0b,factorial,tabular,2,reward,48,1,1,0.0,1.0
run-04a72a73c1012f0b,factorial,tabular,2,reward,49,0,0,0.0,1.0
run-04a72a73c1012f0b,factorial,tabular,2,reward,50,0,1,1.0,0.0
run-04a72a73c1012f0b,factorial,tabular,2,reward,51,0,1,1.0,0.0
run-04a72a73c1012f0b,factorial,tabular,2,reward,52,0,0,0.0,1.0
run-04a72a73c1012f0b,factorial,tabular,2,reward,53,0,1,1.0,0.0
run-04a72a73c1012f0b,factorial,tabular,2,reward,54,0,1,1.0,0.0
run-04a72a73c1012f0b,factorial,tabular,2,reward,55,1,1,0.0,1.0
run-04a72a73c1012f0b,factorial,tabular,2,reward,56,1,1,0.0,1.0
run-04a72a73c1012f0b,factorial,tabular,2,reward,57,1,0,1.0,0.0
run-04a72a73c1012f0b,factorial,tabular,2,reward,58,1,0,1.0,0.0
run-04a72a73c1012f0b,factorial,tabular,2,reward,59,0,1,1.0,0.0
run-04a72a73c1012f0b,factorial,tabular,2,reward,60,0,0,0.0,1.0
run-04a72a73c1012f0b,factorial,tabular,2,reward,61,1,0,1.0,0.0
run-04a72a73c1012f0b,factorial,tabular,2,reward,62,1,0,1.0,0.0
run-04a72a73c1012f0b,factorial,tabular,2,reward,63,0,0,0.0,1.0
run-ff797973175f9dd6,factorial,tabular,3,reward,0,0,0,0.0,1.0
run-ff797973175f9dd6,factorial,tabular,3,reward,1,0,0,0.0,1.0
run-ff797973175f9dd6,factorial,tabular,3,reward,2,0,1,1.0,0.0
run-ff797973175f9dd6,factorial,tabular,3,reward,3,0,0,0.0,1.0
run-ff797973175f9dd6,factorial,tabular,3,reward,4,0,0,0.0,1.0
run-ff797973175f9dd6,factorial,tabular,3,reward,5,1,0,1.0,0.0
run-ff797973175f9dd6,factorial,tabular,3,reward,6,0,1,1.0,0.0
run-ff797973175f9dd6,factorial,tabular,3,reward,7,1,0,1.0,0.0
run-ff797973175f9dd6,factorial,tabular,3,reward,8,0,0,0.0,1.0
run-ff797973175f9dd6,factorial,tabular,3,reward,9,0,1,1.0,0.0
run-ff797973175f9dd6,factorial,tabular,3,reward,10,1,0,1.0,0.0
run-ff797973175f9dd6,factorial,tabular,3,reward,11,0,0,0.0,1.0
run-ff797973175f9dd6,factorial,tabular,3,reward,12,0,0,0.0,1.0
run-ff797973175f9dd6,factorial,tabular,3,reward,13,0,0,0.0,1.0
run-ff797973175f9dd6,factorial,tabular,3,reward,14,0,1,1.0,0.0
run-ff797973175f9dd6,factorial,tabular,3,reward,15,0,1,1.0,0.0
run-ff797973175f9dd6,factorial,tabular,3,reward,16,0,1,1.0,0.0
run-ff797973175f9dd6,factorial,tabular,3,reward,17,0,1,1.0,0.0
run-ff797973175f9dd6,factorial,tabular,3,reward,18,1,0,1.0,0.0
run-ff797973175f9dd6,factorial,tabular,3,reward,19,0,0,0.0,1.0
run-ff797973175f9dd6,factorial,tabular,3,reward,20,0,1,1.0,0.0
run-ff797973175f9dd6,factorial,tabular,3,reward,21,0,1,1.0,0.0
run-ff797973175f9dd6,factorial,tabular,3,reward,22,0,0,0.0,1.0
run-ff797973175f9dd6,factorial,tabular,3,reward,23,0,1,1.0,0.0
run-ff797973175f9dd6,factorial,tabular,3,reward,24,0,1,1.0,0.0
run-ff797973175f9dd6,factorial,tabular,3,reward,25,0,1,1.0,0.0
run-ff797973175f9dd6,factorial,tabular,3,reward,26,0,0,0.0,1.0
run-ff797973175f9dd6,factorial,tabular,3,reward,27,0,1,1.0,0.0
run-ff797973175f9dd6,factorial,tabular,3,reward,28,1,0,1.0,0.0
run-ff797973175f9dd6,factorial,tabular,3,reward,29,0,1,1.0,0.0
run-ff797973175f9dd6,factorial,tabular,3,reward,30,0,0,0.0,1.0
run-ff797973175f9dd6,factorial,tabular,3,reward,31,1,1,0.0,1.0
run-ff797973175f9dd6,factorial,tabular,3,reward,32,0,1,1.0,0.0
run-ff797973175f9dd6,factorial,tabular,3,reward,33,0,1,1.0,0.0
run-ff797973175f9dd6,factorial,tabular,3,reward,34,0,1,1.0,0.0
run-ff797973175f9dd6,factorial,tabular,3,reward,35,0,0,0.0,1.0
run-ff797973175f9dd6,factorial,tabular,3,reward,36,0,0,0.0,1.0
run-ff797973175f9dd6,factorial,tabular,3,reward,37,0,1,1.0,0.0
run-ff797973175f9dd6,factorial,tabular,3,reward,38,1,0,1.0,0.0
run-ff797973175f9dd6,factorial,tabular,3,reward,39,0,0,0.0,1.0
run-ff797973175f9dd6,factorial,tabular,3,reward,40,1,0,1.0,0.0
run-ff797973175f9dd6,factorial,tabular,3,reward,41,0,0,0.0,1.0
run-ff797973175f9dd6,factorial,tabular,3,reward,42,0,0,0.0,1.0
run-ff797973175f9dd6,factorial,tabular,3,reward,43,1,1,0.0,1.0
run-ff797973175f9dd6,factorial,tabular,3,reward,44,0,1,1.0,0.0
run-ff797973175f9dd6,factorial,tabular,3,reward,45,0,0,0.0,1.0
run-ff797973175f9dd6,factorial,tabular,3,reward,46,1,1,0.0,1.0
run-ff797973175f9dd6,factorial,tabular,3,reward,47,1,1,0.0,1.0
run-ff797973175f9dd6,factorial,tabular,3,reward,48,0,1,1.0,0.0
run-ff797973175f9dd6,factorial,tabular,3,reward,49,0,1,1.0,0.0
run-ff797973175f9dd6,factorial,tabular,3,reward,50,0,1,1.0,0.0
run-ff797973175f9dd6,factorial,tabular,3,reward,51,0,0,0.0,1.0
run-ff797973175f9dd6,factorial,tabular,3,reward,52,0,0,0.0,1.0
run-ff797973175f9dd6,factorial,tabular,3,reward,53,0,1,1.0,0.0
run-ff797973175f9dd6,factorial,tabular,3,reward,54,1,1,0.0,1.0
run-ff797973175f9dd6,factorial,tabular,3,reward,55,1,1,0.0,1.0
run-ff797973175f9dd6,factorial,tabular,3,reward,56,1,0,1.0,0.0
run-ff797973175f9dd6,factorial,tabular,3,reward,57,1,0,1.0,0.0
run-ff797973175f9dd6,factorial,tabular,3,reward,58,0,0,0.0,1.0
run-ff797973175f9dd6,factorial,tabular,3,reward,59,0,1,1.0,0.0
run-ff797973175f9dd6,factorial,tabular,3,reward,60,1,0,1.0,0.0
run-ff797973175f9dd6,factorial,tabular,3,reward,61,1,1,0.0,1.0
run-ff797973175f9dd6,factorial,tabular,3,reward,62,0,1,1.0,0.0
run-ff797973175f9dd6,factorial,tabular,3,reward,63,0,0,0.0,1.0
run-1d873d9b4b6f3684,factorial,tabular,4,reward,0,0,0,0.0,1.0
run-1d873d9b4b6f3684,factorial,tabular,4,reward,1,0,1,1.0,0.0
run-1d873d9b4b6f3684,factorial,tabular,4,reward,2,0,0,0.0,1.0
run-1d873d9b4b6f3684,factorial,tabular,4,reward,3,0,1,1.0,0.0
run-1d873d9b4b6f3684,factorial,tabular,4,reward,4,1,0,1.0,0.0
run-1d873d9b4b6f3684,factorial,tabular,4,reward,5,0,0,0.0,1.0
run-1d873d9b4b6f3684,factorial,tabular,4,reward,6,1,0,1.0,0.0
run-1d873d9b4b6f3684,factorial,tabular,4,reward,7,0,0,0.0,1.0
run-1d873d9b4b6f3684,factorial,tabular,4,reward,8,0,1,1.0,0.0
run-1d873d9b4b6f3684,factorial,tabular,4,reward,9,1,0,1.0,0.0
run-1d873d9b4b6f3684,factorial,tabular,4,reward,10,0,1,1.0,0.0
run-1d873d9b4b6f3684,factorial,tabular,4,reward,11,0,1,1.0,0.0
run-1d873d9b4b6f3684,factorial,tabular,4,reward,12,0,0,0.0,1.0
run-1d873d9b4b6f3684,factorial,tabular,4,reward,13,0,1,1.0,0.0
run-1d873d9b4b6f3684,factorial,tabular,4,reward,14,0,1,1.0,0.0
run-1d873d9b4b6f3684,factorial,tabular,4,reward,15,0,0,0.0,1.0
run-1d873d9b4b6f3684,factorial,tabular,4,reward,16,0,0,0.0,1.0
run-1d873d9b4b6f3684,factorial,tabular,4,reward,17,1,1,0.0,1.0
run-1d873d9b4b6f3684,factorial,tabular,4,reward,18,0,0,0.0,1.0
run-1d873d9b4b6f3684,factorial,tabular,4,reward,19,0,1,1.0,0.0
run-1d873d9b4b6f3684,factorial,tabular,4,reward,20,0,1,1.0,0.0
run-1d873d9b4b6f3684,factorial,tabular,4,reward,21,0,1,1.0,0.0
run-1d873d9b4b6f3684,factorial,tabular,4,reward,22,0,1,1.0,0.0
run-1d873d9b4b6f3684,factorial,tabular,4,reward,23,0,0,0.0,1.0
run-1d873d9b4b6f3684,factorial,tabular,4,reward,24,0,1,1.0,0.0
run-1d873d9b4b6f3684,factorial,tabular,4,reward,25,0,1,1.0,0.0
run-1d873d9b4b6f3684,factorial,tabular,4,reward,26,0,0,0.0,1.0
run-1d873d9b4b6f3684,factorial,tabular,4,reward,27,1,0,1.0,0.0
run-1d873d9b4b6f3684,factorial,tabular,4,reward,28,0,0,0.0,1.0
run-1d873d9b4b6f3684,factorial,tabular,4,reward,29,0,1,1.0,0.0
run-1d873d9b4b6f3684,factorial,tabular,4,reward,30,1,0,1.0,0.0
run-1d873d9b4b6f3684,factorial,tabular,4,reward,31,0,1,1.0,0.0
run-1d873d9b4b6f3684,factorial,tabular,4,reward,32,0,1,1.0,0.0
run-1d873d9b4b6f3684,factorial,tabular,4,reward,33,0,1,1.0,0.0
run-1d873d9b4b6f3684,factorial,tabular,4,reward,34,0,1,1.0,0.0
run-1d873d9b4b6f3684,factorial,tabular,4,reward,35,0,1,1.0,0.0
run-1d873d9b4b6f3684,factorial,tabular,4,reward,36,0,0,0.0,1.0
run-1d873d9b4b6f3684,factorial,tabular,4,reward,37,1,0,1.0,0.0
run-1d873d9b4b6f3684,factorial,tabular,4,reward,38,0,0,0.0,1.0
run-1d873d9b4b6f3684,factorial,tabular,4,reward,39,1,0,1.0,0.0
run-1d873d9b4b6f3684,factorial,tabular,4,reward,40,0,0,0.0,1.0
run-1d873d9b4b6f3684,factorial,tabular,4,reward,41,0,1,1.0,0.0
run-1d873d9b4b6f3684,factorial,tabular,4,reward,42,1,1,0.0,1.0
run-1d873d9b4b6f3684,factorial,tabular,4,reward,43,0,1,1.0,0.0
run-1d873d9b4b6f3684,factorial,tabular,4,reward,44,0,1,1.0,0.0
run-1d873d9b4b6f3684,factorial,tabular,4,reward,45,1,0,1.0,0.0
run-1d873d9b4b6f3684,factorial,tabular,4,reward,46,1,1,0.0,1.0
run-1d873d9b4b6f3684,factorial,tabular,4,reward,47,0,1,1.0,0.0
run-1d873d9b4b6f3684,factorial,tabular,4,reward,48,0,1,1.0,0.0
run-1d873d9b4b6f3684,factorial,tabular,4,reward,49,0,0,0.0,1.0
run-1d873d9b4b6f3684,factorial,tabular,4,reward,50,0,1,1.0,0.0
run-1d873d9b4b6f3684,factorial,tabular,4,reward,51,0,1,1.0,0.0
run-1d873d9b4b6f3684,factorial,tabular,4,reward,52,0,1,1.0,0.0
run-1d873d9b4b6f3684,factorial,tabular,4,reward,53,1,0,1.0,0.0
run-1d873d9b4b6f3684,factorial,tabular,4,reward,54,1,0,1.0,0.0
run-1d873d9b4b6f3684,factorial,tabular,4,reward,55,1,0,1.0,0.0
run-1d873d9b4b6f3684,factorial,tabular,4,reward,56,1,0,1.0,0.0
run-1d873d9b4b6f3684,factorial,tabular,4,reward,57,0,0,0.0,1.0
run-1d873d9b4b6f3684,factorial,tabular,4,reward,58,0,0,0.0,1.0
run-1d873d9b4b6f3684,factorial,tabular,4,reward,59,1,1,0.0,1.0
run-1d873d9b4b6f3684,factorial,tabular,4,reward,60,1,0,1.0,0.0
run-1d873d9b4b6f3684,factorial,tabular,4,reward,61,0,0,0.0,1.0
run-1d873d9b4b6f3684,factorial,tabular,4,reward,62,0,1,1.0,0.0
run-1d873d9b4b6f3684,factorial,tabular,4,reward,63,0,0,0.0,1.0
run-f0f4f2de1a48bb5d,factorial,tabular,0,reward,0,2,0,1.0,1.0
run-f0f4f2de1a48bb5d,factorial,tabular,0,reward,1,2,1,1.0,1.0
run-f0f4f2de1a48bb5d,factorial,tabular,0,reward,2,2,1,1.0,1.0
run-f0f4f2de1a48bb5d,factorial,tabular,0,reward,3,2,1,0.0,0.0
run-f0f4f2de1a48bb5d,factorial,tabular,0,reward,4,2,1,0.0,0.0
run-f0f4f2de1a48bb5d,factorial,tabular,0,reward,5,2,0,1.0,1.0
run-f0f4f2de1a48bb5d,factorial,tabular,0,reward,6,2,0,1.0,1.0
run-f0f4f2de1a48bb5d,factorial,tabular,0,reward,7,2,1,0.0,0.0
run-f0f4f2de1a48bb5d,factorial,tabular,0,reward,8,2,1,1.0,1.0
run-f0f4f2de1a48bb5d,factorial,tabular,0,reward,9,2,0,1.0,1.0
run-f0f4f2de1a48bb5d,factorial,tabular,0,reward,10,2,0,0.0,0.0
run-f0f4f2de1a48bb5d,factorial,tabular,0,reward,11,2,0,1.0,1.0
run-f0f4f2de1a48bb5d,factorial,tabular,0,reward,12,2,1,0.0,0.0
run-f0f4f2de1a48bb5d,factorial,tabular,0,reward,13,2,1,1.0,1.0
run-f0f4f2de1a48bb5d,factorial,tabular,0,reward,14,2,0,1.0,1.0
run-f0f4f2de1a48bb5d,factorial,tabular,0,reward,15,2,0,1.0,1.0
run-f0f4f2de1a48bb5d,factorial,tabular,0,reward,16,2,1,0.0,0.0
run-f0f4f2de1a48bb5d,factorial,tabular,0,reward,17,2,1,0.0,0.0
run-f0f4f2de1a48bb5d,factorial,tabular,0,reward,18,2,1,0.0,0.0
run-f0f4f2de1a48bb5d,factorial,tabular,0,reward,19,2,1,0.0,0.0
run-f0f4f2de1a48bb5d,factorial,tabular,0,reward,20,2,0,1.0,1.0
run-f0f4f2de1a48bb5d,factorial,tabular,0,reward,21,2,0,0.0,0.0
run-f0f4f2de1a48bb5d,factorial,tabular,0,reward,22,2,0,1.0,1.0
run-f0f4f2de1a48bb5d,factorial,tabular,0,reward,23,2,0,1.0,1.0
run-f0f4f2de1a48bb5d,factorial,tabular,0,reward,24,2,0,1.0,1.0
run-f0f4f2de1a48bb5d,factorial,tabular,0,reward,25,2,0,1.0,1.0
run-f0f4f2de1a48bb5d,factorial,tabular,0,reward,26,2,1,0.0,0.0
run-f0f4f2de1a48bb5d,factorial,tabular,0,reward,27,2,0,1.0,1.0
run-f0f4f2de1a48bb5d,factorial,tabular,0,reward,28,2,1,0.0,0.0
run-f0f4f2de1a48bb5d,factorial,tabular,0,reward,29,2,0,1.0,1.0
run-f0f4f2de1a48bb5d,factorial,tabular,0,reward,30,2,0,1.0,1.0
run-f0f4f2de1a48bb5d,factorial,tabular,0,reward,31,2,0,0.0,0.0
run-f0f4f2de1a48bb5d,factorial,tabular,0,reward,32,2,1,0.0,0.0
run-f0f4f2de1a48bb5d,factorial,tabular,0,reward,33,2,1,0.0,0.0
run-f0f4f2de1a48bb5d,factorial,tabular,0,reward,34,2,1,1.0,1.0
run-f0f4f2de1a48bb5d,factorial,tabular,0,reward,35,2,0,1.0,1.0
run-f0f4f2de1a48bb5d,factorial,tabular,0,reward,36,2,0,1.0,1.0
run-f0f4f2de1a48bb5d,factorial,tabular,0,reward,37,2,0,1.0,1.0
run-f0f4f2de1a48bb5d,factorial,tabular,0,reward,38,2,1,0.0,0.0
run-f0f4f2de1a48bb5d,factorial,tabular,0,reward,39,2,1,0.0,0.0
run-f0f4f2de1a48bb5d,factorial,tabular,0,reward,40,2,0,1.0,1.0
run-f0f4f2de1a48bb5d,factorial,tabular,0,reward,41,2,1,1.0,1.0
run-f0f4f2de1a48bb5d,factorial,tabular,0,reward,42,2,0,1.0,1.0
run-f0f4f2de1a48bb5d,factorial,tabular,0,reward,43,2,1,1.0,1.0
run-f0f4f2de1a48bb5d,factorial,tabular,0,reward,44,2,0,1.0,1.0
run-f0f4f2de1a48bb5d,factorial,tabular,0,reward,45,2,1,0.0,0.0
run-f0f4f2de1a48bb5d,factorial,tabular,0,reward,46,2,1,1.0,1.0
run-f0f4f2de1a48bb5d,factorial,tabular,0,reward,47,2,0,1.0,1.0
run-f0f4f2de1a48bb5d,factorial,tabular,0,reward,48,2,0,1.0,1.0
run-f0f4f2de1a48bb5d,factorial,tabular,0,reward,49,2,1,1.0,1.0
run-f0f4f2de1a48bb5d,factorial,tabular,0,reward,50,2,0,0.0,0.0
run-f0f4f2de1a48bb5d,factorial,tabular,0,reward,51,2,0,1.0,1.0
run-f0f4f2de1a48bb5d,factorial,tabular,0,reward,52,2,0,1.0,1.0
run-f0f4f2de1a48bb5d,factorial,tabular,0,reward,53,2,1,0.0,0.0
run-f0f4f2de1a48bb5d,factorial,tabular,0,reward,54,2,0,1.0,1.0
run-f0f4f2de1a48bb5d,factorial,tabular,0,reward,55,2,1,0.0,0.0
run-f0f4f2de1a48bb5d,factorial,tabular,0,reward,56,2,0,1.0,1.0
run-f0f4f2de1a48bb5d,factorial,tabular,0,reward,57,2,1,1.0,1.0
run-f0f4f2de1a48bb5d,factorial,tabular,0,reward,58,2,0,0.0,0.0
run-f0f4f2de1a48bb5d,factorial,tabular,0,reward,59,2,1,1.0,1.0
run-f0f4f2de1a48bb5d,factorial,tabular,0,reward,60,2,1,1.0,1.0
run-f0f4f2de1a48bb5d,factorial,tabular,0,reward,61,2,1,0.0,0.0
run-f0f4f2de1a48bb5d,factorial,tabular,0,reward,62,2,1,0.0,0.0
run-f0f4f2de1a48bb5d,factorial,tabular,0,reward,63,2,1,1.0,1.0
run-3f7eed5655833ff6,factorial,tabular,1,reward,0,2,1,1.0,1.0
run-3f7eed5655833ff6,factorial,tabular,1,reward,1,2,0,0.0,0.0
run-3f7eed5655833ff6,factorial,tabular,1,reward,2,2,1,0.0,0.0
run-3f7eed5655833ff6,factorial,tabular,1,reward,3,2,1,0.0,0.0
run-3f7eed5655833ff6,factorial,tabular,1,reward,4,2,0,1.0,1.0
run-3f7eed5655833ff6,factorial,tabular,1,reward,5,2,0,1.0,1.0
run-3f7eed5655833ff6,factorial,tabular,1,reward,6,2,0,1.0,1.0
run-3f7eed5655833ff6,factorial,tabular,1,reward,7,2,0,0.0,0.0
run-3f7eed5655833ff6,factorial,tabular,1,reward,8,2,1,0.0,0.0
run-3f7eed5655833ff6,factorial,tabular,1,reward,9,2,0,0.0,0.0
run-3f7eed5655833ff6,factorial,tabular,1,reward,10,2,1,0.0,0.0
run-3f7eed5655833ff6,factorial,tabular,1,reward,11,2,1,0.0,0.0
run-3f7eed5655833ff6,factorial,tabular,1,reward,12,2,1,1.0,1.0
run-3f7eed5655833ff6,factorial,tabular,1,reward,13,2,0,1.0,1.0
run-3f7eed5655833ff6,factorial,tabular,1,reward,14,2,1,0.0,0.0
run-3f7eed5655833ff6,factorial,tabular,1,reward,15,2,0,1.0,1.0
run-3f7eed5655833ff6,factorial,tabular,1,reward,16,2,0,1.0,1.0
run-3f7eed5655833ff6,factorial,tabular,1,reward,17,2,1,0.0,0.0
run-3f7eed5655833ff6,factorial,tabular,1,reward,18,2,0,1.0,1.0
run-3f7eed5655833ff6,factorial,tabular,1,reward,19,2,0,1.0,1.0
run-3f7eed5655833ff6,factorial,tabular,1,reward,20,2,1,1.0,1.0
run-3f7eed5655833ff6,factorial,tabular,1,reward,21,2,1,0.0,0.0
run-3f7eed5655833ff6,factorial,tabular,1,reward,22,2,1,0.0,0.0
run-3f7eed5655833ff6,factorial,tabular,1,reward,23,2,1,0.0,0.0
run-3f7eed5655833ff6,factorial,tabular,1,reward,24,2,1,0.0,0.0
run-3f7eed5655833ff6,factorial,tabular,1,reward,25,2,1,0.0,0.0
run-3f7eed5655833ff6,factorial,tabular,1,reward,26,2,0,1.0,1.0
run-3f7eed5655833ff6,factorial,tabular,1,reward,27,2,0,1.0,1.0
run-3f7eed5655833ff6,factorial,tabular,1,reward,28,2,0,1.0,1.0
run-3f7eed5655833ff6,factorial,tabular,1,reward,29,2,0,1.0,1.0
run-3f7eed5655833ff6,factorial,tabular,1,reward,30,2,1,1.0,1.0
run-3f7eed5655833ff6,factorial,tabular,1,reward,31,2,0,1.0,1.0
run-3f7eed5655833ff6,factorial,tabular,1,reward,32,2,1,0.0,0.0
run-3f7eed5655833ff6,factorial,tabular,1,reward,33,2,0,0.0,0.0
run-3f7eed5655833ff6,factorial,tabular,1,reward,34,2,0,1.0,1.0
run-3f7eed5655833ff6,factorial,tabular,1,reward,35,2,1,0.0,0.0
run-3f7eed5655833ff6,factorial,tabular,1,reward,36,2,1,0.0,0.0
run-3f7eed5655833ff6,factorial,tabular,1,reward,37,2,0,1.0,1.0
run-3f7eed5655833ff6,factorial,tabular,1,reward,38,2,1,0.0,0.0
run-3f7eed5655833ff6,factorial,tabular,1,reward,39,2,1,0.0,0.0
run-3f7eed5655833ff6,factorial,tabular,1,reward,40,2,0,0.0,0.0
run-3f7eed5655833ff6,factorial,tabular,1,reward,41,2,1,0.0,0.0
run-3f7eed5655833ff6,factorial,tabular,1,reward,42,2,1,1.0,1.0
run-3f7eed5655833ff6,factorial,tabular,1,reward,43,2,1,0.0,0.0
run-3f7eed5655833ff6,factorial,tabular,1,reward,44,2,0,1.0,1.0
run-3f7eed5655833ff6,factorial,tabular,1,reward,45,2,1,1.0,1.0
run-3f7eed5655833ff6,factorial,tabular,1,reward,46,2,0,1.0,1.0
run-3f7eed5655833ff6,factorial,tabular,1,reward,47,2,0,1.0,1.0
run-3f7eed5655833ff6,factorial,tabular,1,reward,48,2,0,0.0,0.0
run-3f7eed5655833ff6,factorial,tabular,1,reward,49,2,0,0.0,0.0
run-3f7eed5655833ff6,factorial,tabular,1,reward,50,2,1,0.0,0.0
run-3f7eed5655833ff6,factorial,tabular,1,reward,51,2,0,1.0,1.0
run-3f7eed5655833ff6,factorial,tabular,1,reward,52,2,0,1.0,1.0
run-3f7eed5655833ff6,factorial,tabular,1,reward,53,2,1,0.0,0.0
run-3f7eed5655833ff6,factorial,tabular,1,reward,54,2,1,0.0,0.0
run-3f7eed5655833ff6,factorial,tabular,1,reward,55,2,1,0.0,0.0
run-3f7eed5655833ff6,factorial,tabular,1,reward,56,2,0,0.0,0.0
run-3f7eed5655833ff6,factorial,tabular,1,reward,57,2,0,0.0,0.0
run-3f7eed5655833ff6,factorial,tabular,1,reward,58,2,1,1.0,1.0
run-3f7eed5655833ff6,factorial,tabular,1,reward,59,2,1,1.0,1.0
run-3f7eed5655833ff6,factorial,tabular,1,reward,60,2,1,0.0,0.0
run-3f7eed5655833ff6,factorial,tabular,1,reward,61,2,0,1.0,1.0
run-3f7eed5655833ff6,factorial,tabular,1,reward,62,2,0,0.0,0.0
run-3f7eed5655833ff6,factorial,tabular,1,reward,63,2,0,0.0,0.0
run-121da9d19ca4d2ed,factorial,tabular,2,reward,0,2,1,1.0,1.0
run-121da9d19ca4d2ed,factorial,tabular,2,reward,1,2,1,0.0,0.0
run-121da9d19ca4d2ed,factorial,tabular,2,reward,2,2,0,1.0,1.0
run-121da9d19ca4d2ed,factorial,tabular,2,reward,3,2,1,0.0,0.0
run-121da9d19ca4d2ed,factorial,tabular,2,reward,4,2,0,1.0,1.0
run-121da9d19ca4d2ed,factorial,tabular,2,reward,5,2,0,1.0,1.0
run-121da9d19ca4d2ed,factorial,tabular,2,reward,6,2,1,1.0,1.0
run-121da9d19ca4d2ed,factorial,tabular,2,reward,7,2,1,0.0,0.0
run-121da9d19ca4d2ed,factorial,tabular,2,reward,8,2,0,0.0,0.0
run-121da9d19ca4d2ed,factorial,tabular,2,reward,9,2,1,0.0,0.0
run-121da9d19ca4d2ed,factorial,tabular,2,reward,10,2,1,0.0,0.0
run-121da9d19ca4d2ed,factorial,tabular,2,reward,11,2,0,0.0,0.0
run-121da9d19ca4d2ed,factorial,tabular,2,reward,12,2,1,0.0,0.0
run-121da9d19ca4d2ed,factorial,tabular,2,reward,13,2,1,0.0,0.0
run-121da9d19ca4d2ed,factorial,tabular,2,reward,14,2,1,0.0,0.0
run-121da9d19ca4d2ed,factorial,tabular,2,reward,15,2,0,1.0,1.0
run-121da9d19ca4d2ed,factorial,tabular,2,reward,16,2,1,0.0,0.0
run-121da9d19ca4d2ed,factorial,tabular,2,reward,17,2,0,1.0,1.0
run-121da9d19ca4d2ed,factorial,tabular,2,reward,18,2,1,0.0,0.0
run-121da9d19ca4d2ed,factorial,tabular,2,reward,19,2,0,0.0,0.0
run-121da9d19ca4d2ed,factorial,tabular,2,reward,20,2,0,1.0,1.0
run-121da9d19ca4d2ed,factorial,tabular,2,reward,21,2,1,0.0,0.0
run-121da9d19ca4d2ed,factorial,tabular,2,reward,22,2,1,0.0,0.0
run-121da9d19ca4d2ed,factorial,tabular,2,reward,23,2,0,1.0,1.0
run-121da9d19ca4d2ed,factorial,tabular,2,reward,24,2,1,0.0,0.0
run-121da9d19ca4d2ed,factorial,tabular,2,reward,25,2,0,1.0,1.0
run-121da9d19ca4d2ed,factorial,tabular,2,reward,26,2,0,1.0,1.0
run-121da9d19ca4d2ed,factorial,tabular,2,reward,27,2,0,1.0,1.0
run-121da9d19ca4d2ed,factorial,tabular,2,reward,28,2,1,0.0,0.0
run-121da9d19ca4d2ed,factorial,tabular,2,reward,29,2,0,0.0,0.0
run-121da9d19ca4d2ed,factorial,tabular,2,reward,30,2,1,0.0,0.0
run-121da9d19ca4d2ed,factorial,tabular,2,reward,31,2,0,1.0,1.0
run-121da9d19ca4d2ed,factorial,tabular,2,reward,32,2,1,1.0,1.0
run-121da9d19ca4d2ed,factorial,tabular,2,reward,33,2,1,0.0,0.0
run-121da9d19ca4d2ed,factorial,tabular,2,reward,34,2,0,1.0,1.0
run-121da9d19ca4d2ed,factorial,tabular,2,reward,35,2,0,1.0,1.0
run-121da9d19ca4d2ed,factorial,tabular,2,reward,36,2,0,1.0,1.0
run-121da9d19ca4d2ed,factorial,tabular,2,reward,37,2,0,1.0,1.0
run-121da9d19ca4d2ed,factorial,tabular,2,reward,38,2,0,1.0,1.0
run-121da9d19ca4d2ed,factorial,tabular,2,reward,39,2,1,1.0,1.0
run-121da9d19ca4d2ed,factorial,tabular,2,reward,40,2,1,0.0,0.0
run-121da9d19ca4d2ed,factorial,tabular,2,reward,41,2,0,0.0,0.0
run-121da9d19ca4d2ed,factorial,tabular,2,reward,42,2,1,0.0,0.0
run-121da9d19ca4d2ed,factorial,tabular,2,reward,43,2,0,1.0,1.0
run-121da9d19ca4d2ed,factorial,tabular,2,reward,44,2,0,0.0,0.0
run-121da9d19ca4d2ed,factorial,tabular,2,reward,45,2,0,1.0,1.0
run-121da9d19ca4d2ed,factorial,tabular,2,reward,46,2,1,0.0,0.0
run-121da9d19ca4d2ed,factorial,tabular,2,reward,47,2,1,1.0,1.0
run-121da9d19ca4d2ed,factorial,tabular,2,reward,48,2,1,1.0,1.0
run-121da9d19ca4d2ed,factorial,tabular,2,reward,49,2,0,1.0,1.0
run-121da9d19ca4d2ed,factorial,tabular,2,reward,50,2,1,0.0,0.0
run-121da9d19ca4d2ed,factorial,tabular,2,reward,51,2,1,0.0,0.0
run-121da9d19ca4d2ed,factorial,tabular,2,reward,52,2,0,1.0,1.0
run-121da9d19ca4d2ed,factorial,tabular,2,reward,53,2,1,0.0,0.0
run-121da9d19ca4d2ed,factorial,tabular,2,reward,54,2,1,0.0,0.0
run-121da9d19ca4d2ed,factorial,tabular,2,reward,55,2,1,1.0,1.0
run-121da9d19ca4d2ed,factorial,tabular,2,reward,56,2,1,1.0,1.0
run-121da9d19ca4d2ed,factorial,tabular,2,reward,57,2,0,0.0,0.0
run-121da9d19ca4d2ed,factorial,tabular,2,reward,58,2,0,0.0,0.0
run-121da9d19ca4d2ed,factorial,tabular,2,reward,59,2,1,0.0,0.0
run-121da9d19ca4d2ed,factorial,tabular,2,reward,60,2,0,1.0,1.0
run-121da9d19ca4d2ed,factorial,tabular,2,reward,61,2,0,0.0,0.0
run-121da9d19ca4d2ed,factorial,tabular,2,reward,62,2,0,0.0,0.0
run-121da9d19ca4d2ed,factorial,tabular,2,reward,63,2,0,1.0,1.0
run-1bbd218951516148,factorial,tabular,3,reward,0,2,0,1.0,1.0
run-1bbd218951516148,factorial,tabular,3,reward,1,2,0,1.0,1.0
run-1bbd218951516148,factorial,tabular,3,reward,2,2,1,0.0,0.0
run-1bbd218951516148,factorial,tabular,3,reward,3,2,0,1.0,1.0
run-1bbd218951516148,factorial,tabular,3,reward,4,2,0,1.0,1.0
run-1bbd218951516148,factorial,tabular,3,reward,5,2,0,0.0,0.0
run-1bbd218951516148,factorial,tabular,3,reward,6,2,1,0.0,0.0
run-1bbd218951516148,factorial,tabular,3,reward,7,2,0,0.0,0.0
run-1bbd218951516148,factorial,tabular,3,reward,8,2,0,1.0,1.0
run-1bbd218951516148,factorial,tabular,3,reward,9,2,1,0.0,0.0
run-1bbd218951516148,factorial,tabular,3,reward,10,2,0,0.0,0.0
run-1bbd218951516148,factorial,tabular,3,reward,11,2,0,1.0,1.0
run-1bbd218951516148,factorial,tabular,3,reward,12,2,0,1.0,1.0
run-1bbd218951516148,factorial,tabular,3,reward,13,2,0,1.0,1.0
run-1bbd218951516148,factorial,tabular,3,reward,14,2,1,0.0,0.0
run-1bbd218951516148,factorial,tabular,3,reward,15,2,1,0.0,0.0
run-1bbd218951516148,factorial,tabular,3,reward,16,2,1,0.0,0.0
run-1bbd218951516148,factorial,tabular,3,reward,17,2,1,0.0,0.0
run-1bbd218951516148,factorial,tabular,3,reward,18,2,0,0.0,0.0
run-1bbd218951516148,factorial,tabular,3,reward,19,2,0,1.0,1.0
run-1bbd218951516148,factorial,tabular,3,reward,20,2,1,0.0,0.0
run-1bbd218951516148,factorial,tabular,3,reward,21,2,1,0.0,0.0
run-1bbd218951516148,factorial,tabular,3,reward,22,2,0,1.0,1.0
run-1bbd218951516148,factorial,tabular,3,reward,23,2,1,0.0,0.0
run-1bbd218951516148,factorial,tabular,3,reward,24,2,1,0.0,0.0
run-1bbd218951516148,factorial,tabular,3,reward,25,2,1,0.0,0.0
run-1bbd218951516148,factorial,tabular,3,reward,26,2,0,1.0,1.0
run-1bbd218951516148,factorial,tabular,3,reward,27,2,1,0.0,0.0
run-1bbd218951516148,factorial,tabular,3,reward,28,2,0,0.0,0.0
run-1bbd218951516148,factorial,tabular,3,reward,29,2,1,0.0,0.0
run-1bbd218951516148,factorial,tabular,3,reward,30,2,0,1.0,1.0
run-1bbd218951516148,factorial,tabular,3,reward,31,2,1,1.0,1.0
run-1bbd218951516148,factorial,tabular,3,reward,32,2,1,0.0,0.0
run-1bbd218951516148,factorial,tabular,3,reward,33,2,1,0.0,0.0
run-1bbd218951516148,factorial,tabular,3,reward,34,2,1,0.0,0.0
run-1bbd218951516148,factorial,tabular,3,reward,35,2,0,1.0,1.0
run-1bbd218951516148,factorial,tabular,3,reward,36,2,0,1.0,1.0
run-1bbd218951516148,factorial,tabular,3,reward,37,2,1,0.0,0.0
run-1bbd218951516148,factorial,tabular,3,reward,38,2,0,0.0,0.0
run-1bbd218951516148,factorial,tabular,3,reward,39,2,0,1.0,1.0
run-1bbd218951516148,factorial,tabular,3,reward,40,2,0,0.0,0.0
run-1bbd218951516148,factorial,tabular,3,reward,41,2,0,1.0,1.0
run-1bbd218951516148,factorial,tabular,3,reward,42,2,0,1.0,1.0
run-1bbd218951516148,factorial,tabular,3,reward,43,2,1,1.0,1.0
run-1bbd218951516148,factorial,tabular,3,reward,44,2,1,0.0,0.0
run-1bbd218951516148,factorial,tabular,3,reward,45,2,0,1.0,1.0
run-1bbd218951516148,factorial,tabular,3,reward,46,2,1,1.0,1.0
run-1bbd218951516148,factorial,tabular,3,reward,47,2,1,1.0,1.0
run-1bbd218951516148,factorial,tabular,3,reward,48,2,1,0.0,0.0
run-1bbd218951516148,factorial,tabular,3,reward,49,2,1,0.0,0.0
run-1bbd218951516148,factorial,tabular,3,reward,50,2,1,0.0,0.0
run-1bbd218951516148,factorial,tabular,3,reward,51,2,0,1.0,1.0
run-1bbd218951516148,factorial,tabular,3,reward,52,2,0,1.0,1.0
run-1bbd218951516148,factorial,tabular,3,reward,53,2,1,0.0,0.0
run-1bbd218951516148,factorial,tabular,3,reward,54,2,1,1.0,1.0
run-1bbd218951516148,factorial,tabular,3,reward,55,2,1,1.0,1.0
run-1bbd218951516148,factorial,tabular,3,reward,56,2,0,0.0,0.0
run-1bbd218951516148,factorial,tabular,3,reward,57,2,0,0.0,0.0
run-1bbd218951516148,factorial,tabular,3,reward,58,2,0,1.0,1.0
run-1bbd218951516148,factorial,tabular,3,reward,59,2,1,0.0,0.0
run-1bbd218951516148,factorial,tabular,3,reward,60,2,0,0.0,0.0
run-1bbd218951516148,factorial,tabular,3,reward,61,2,1,1.0,1.0
run-1bbd218951516148,factorial,tabular,3,reward,62,2,1,0.0,0.0
run-1bbd218951516148,factorial,tabular,3,reward,63,2,0,1.0,1.0
run-2af5faa9e1249ef5,factorial,tabular,4,reward,0,2,0,1.0,1.0
run-2af5faa9e1249ef5,factorial,tabular,4,reward,1,2,1,0.0,0.0
run-2af5faa9e1249ef5,factorial,tabular,4,reward,2,2,0,1.0,1.0
run-2af5faa9e1249ef5,factorial,tabular,4,reward,3,2,1,0.0,0.0
run-2af5faa9e1249ef5,factorial,tabular,4,reward,4,2,0,0.0,0.0
run-2af5faa9e1249ef5,factorial,tabular,4,reward,5,2,0,1.0,1.0
run-2af5faa9e1249ef5,factorial,tabular,4,reward,6,2,0,0.0,0.0
run-2af5faa9e1249ef5,factorial,tabular,4,reward,7,2,0,1.0,1.0
run-2af5faa9e1249ef5,factorial,tabular,4,reward,8,2,1,0.0,0.0
run-2af5faa9e1249ef5,factorial,tabular,4,reward,9,2,0,0.0,0.0
run-2af5faa9e1249ef5,factorial,tabular,4,reward,10,2,1,0.0,0.0
run-2af5faa9e1249ef5,factorial,tabular,4,reward,11,2,1,0.0,0.0
run-2af5faa9e1249ef5,factorial,tabular,4,reward,12,2,0,1.0,1.0
run-2af5faa9e1249ef5,factorial,tabular,4,reward,13,2,1,0.0,0.0
run-2af5faa9e1249ef5,factorial,tabular,4,reward,14,2,1,0.0,0.0
run-2af5faa9e1249ef5,factorial,tabular,4,reward,15,2,0,1.0,1.0
run-2af5faa9e1249ef5,factorial,tabular,4,reward,16,2,0,1.0,1.0
run-2af5faa9e1249ef5,factorial,tabular,4,reward,17,2,1,1.0,1.0
run-2af5faa9e1249ef5,factorial,tabular,4,reward,18,2,0,1.0,1.0
run-2af5faa9e1249ef5,factorial,tabular,4,reward,19,2,1,0.0,0.0
run-2af5faa9e1249ef5,factorial,tabular,4,reward,20,2,1,0.0,0.0
run-2af5faa9e1249ef5,factorial,tabular,4,reward,21,2,1,0.0,0.0
run-2af5faa9e1249ef5,factorial,tabular,4,reward,22,2,1,0.0,0.0
run-2af5faa9e1249ef5,factorial,tabular,4,reward,23,2,0,1.0,1.0
run-2af5faa9e1249ef5,factorial,tabular,4,reward,24,2,1,0.0,0.0
run-2af5faa9e1249ef5,factorial,tabular,4,reward,25,2,1,0.0,0.0
run-2af5faa9e1249ef5,factorial,tabular,4,reward,26,2,0,1.0,1.0
run-2af5faa9e1249ef5,factorial,tabular,4,reward,27,2,0,0.0,0.0
run-2af5faa9e1249ef5,factorial,tabular,4,reward,28,2,0,1.0,1.0
run-2af5faa9e1249ef5,factorial,tabular,4,reward,29,2,1,0.0,0.0
run-2af5faa9e1249ef5,factorial,tabular,4,reward,30,2,0,0.0,0.0
run-2af5faa9e1249ef5,factorial,tabular,4,reward,31,2,1,0.0,0.0
run-2af5faa9e1249ef5,factorial,tabular,4,reward,32,2,1,0.0,0.0
run-2af5faa9e1249ef5,factorial,tabular,4,reward,33,2,1,0.0,0.0
run-2af5faa9e1249ef5,factorial,tabular,4,reward,34,2,1,0.0,0.0
run-2af5faa9e1249ef5,factorial,tabular,4,reward,35,2,1,0.0,0.0
run-2af5faa9e1249ef5,factorial,tabular,4,reward,36,2,0,1.0,1.0
run-2af5faa9e1249ef5,factorial,tabular,4,reward,37,2,0,0.0,0.0
run-2af5faa9e1249ef5,factorial,tabular,4,reward,38,2,0,1.0,1.0
run-2af5faa9e1249ef5,factorial,tabular,4,reward,39,2,0,0.0,0.0
run-2af5faa9e1249ef5,factorial,tabular,4,reward,40,2,0,1.0,1.0
run-2af5faa9e1249ef5,factorial,tabular,4,reward,41,2,1,0.0,0.0
run-2af5faa9e1249ef5,factorial,tabular,4,reward,42,2,1,1.0,1.0
run-2af5faa9e1249ef5,factorial,tabular,4,reward,43,2,1,0.0,0.0
run-2af5faa9e1249ef5,factorial,tabular,4,reward,44,2,1,0.0,0.0
run-2af5faa9e1249ef5,factorial,tabular,4,reward,45,2,0,0.0,0.0
run-2af5faa9e1249ef5,factorial,tabular,4,reward,46,2,1,1.0,1.0
run-2af5faa9e1249ef5,factorial,tabular,4,reward,47,2,1,0.0,0.0
run-2af5faa9e1249ef5,factorial,tabular,4,reward,48,2,1,0.0,0.0
run-2af5faa9e1249ef5,factorial,tabular,4,reward,49,2,0,1.0,1.0
run-2af5faa9e1249ef5,factorial,tabular,4,reward,50,2,1,0.0,0.0
run-2af5faa9e1249ef5,factorial,tabular,4,reward,51,2,1,0.0,0.0
run-2af5faa9e1249ef5,factorial,tabular,4,reward,52,2,1,0.0,0.0
run-2af5faa9e1249ef5,factorial,tabular,4,reward,53,2,0,0.0,0.0
run-2af5faa9e1249ef5,factorial,tabular,4,reward,54,2,0,0.0,0.0
run-2af5faa9e1249ef5,factorial,tabular,4,reward,55,2,0,0.0,0.0
run-2af5faa9e1249ef5,factorial,tabular,4,reward,56,2,0,0.0,0.0
run-2af5faa9e1249ef5,factorial,tabular,4,reward,57,2,0,1.0,1.0
run-2af5faa9e1249ef5,factorial,tabular,4,reward,58,2,0,1.0,1.0
run-2af5faa9e1249ef5,factorial,tabular,4,reward,59,2,1,1.0,1.0
run-2af5faa9e1249ef5,factorial,tabular,4,reward,60,2,0,0.0,0.0
run-2af5faa9e1249ef5,factorial,tabular,4,reward,61,2,0,1.0,1.0
run-2af5faa9e1249ef5,factorial,tabular,4,reward,62,2,1,0.0,0.0
run-2af5faa9e1249ef5,factorial,tabular,4,reward,63,2,0,1.0,1.0
run-6aa66ebcebabd5f8,factorial,tabular,0,reward,0,2,0,0.0,1.0
run-6aa66ebcebabd5f8,factorial,tabular,0,reward,1,2,1,0.0,1.0
run-6aa66ebcebabd5f8,factorial,tabular,0,reward,2,2,1,0.0,1.0
run-6aa66ebcebabd5f8,factorial,tabular,0,reward,3,2,1,1.0,0.0
run-6aa66ebcebabd5f8,factorial,tabular,0,reward,4,2,1,1.0,0.0
run-6aa66ebcebabd5f8,factorial,tabular,0,reward,5,2,0,0.0,1.0
run-6aa66ebcebabd5f8,factorial,tabular,0,reward,6,2,0,0.0,1.0
run-6aa66ebcebabd5f8,factorial,tabular,0,reward,7,2,1,1.0,0.0
run-6aa66ebcebabd5f8,factorial,tabular,0,reward,8,2,1,0.0,1.0
run-6aa66ebcebabd5f8,factorial,tabular,0,reward,9,2,0,0.0,1.0
run-6aa66ebcebabd5f8,factorial,tabular,0,reward,10,2,0,1.0,0.0
run-6aa66ebcebabd5f8,factorial,tabular,0,reward,11,2,0,0.0,1.0
run-6aa66ebcebabd5f8,factorial,tabular,0,reward,12,2,1,1.0,0.0
run-6aa66ebcebabd5f8,factorial,tabular,0,reward,13,2,1,0.0,1.0
run-6aa66ebcebabd5f8,factorial,tabular,0,reward,14,2,0,0.0,1.0
run-6aa66ebcebabd5f8,factorial,tabular,0,reward,15,2,0,0.0,1.0
run-6aa66ebcebabd5f8,factorial,tabular,0,reward,16,2,1,1.0,0.0
run-6aa66ebcebabd5f8,factorial,tabular,0,reward,17,2,1,1.0,0.0
run-6aa66ebcebabd5f8,factorial,tabular,0,reward,18,2,1,1.0,0.0
run-6aa66ebcebabd5f8,factorial,tabular,0,reward,19,2,1,1.0,0.0
run-6aa66ebcebabd5f8,factorial,tabular,0,reward,20,2,0,0.0,1.0
run-6aa66ebcebabd5f8,factorial,tabular,0,reward,21,2,0,1.0,0.0
run-6aa66ebcebabd5f8,factorial,tabular,0,reward,22,2,0,0.0,1.0
run-6aa66ebcebabd5f8,factorial,tabular,0,reward,23,2,0,0.0,1.0
run-6aa66ebcebabd5f8,factorial,tabular,0,reward,24,2,0,0.0,1.0
run-6aa66ebcebabd5f8,factorial,tabular,0,reward,25,2,0,0.0,1.0
run-6aa66ebcebabd5f8,factorial,tabular,0,reward,26,2,1,1.0,0.0
run-6aa66ebcebabd5f8,factorial,tabular,0,reward,27,2,0,0.0,1.0
run-6aa66ebcebabd5f8,factorial,tabular,0,reward,28,2,1,1.0,0.0
run-6aa66ebcebabd5f8,factorial,tabular,0,reward,29,2,0,0.0,1.0
run-6aa66ebcebabd5f8,factorial,tabular,0,reward,30,2,0,0.0,1.0
run-6aa66ebcebabd5f8,factorial,tabular,0,reward,31,2,0,1.0,0.0
run-6aa66ebcebabd5f8,factorial,tabular,0,reward,32,2,1,1.0,0.0
run-6aa66ebcebabd5f8,factorial,tabular,0,reward,33,2,1,1.0,0.0
run-6aa66ebcebabd5f8,factorial,tabular,0,reward,34,2,1,0.0,1.0
run-6aa66ebcebabd5f8,factorial,tabular,0,reward,35,2,0,0.0,1.0
run-6aa66ebcebabd5f8,factorial,tabular,0,reward,36,2,0,0.0,1.0
run-6aa66ebcebabd5f8,factorial,tabular,0,reward,37,2,0,0.0,1.0
run-6aa66ebcebabd5f8,factorial,tabular,0,reward,38,2,1,1.0,0.0
run-6aa66ebcebabd5f8,factorial,tabular,0,reward,39,2,1,1.0,0.0
run-6aa66ebcebabd5f8,factorial,tabular,0,reward,40,2,0,0.0,1.0
run-6aa66ebcebabd5f8,factorial,tabular,0,reward,41,2,1,0.0,1.0
run-6aa66ebcebabd5f8,factorial,tabular,0,reward,42,2,0,0.0,1.0
run-6aa66ebcebabd5f8,factorial,tabular,0,reward,43,2,1,0.0,1.0
run-6aa66ebcebabd5f8,factorial,tabular,0,reward,44,2,0,0.0,1.0
run-6aa66ebcebabd5f8,factorial,tabular,0,reward,45,2,1,1.0,0.0
run-6aa66ebcebabd5f8,factorial,tabular,0,reward,46,2,1,0.0,1.0
run-6aa66ebcebabd5f8,factorial,tabular,0,reward,47,2,0,0.0,1.0
run-6aa66ebcebabd5f8,factorial,tabular,0,reward,48,2,0,0.0,1.0
run-6aa66ebcebabd5f8,factorial,tabular,0,reward,49,2,1,0.0,1.0
run-6aa66ebcebabd5f8,factorial,tabular,0,reward,50,2,0,1.0,0.0
run-6aa66ebcebabd5f8,factorial,tabular,0,reward,51,2,0,0.0,1.0
run-6aa66ebcebabd5f8,factorial,tabular,0,reward,52,2,0,0.0,1.0
run-6aa66ebcebabd5f8,factorial,tabular,0,reward,53,2,1,1.0,0.0
run-6aa66ebcebabd5f8,factorial,tabular,0,reward,54,2,0,0.0,1.0
run-6aa66ebcebabd5f8,factorial,tabular,0,reward,55,2,1,1.0,0.0
run-6aa66ebcebabd5f8,factorial,tabular,0,reward,56,2,0,0.0,1.0
run-6aa66ebcebabd5f8,factorial,tabular,0,reward,57,2,1,0.0,1.0
run-6aa66ebcebabd5f8,factorial,tabular,0,reward,58,2,0,1.0,0.0
run-6aa66ebcebabd5f8,factorial,tabular,0,reward,59,2,1,0.0,1.0
run-6aa66ebcebabd5f8,factorial,tabular,0,reward,60,2,1,0.0,1.0
run-6aa66ebcebabd5f8,factorial,tabular,0,reward,61,2,1,1.0,0.0
run-6aa66ebcebabd5f8,factorial,tabular,0,reward,62,2,1,1.0,0.0
run-6aa66ebcebabd5f8,factorial,tabular,0,reward,63,2,1,0.0,1.0
run-db74f721e18a5544,factorial,tabular,1,reward,0,2,1,0.0,1.0
run-db74f721e18a5544,factorial,tabular,1,reward,1,2,0,1.0,0.0
run-db74f721e18a5544,factorial,tabular,1,reward,2,2,1,1.0,0.0
run-db74f721e18a5544,factorial,tabular,1,reward,3,2,1,1.0,0.0
run-db74f721e18a5544,factorial,tabular,1,reward,4,2,0,0.0,1.0
run-db74f721e18a5544,factorial,tabular,1,reward,5,2,0,0.0,1.0
run-db74f721e18a5544,factorial,tabular,1,reward,6,2,0,0.0,1.0
run-db74f721e18a5544,factorial,tabular,1,reward,7,2,0,1.0,0.0
run-db74f721e18a5544,factorial,tabular,1,reward,8,2,1,1.0,0.0
run-db74f721e18a5544,factorial,tabular,1,reward,9,2,0,1.0,0.0
run-db74f721e18a5544,factorial,tabular,1,reward,10,2,1,1.0,0.0
run-db74f721e18a5544,factorial,tabular,1,reward,11,2,1,1.0,0.0
run-db74f721e18a5544,factorial,tabular,1,reward,12,2,1,0.0,1.0
run-db74f721e18a5544,factorial,tabular,1,reward,13,2,0,0.0,1.0
run-db74f721e18a5544,factorial,tabular,1,reward,14,2,1,1.0,0.0
run-db74f721e18a5544,factorial,tabular,1,reward,15,2,0,0.0,1.0
run-db74f721e18a5544,factorial,tabular,1,reward,16,2,0,0.0,1.0
run-db74f721e18a5544,factorial,tabular,1,reward,17,2,1,1.0,0.0
run-db74f721e18a5544,factorial,tabular,1,reward,18,2,0,0.0,1.0
run-db74f721e18a5544,factorial,tabular,1,reward,19,2,0,0.0,1.0
run-db74f721e18a5544,factorial,tabular,1,reward,20,2,1,0.0,1.0
run-db74f721e18a5544,factorial,tabular,1,reward,21,2,1,1.0,0.0
run-db74f721e18a5544,factorial,tabular,1,reward,22,2,1,1.0,0.0
run-db74f721e18a5544,factorial,tabular,1,reward,23,2,1,1.0,0.0
run-db74f721e18a5544,factorial,tabular,1,reward,24,2,1,1.0,0.0
run-db74f721e18a5544,factorial,tabular,1,reward,25,2,1,1.0,0.0
run-db74f721e18a5544,factorial,tabular,1,reward,26,2,0,0.0,1.0
run-db74f721e18a5544,factorial,tabular,1,reward,27,2,0,0.0,1.0
run-db74f721e18a5544,factorial,tabular,1,reward,28,2,0,0.0,1.0
run-db74f721e18a5544,factorial,tabular,1,reward,29,2,0,0.0,1.0
run-db74f721e18a5544,factorial,tabular,1,reward,30,2,1,0.0,1.0
run-db74f721e18a5544,factorial,tabular,1,reward,31,2,0,0.0,1.0
run-db74f721e18a5544,factorial,tabular,1,reward,32,2,1,1.0,0.0
run-db74f721e18a5544,factorial,tabular,1,reward,33,2,0,1.0,0.0
run-db74f721e18a5544,factorial,tabular,1,reward,34,2,0,0.0,1.0
run-db74f721e18a5544,factorial,tabular,1,reward,35,2,1,1.0,0.0
run-db74f721e18a5544,factorial,tabular,1,reward,36,2,1,1.0,0.0
run-db74f721e18a5544,factorial,tabular,1,reward,37,2,0,0.0,1.0
run-db74f721e18a5544,factorial,tabular,1,reward,38,2,1,1.0,0.0
run-db74f721e18a5544,factorial,tabular,1,reward,39,2,1,1.0,0.0
run-db74f721e18a5544,factorial,tabular,1,reward,40,2,0,1.0,0.0
run-db74f721e18a5544,factorial,tabular,1,reward,41,2,1,1.0,0.0
run-db74f721e18a5544,factorial,tabular,1,reward,42,2,1,0.0,1.0
run-db74f721e18a5544,factorial,tabular,1,reward,43,2,1,1.0,0.0
run-db74f721e18a5544,factorial,tabular,1,reward,44,2,0,0.0,1.0
run-db74f721e18a5544,factorial,tabular,1,reward,45,2,1,0.0,1.0
run-db74f721e18a5544,factorial,tabular,1,reward,46,2,0,0.0,1.0
run-db74f721e18a5544,factorial,tabular,1,reward,47,2,0,0.0,1.0
run-db74f721e18a5544,factorial,tabular,1,reward,48,2,0,1.0,0.0
run-db74f721e18a5544,factorial,tabular,1,reward,49,2,0,1.0,0.0
run-db74f721e18a5544,factorial,tabular,1,reward,50,2,1,1.0,0.0
run-db74f721e18a5544,factorial,tabular,1,reward,51,2,0,0.0,1.0
run-db74f721e18a5544,factorial,tabular,1,reward,52,2,0,0.0,1.0
run-db74f721e18a5544,factorial,tabular,1,reward,53,2,1,1.0,0.0
run-db74f721e18a5544,factorial,tabular,1,reward,54,2,1,1.0,0.0
run-db74f721e18a5544,factorial,tabular,1,reward,55,2,1,1.0,0.0
run-db74f721e18a5544,factorial,tabular,1,reward,56,2,0,1.0,0.0
run-db74f721e18a5544,factorial,tabular,1,reward,57,2,0,1.0,0.0
run-db74f721e18a5544,factorial,tabular,1,reward,58,2,1,0.0,1.0
run-db74f721e18a5544,factorial,tabular,1,reward,59,2,1,0.0,1.0
run-db74f721e18a5544,factorial,tabular,1,reward,60,2,1,1.0,0.0
run-db74f721e18a5544,factorial,tabular,1,reward,61,2,0,0.0,1.0
run-db74f721e18a5544,factorial,tabular,1,reward,62,2,0,1.0,0.0
run-db74f721e18a5544,factorial,tabular,1,reward,63,2,0,1.0,0.0
run-af3a5182264ef4af,factorial,tabular,2,reward,0,2,1,0.0,1.0
run-af3a5182264ef4af,factorial,tabular,2,reward,1,2,1,1.0,0.0
run-af3a5182264ef4af,factorial,tabular,2,reward,2,2,0,0.0,1.0
run-af3a5182264ef4af,factorial,tabular,2,reward,3,2,1,1.0,0.0
run-af3a5182264ef4af,factorial,tabular,2,reward,4,2,0,0.0,1.0
run-af3a5182264ef4af,factorial,tabular,2,reward,5,2,0,0.0,1.0
run-af3a5182264ef4af,factorial,tabular,2,reward,6,2,1,0.0,1.0
run-af3a5182264ef4af,factorial,tabular,2,reward,7,2,1,1.0,0.0
run-af3a5182264ef4af,factorial,tabular,2,reward,8,2,0,1.0,0.0
run-af3a5182264ef4af,factorial,tabular,2,reward,9,2,1,1.0,0.0
run-af3a5182264ef4af,factorial,tabular,2,reward,10,2,1,1.0,0.0
run-af3a5182264ef4af,factorial,tabular,2,reward,11,2,0,1.0,0.0
run-af3a5182264ef4af,factorial,tabular,2,reward,12,2,1,1.0,0.0
run-af3a5182264ef4af,factorial,tabular,2,reward,13,2,1,1.0,0.0
run-af3a5182264ef4af,factorial,tabular,2,reward,14,2,1,1.0,0.0
run-af3a5182264ef4af,factorial,tabular,2,reward,15,2,0,0.0,1.0
run-af3a5182264ef4af,factorial,tabular,2,reward,16,2,1,1.0,0.0
run-af3a5182264ef4af,factorial,tabular,2,reward,17,2,0,0.0,1.0
run-af3a5182264ef4af,factorial,tabular,2,reward,18,2,1,1.0,0.0
run-af3a5182264ef4af,factorial,tabular,2,reward,19,2,0,1.0,0.0
run-af3a5182264ef4af,factorial,tabular,2,reward,20,2,0,0.0,1.0
run-af3a5182264ef4af,factorial,tabular,2,reward,21,2,1,1.0,0.0
run-af3a5182264ef4af,factorial,tabular,2,reward,22,2,1,1.0,0.0
run-af3a5182264ef4af,factorial,tabular,2,reward,23,2,0,0.0,1.0
run-af3a5182264ef4af,factorial,tabular,2,reward,24,2,1,1.0,0.0
run-af3a5182264ef4af,factorial,tabular,2,reward,25,2,0,0.0,1.0
run-af3a5182264ef4af,factorial,tabular,2,reward,26,2,0,0.0,1.0
run-af3a5182264ef4af,factorial,tabular,2,reward,27,2,0,0.0,1.0
run-af3a5182264ef4af,factorial,tabular,2,reward,28,2,1,1.0,0.0
run-af3a5182264ef4af,factorial,tabular,2,reward,29,2,0,1.0,0.0
run-af3a5182264ef4af,factorial,tabular,2,reward,30,2,1,1.0,0.0
run-af3a5182264ef4af,factorial,tabular,2,reward,31,2,0,0.0,1.0
run-af3a5182264ef4af,factorial,tabular,2,reward,32,2,1,0.0,1.0
run-af3a5182264ef4af,factorial,tabular,2,reward,33,2,1,1.0,0.0
run-af3a5182264ef4af,factorial,tabular,2,reward,34,2,0,0.0,1.0
run-af3a5182264ef4af,factorial,tabular,2,reward,35,2,0,0.0,1.0
run-af3a5182264ef4af,factorial,tabular,2,reward,36,2,0,0.0,1.0
run-af3a5182264ef4af,factorial,tabular,2,reward,37,2,0,0.0,1.0
run-af3a5182264ef4af,factorial,tabular,2,reward,38,2,0,0.0,1.0
run-af3a5182264ef4af,factorial,tabular,2,reward,39,2,1,0.0,1.0
run-af3a5182264ef4af,factorial,tabular,2,reward,40,2,1,1.0,0.0
run-af3a5182264ef4af,factorial,tabular,2,reward,41,2,0,1.0,0.0
run-af3a5182264ef4af,factorial,tabular,2,reward,42,2,1,1.0,0.0
run-af3a5182264ef4af,factorial,tabular,2,reward,43,2,0,0.0,1.0
run-af3a5182264ef4af,factorial,tabular,2,reward,44,2,0,1.0,0.0
run-af3a5182264ef4af,factorial,tabular,2,reward,45,2,0,0.0,1.0
run-af3a5182264ef4af,factorial,tabular,2,reward,46,2,1,1.0,0.0
run-af3a5182264ef4af,factorial,tabular,2,reward,47,2,1,0.0,1.0
run-af3a5182264ef4af,factorial,tabular,2,reward,48,2,1,0.0,1.0
run-af3a5182264ef4af,factorial,tabular,2,reward,49,2,0,0.0,1.0
run-af3a5182264ef4af,factorial,tabular,2,reward,50,2,1,1.0,0.0
run-af3a5182264ef4af,factorial,tabular,2,reward,51,2,1,1.0,0.0
run-af3a5182264ef4af,factorial,tabular,2,reward,52,2,0,0.0,1.0
run-af3a5182264ef4af,factorial,tabular,2,reward,53,2,1,1.0,0.0
run-af3a5182264ef4af,factorial,tabular,2,reward,54,2,1,1.0,0.0
run-af3a5182264ef4af,factorial,tabular,2,reward,55,2,1,0.0,1.0
run-af3a5182264ef4af,factorial,tabular,2,reward,56,2,1,0.0,1.0
run-af3a5182264ef4af,factorial,tabular,2,reward,57,2,0,1.0,0.0
run-af3a5182264ef4af,factorial,tabular,2,reward,58,2,0,1.0,0.0
run-af3a5182264ef4af,factorial,tabular,2,reward,59,2,1,1.0,0.0
run-af3a5182264ef4af,factorial,tabular,2,reward,60,2,0,0.0,1.0
run-af3a5182264ef4af,factorial,tabular,2,reward,61,2,0,1.0,0.0
run-af3a5182264ef4af,factorial,tabular,2,reward,62,2,0,1.0,0.0
run-af3a5182264ef4af,factorial,tabular,2,reward,63,2,0,0.0,1.0
run-cbf0975ba864307c,factorial,tabular,3,reward,0,2,0,0.0,1.0
run-cbf0975ba864307c,factorial,tabular,3,reward,1,2,0,0.0,1.0
run-cbf0975ba864307c,factorial,tabular,3,reward,2,2,1,1.0,0.0
run-cbf0975ba864307c,factorial,tabular,3,reward,3,2,0,0.0,1.0
run-cbf0975ba864307c,factorial,tabular,3,reward,4,2,0,0.0,1.0
run-cbf0975ba864307c,factorial,tabular,3,reward,5,2,0,1.0,0.0
run-cbf0975ba864307c,factorial,tabular,3,reward,6,2,1,1.0,0.0
run-cbf0975ba864307c,factorial,tabular,3,reward,7,2,0,1.0,0.0
run-cbf0975ba864307c,factorial,tabular,3,reward,8,2,0,0.0,1.0
run-cbf0975ba864307c,factorial,tabular,3,reward,9,2,1,1.0,0.0
run-cbf0975ba864307c,factorial,tabular,3,reward,10,2,0,1.0,0.0
run-cbf0975ba864307c,factorial,tabular,3,reward,11,2,0,0.0,1.0
run-cbf0975ba864307c,factorial,tabular,3,reward,12,2,0,0.0,1.0
run-cbf0975ba864307c,factorial,tabular,3,reward,13,2,0,0.0,1.0
run-cbf0975ba864307c,factorial,tabular,3,reward,14,2,1,1.0,0.0
run-cbf0975ba864307c,factorial,tabular,3,reward,15,2,1,1.0,0.0
run-cbf0975ba864307c,factorial,tabular,3,reward,16,2,1,1.0,0.0
run-cbf0975ba864307c,factorial,tabular,3,reward,17,2,1,1.0,0.0
run-cbf0975ba864307c,factorial,tabular,3,reward,18,2,0,1.0,0.0
run-cbf0975ba864307c,factorial,tabular,3,reward,19,2,0,0.0,1.0
run-cbf0975ba864307c,factorial,tabular,3,reward,20,2,1,1.0,0.0
run-cbf0975ba864307c,factorial,tabular,3,reward,21,2,1,1.0,0.0
run-cbf0975ba864307c,factorial,tabular,3,reward,22,2,0,0.0,1.0
run-cbf0975ba864307c,factorial,tabular,3,reward,23,2,1,1.0,0.0
run-cbf0975ba864307c,factorial,tabular,3,reward,24,2,1,1.0,0.0
run-cbf0975ba864307c,factorial,tabular,3,reward,25,2,1,1.0,0.0
run-cbf0975ba864307c,factorial,tabular,3,reward,26,2,0,0.0,1.0
run-cbf0975ba864307c,factorial,tabular,3,reward,27,2,1,1.0,0.0
run-cbf0975ba864307c,factorial,tabular,3,reward,28,2,0,1.0,0.0
run-cbf0975ba864307c,factorial,tabular,3,reward,29,2,1,1.0,0.0
run-cbf0975ba864307c,factorial,tabular,3,reward,30,2,0,0.0,1.0
run-cbf0975ba864307c,factorial,tabular,3,reward,31,2,1,0.0,1.0
run-cbf0975ba864307c,factorial,tabular,3,reward,32,2,1,1.0,0.0
run-cbf0975ba864307c,factorial,tabular,3,reward,33,2,1,1.0,0.0
run-cbf0975ba864307c,factorial,tabular,3,reward,34,2,1,1.0,0.0
run-cbf0975ba864307c,factorial,tabular,3,reward,35,2,0,0.0,1.0
run-cbf0975ba864307c,factorial,tabular,3,reward,36,2,0,0.0,1.0
run-cbf0975ba864307c,factorial,tabular,3,reward,37,2,1,1.0,0.0
run-cbf0975ba864307c,factorial,tabular,3,reward,38,2,0,1.0,0.0
run-cbf0975ba864307c,factorial,tabular,3,reward,39,2,0,0.0,1.0
run-cbf0975ba864307c,factorial,tabular,3,reward,40,2,0,1.0,0.0
run-cbf0975ba864307c,factorial,tabular,3,reward,41,2,0,0.0,1.0
run-cbf0975ba864307c,factorial,tabular,3,reward,42,2,0,0.0,1.0
run-cbf0975ba864307c,factorial,tabular,3,reward,43,2,1,0.0,1.0
run-cbf0975ba864307c,factorial,tabular,3,reward,44,2,1,1.0,0.0
run-cbf0975ba864307c,factorial,tabular,3,reward,45,2,0,0.0,1.0
run-cbf0975ba864307c,factorial,tabular,3,reward,46,2,1,0.0,1.0
run-cbf0975ba864307c,factorial,tabular,3,reward,47,2,1,0.0,1.0
run-cbf0975ba864307c,factorial,tabular,3,reward,48,2,1,1.0,0.0
run-cbf0975ba864307c,factorial,tabular,3,reward,49,2,1,1.0,0.0
run-cbf0975ba864307c,factorial,tabular,3,reward,50,2,1,1.0,0.0
run-cbf0975ba864307c,factorial,tabular,3,reward,51,2,0,0.0,1.0
run-cbf0975ba864307c,factorial,tabular,3,reward,52,2,0,0.0,1.0
run-cbf0975ba864307c,factorial,tabular,3,reward,53,2,1,1.0,0.0
run-cbf0975ba864307c,factorial,tabular,3,reward,54,2,1,0.0,1.0
run-cbf0975ba864307c,factorial,tabular,3,reward,55,2,1,0.0,1.0
run-cbf0975ba864307c,factorial,tabular,3,reward,56,2,0,1.0,0.0
run-cbf0975ba864307c,factorial,tabular,3,reward,57,2,0,1.0,0.0
run-cbf0975ba864307c,factorial,tabular,3,reward,58,2,0,0.0,1.0
run-cbf0975ba864307c,factorial,tabular,3,reward,59,2,1,1.0,0.0
run-cbf0975ba864307c,factorial,tabular,3,reward,60,2,0,1.0,0.0
run-cbf0975ba864307c,factorial,tabular,3,reward,61,2,1,0.0,1.0
run-cbf0975ba864307c,factorial,tabular,3,reward,62,2,1,1.0,0.0
run-cbf0975ba864307c,factorial,tabular,3,reward,63,2,0,0.0,1.0
run-b3f8fc81d3ab166d,factorial,tabular,4,reward,0,2,0,0.0,1.0
run-b3f8fc81d3ab166d,factorial,tabular,4,reward,1,2,1,1.0,0.0
run-b3f8fc81d3ab166d,factorial,tabular,4,reward,2,2,0,0.0,1.0
run-b3f8fc81d3ab166d,factorial,tabular,4,reward,3,2,1,1.0,0.0
run-b3f8fc81d3ab166d,factorial,tabular,4,reward,4,2,0,1.0,0.0
run-b3f8fc81d3ab166d,factorial,tabular,4,reward,5,2,0,0.0,1.0
run-b3f8fc81d3ab166d,factorial,tabular,4,reward,6,2,0,1.0,0.0
run-b3f8fc81d3ab166d,factorial,tabular,4,reward,7,2,0,0.0,1.0
run-b3f8fc81d3ab166d,factorial,tabular,4,reward,8,2,1,1.0,0.0
run-b3f8fc81d3ab166d,factorial,tabular,4,reward,9,2,0,1.0,0.0
run-b3f8fc81d3ab166d,factorial,tabular,4,reward,10,2,1,1.0,0.0
run-b3f8fc81d3ab166d,factorial,tabular,4,reward,11,2,1,1.0,0.0
run-b3f8fc81d3ab166d,factorial,tabular,4,reward,12,2,0,0.0,1.0
run-b3f8fc81d3ab166d,factorial,tabular,4,reward,13,2,1,1.0,0.0
run-b3f8fc81d3ab166d,factorial,tabular,4,reward,14,2,1,1.0,0.0
run-b3f8fc81d3ab166d,factorial,tabular,4,reward,15,2,0,0.0,1.0
run-b3f8fc81d3ab166d,factorial,tabular,4,reward,16,2,0,0.0,1.0
run-b3f8fc81d3ab166d,factorial,tabular,4,reward,17,2,1,0.0,1.0
run-b3f8fc81d3ab166d,factorial,tabular,4,reward,18,2,0,0.0,1.0
run-b3f8fc81d3ab166d,factorial,tabular,4,reward,19,2,1,1.0,0.0
run-b3f8fc81d3ab166d,factorial,tabular,4,reward,20,2,1,1.0,0.0
run-b3f8fc81d3ab166d,factorial,tabular,4,reward,21,2,1,1.0,0.0
run-b3f8fc81d3ab166d,factorial,tabular,4,reward,22,2,1,1.0,0.0
run-b3f8fc81d3ab166d,factorial,tabular,4,reward,23,2,0,0.0,1.0
run-b3f8fc81d3ab166d,factorial,tabular,4,reward,24,2,1,1.0,0.0
run-b3f8fc81d3ab166d,factorial,tabular,4,reward,25,2,1,1.0,0.0
run-b3f8fc81d3ab166d,factorial,tabular,4,reward,26,2,0,0.0,1.0
run-b3f8fc81d3ab166d,factorial,tabular,4,reward,27,2,0,1.0,0.0
run-b3f8fc81d3ab166d,factorial,tabular,4,reward,28,2,0,0.0,1.0
run-b3f8fc81d3ab166d,factorial,tabular,4,reward,29,2,1,1.0,0.0
run-b3f8fc81d3ab166d,factorial,tabular,4,reward,30,2,0,1.0,0.0
run-b3f8fc81d3ab166d,factorial,tabular,4,reward,31,2,1,1.0,0.0
run-b3f8fc81d3ab166d,factorial,tabular,4,reward,32,2,1,1.0,0.0
run-b3f8fc81d3ab166d,factorial,tabular,4,reward,33,2,1,1.0,0.0
run-b3f8fc81d3ab166d,factorial,tabular,4,reward,34,2,1,1.0,0.0
run-b3f8fc81d3ab166d,factorial,tabular,4,reward,35,2,1,1.0,0.0
run-b3f8fc81d3ab166d,factorial,tabular,4,reward,36,2,0,0.0,1.0
run-b3f8fc81d3ab166d,factorial,tabular,4,reward,37,2,0,1.0,0.0
run-b3f8fc81d3ab166d,factorial,tabular,4,reward,38,2,0,0.0,1.0
run-b3f8fc81d3ab166d,factorial,tabular,4,reward,39,2,0,1.0,0.0
run-b3f8fc81d3ab166d,factorial,tabular,4,reward,40,2,0,0.0,1.0
run-b3f8fc81d3ab166d,factorial,tabular,4,reward,41,2,1,1.0,0.0
run-b3f8fc81d3ab166d,factorial,tabular,4,reward,42,2,1,0.0,1.0
run-b3f8fc81d3ab166d,factorial,tabular,4,reward,43,2,1,1.0,0.0
run-b3f8fc81d3ab166d,factorial,tabular,4,reward,44,2,1,1.0,0.0
run-b3f8fc81d3ab166d,factorial,tabular,4,reward,45,2,0,1.0,0.0
run-b3f8fc81d3ab166d,factorial,tabular,4,reward,46,2,1,0.0,1.0
run-b3f8fc81d3ab166d,factorial,tabular,4,reward,47,2,1,1.0,0.0
run-b3f8fc81d3ab166d,factorial,tabular,4,reward,48,2,1,1.0,0.0
run-b3f8fc81d3ab166d,factorial,tabular,4,reward,49,2,0,0.0,1.0
run-b3f8fc81d3ab166d,factorial,tabular,4,reward,50,2,1,1.0,0.0
run-b3f8fc81d3ab166d,factorial,tabular,4,reward,51,2,1,1.0,0.0
run-b3f8fc81d3ab166d,factorial,tabular,4,reward,52,2,1,1.0,0.0
run-b3f8fc81d3ab166d,factorial,tabular,4,reward,53,2,0,1.0,0.0
run-b3f8fc81d3ab166d,factorial,tabular,4,reward,54,2,0,1.0,0.0
run-b3f8fc81d3ab166d,factorial,tabular,4,reward,55,2,0,1.0,0.0
run-b3f8fc81d3ab166d,factorial,tabular,4,reward,56,2,0,1.0,0.0
run-b3f8fc81d3ab166d,factorial,tabular,4,reward,57,2,0,0.0,1.0
run-b3f8fc81d3ab166d,factorial,tabular,4,reward,58,2,0,0.0,1.0
run-b3f8fc81d3ab166d,factorial,tabular,4,reward,59,2,1,0.0,1.0
run-b3f8fc81d3ab166d,factorial,tabular,4,reward,60,2,0,1.0,0.0
run-b3f8fc81d3ab166d,factorial,tabular,4,reward,61,2,0,0.0,1.0
run-b3f8fc81d3ab166d,factorial,tabular,4,reward,62,2,1,1.0,0.0
run-b3f8fc81d3ab166d,factorial,tabular,4,reward,63,2,0,0.0,1.0
run-463f46bd641069f2,matched,tabular,0,reward,0,0,0,1.0,1.0
run-463f46bd641069f2,matched,tabular,0,reward,1,0,1,1.0,1.0
run-463f46bd641069f2,matched,tabular,0,reward,2,0,1,1.0,1.0
run-463f46bd641069f2,matched,tabular,0,reward,3,0,1,0.0,0.0
run-463f46bd641069f2,matched,tabular,0,reward,4,0,1,0.0,0.0
run-463f46bd641069f2,matched,tabular,0,reward,5,0,0,1.0,1.0
run-463f46bd641069f2,matched,tabular,0,reward,6,0,0,1.0,1.0
run-463f46bd641069f2,matched,tabular,0,reward,7,0,1,0.0,0.0
run-463f46bd641069f2,matched,tabular,0,reward,8,0,1,1.0,1.0
run-463f46bd641069f2,matched,tabular,0,reward,9,0,0,1.0,1.0
run-463f46bd641069f2,matched,tabular,0,reward,10,0,0,0.0,0.0
run-463f46bd641069f2,matched,tabular,0,reward,11,0,0,1.0,1.0
run-463f46bd641069f2,matched,tabular,0,reward,12,0,1,0.0,0.0
run-463f46bd641069f2,matched,tabular,0,reward,13,0,1,1.0,1.0
run-463f46bd641069f2,matched,tabular,0,reward,14,0,0,1.0,1.0
run-463f46bd641069f2,matched,tabular,0,reward,15,0,0,1.0,1.0
run-463f46bd641069f2,matched,tabular,0,reward,16,0,1,0.0,0.0
run-463f46bd641069f2,matched,tabular,0,reward,17,0,1,0.0,0.0
run-463f46bd641069f2,matched,tabular,0,reward,18,0,1,0.0,0.0
run-463f46bd641069f2,matched,tabular,0,reward,19,0,1,0.0,0.0
run-463f46bd641069f2,matched,tabular,0,reward,20,0,0,1.0,1.0
run-463f46bd641069f2,matched,tabular,0,reward,21,0,0,0.0,0.0
run-463f46bd641069f2,matched,tabular,0,reward,22,0,0,1.0,1.0
run-463f46bd641069f2,matched,tabular,0,reward,23,0,0,1.0,1.0
run-463f46bd641069f2,matched,tabular,0,reward,24,0,0,1.0,1.0
run-463f46bd641069f2,matched,tabular,0,reward,25,0,0,1.0,1.0
run-463f46bd641069f2,matched,tabular,0,reward,26,0,1,0.0,0.0
run-463f46bd641069f2,matched,tabular,0,reward,27,0,0,1.0,1.0
run-463f46bd641069f2,matched,tabular,0,reward,28,0,1,0.0,0.0
run-463f46bd641069f2,matched,tabular,0,reward,29,0,0,1.0,1.0
run-463f46bd641069f2,matched,tabular,0,reward,30,0,0,1.0,1.0
run-463f46bd641069f2,matched,tabular,0,reward,31,0,0,0.0,0.0
run-463f46bd641069f2,matched,tabular,0,reward,32,0,1,0.0,0.0
run-463f46bd641069f2,matched,tabular,0,reward,33,0,1,0.0,0.0
run-463f46bd641069f2,matched,tabular,0,reward,34,0,1,1.0,1.0
run-463f46bd641069f2,matched,tabular,0,reward,35,0,0,1.0,1.0
run-463f46bd641069f2,matched,tabular,0,reward,36,0,0,1.0,1.0
run-463f46bd641069f2,matched,tabular,0,reward,37,0,0,1.0,1.0
run-463f46bd641069f2,matched,tabular,0,reward,38,0,1,0.0,0.0
run-463f46bd641069f2,matched,tabular,0,reward,39,0,1,0.0,0.0
run-463f46bd641069f2,matched,tabular,0,reward,40,0,0,1.0,1.0
run-463f46bd641069f2,matched,tabular,0,reward,41,0,1,1.0,1.0
run-463f46bd641069f2,matched,tabular,0,reward,42,0,0,1.0,1.0
run-463f46bd641069f2,matched,tabular,0,reward,43,0,1,1.0,1.0
run-463f46bd641069f2,matched,tabular,0,reward,44,0,0,1.0,1.0
run-463f46bd641069f2,matched,tabular,0,reward,45,0,1,0.0,0.0
run-463f46bd641069f2,matched,tabular,0,reward,46,0,1,1.0,1.0
run-463f46bd641069f2,matched,tabular,0,reward,47,0,0,1.0,1.0
run-463f46bd641069f2,matched,tabular,0,reward,48,0,0,1.0,1.0
run-463f46bd641069f2,matched,tabular,0,reward,49,0,1,1.0,1.0
run-463f46bd641069f2,matched,tabular,0,reward,50,0,0,0.0,0.0
run-463f46bd641069f2,matched,tabular,0,reward,51,0,0,1.0,1.0
run-463f46bd641069f2,matched,tabular,0,reward,52,0,0,1.0,1.0
run-463f46bd641069f2,matched,tabular,0,reward,53,0,1,0.0,0.0
run-463f46bd641069f2,matched,tabular,0,reward,54,0,0,1.0,1.0
run-463f46bd641069f2,matched,tabular,0,reward,55,0,1,0.0,0.0
run-463f46bd641069f2,matched,tabular,0,reward,56,0,0,1.0,1.0
run-463f46bd641069f2,matched,tabular,0,reward,57,0,1,1.0,1.0
run-463f46bd641069f2,matched,tabular,0,reward,58,0,0,0.0,0.0
run-463f46bd641069f2,matched,tabular,0,reward,59,0,1,1.0,1.0
run-463f46bd641069f2,matched,tabular,0,reward,60,0,1,1.0,1.0
run-463f46bd641069f2,matched,tabular,0,reward,61,0,1,0.0,0.0
run-463f46bd641069f2,matched,tabular,0,reward,62,0,1,0.0,0.0
run-463f46bd641069f2,matched,tabular,0,reward,63,0,1,1.0,1.0
run-c8f476ccd17778a6,matched,tabular,1,reward,0,0,1,1.0,1.0
run-c8f476ccd17778a6,matched,tabular,1,reward,1,0,0,0.0,0.0
run-c8f476ccd17778a6,matched,tabular,1,reward,2,0,1,0.0,0.0
run-c8f476ccd17778a6,matched,tabular,1,reward,3,0,1,0.0,0.0
run-c8f476ccd17778a6,matched,tabular,1,reward,4,0,0,1.0,1.0
run-c8f476ccd17778a6,matched,tabular,1,reward,5,0,0,1.0,1.0
run-c8f476ccd17778a6,matched,tabular,1,reward,6,0,0,1.0,1.0
run-c8f476ccd17778a6,matched,tabular,1,reward,7,0,0,0.0,0.0
run-c8f476ccd17778a6,matched,tabular,1,reward,8,0,1,0.0,0.0
run-c8f476ccd17778a6,matched,tabular,1,reward,9,0,0,0.0,0.0
run-c8f476ccd17778a6,matched,tabular,1,reward,10,0,1,0.0,0.0
run-c8f476ccd17778a6,matched,tabular,1,reward,11,0,1,0.0,0.0
run-c8f476ccd17778a6,matched,tabular,1,reward,12,0,1,1.0,1.0
run-c8f476ccd17778a6,matched,tabular,1,reward,13,0,0,1.0,1.0
run-c8f476ccd17778a6,matched,tabular,1,reward,14,0,1,0.0,0.0
run-c8f476ccd17778a6,matched,tabular,1,reward,15,0,0,1.0,1.0
run-c8f476ccd17778a6,matched,tabular,1,reward,16,0,0,1.0,1.0
run-c8f476ccd17778a6,matched,tabular,1,reward,17,0,1,0.0,0.0
run-c8f476ccd17778a6,matched,tabular,1,reward,18,0,0,1.0,1.0
run-c8f476ccd17778a6,matched,tabular,1,reward,19,0,0,1.0,1.0
run-c8f476ccd17778a6,matched,tabular,1,reward,20,0,1,1.0,1.0
run-c8f476ccd17778a6,matched,tabular,1,reward,21,0,1,0.0,0.0
run-c8f476ccd17778a6,matched,tabular,1,reward,22,0,1,0.0,0.0
run-c8f476ccd17778a6,matched,tabular,1,reward,23,0,1,0.0,0.0
run-c8f476ccd17778a6,matched,tabular,1,reward,24,0,1,0.0,0.0
run-c8f476ccd17778a6,matched,tabular,1,reward,25,0,1,0.0,0.0
run-c8f476ccd17778a6,matched,tabular,1,reward,26,0,0,1.0,1.0
run-c8f476ccd17778a6,matched,tabular,1,reward,27,0,0,1.0,1.0
run-c8f476ccd17778a6,matched,tabular,1,reward,28,0,0,1.0,1.0
run-c8f476ccd17778a6,matched,tabular,1,reward,29,0,0,1.0,1.0
run-c8f476ccd17778a6,matched,tabular,1,reward,30,0,1,1.0,1.0
run-c8f476ccd17778a6,matched,tabular,1,reward,31,0,0,1.0,1.0
run-c8f476ccd17778a6,matched,tabular,1,reward,32,0,1,0.0,0.0
run-c8f476ccd17778a6,matched,tabular,1,reward,33,0,0,0.0,0.0
run-c8f476ccd17778a6,matched,tabular,1,reward,34,0,0,1.0,1.0
run-c8f476ccd17778a6,matched,tabular,1,reward,35,0,1,0.0,0.0
run-c8f476ccd17778a6,matched,tabular,1,reward,36,0,1,0.0,0.0
run-c8f476ccd17778a6,matched,tabular,1,reward,37,0,0,1.0,1.0
run-c8f476ccd17778a6,matched,tabular,1,reward,38,0,1,0.0,0.0
run-c8f476ccd17778a6,matched,tabular,1,reward,39,0,1,0.0,0.0
run-c8f476ccd17778a6,matched,tabular,1,reward,40,0,0,0.0,0.0
run-c8f476ccd17778a6,matched,tabular,1,reward,41,0,1,0.0,0.0
run-c8f476ccd17778a6,matched,tabular,1,reward,42,0,1,1.0,1.0
run-c8f476ccd17778a6,matched,tabular,1,reward,43,0,1,0.0,0.0
run-c8f476ccd17778a6,matched,tabular,1,reward,44,0,0,1.0,1.0
run-c8f476ccd17778a6,matched,tabular,1,reward,45,0,1,1.0,1.0
run-c8f476ccd17778a6,matched,tabular,1,reward,46,0,0,1.0,1.0
run-c8f476ccd17778a6,matched,tabular,1,reward,47,0,0,1.0,1.0
run-c8f476ccd17778a6,matched,tabular,1,reward,48,0,0,0.0,0.0
run-c8f476ccd17778a6,matched,tabular,1,reward,49,0,0,0.0,0.0
run-c8f476ccd17778a6,matched,tabular,1,reward,50,0,1,0.0,0.0
run-c8f476ccd17778a6,matched,tabular,1,reward,51,0,0,1.0,1.0
run-c8f476ccd17778a6,matched,tabular,1,reward,52,0,0,1.0,1.0
run-c8f476ccd17778a6,matched,tabular,1,reward,53,0,1,0.0,0.0
run-c8f476ccd17778a6,matched,tabular,1,reward,54,0,1,0.0,0.0
run-c8f476ccd17778a6,matched,tabular,1,reward,55,0,1,0.0,0.0
run-c8f476ccd17778a6,matched,tabular,1,reward,56,0,0,0.0,0.0
run-c8f476ccd17778a6,matched,tabular,1,reward,57,0,0,0.0,0.0
run-c8f476ccd17778a6,matched,tabular,1,reward,58,0,1,1.0,1.0
run-c8f476ccd17778a6,matched,tabular,1,reward,59,0,1,1.0,1.0
run-c8f476ccd17778a6,matched,tabular,1,reward,60,0,1,0.0,0.0
run-c8f476ccd17778a6,matched,tabular,1,reward,61,0,0,1.0,1.0
run-c8f476ccd17778a6,matched,tabular,1,reward,62,0,0,0.0,0.0
run-c8f476ccd17778a6,matched,tabular,1,reward,63,0,0,0.0,0.0
run-992bbb5c08e1c3ed,matched,tabular,2,reward,0,0,1,1.0,1.0
run-992bbb5c08e1c3ed,matched,tabular,2,reward,1,0,1,0.0,0.0
run-992bbb5c08e1c3ed,matched,tabular,2,reward,2,0,0,1.0,1.0
run-992bbb5c08e1c3ed,matched,tabular,2,reward,3,0,1,0.0,0.0
run-992bbb5c08e1c3ed,matched,tabular,2,reward,4,0,0,1.0,1.0
run-992bbb5c08e1c3ed,matched,tabular,2,reward,5,0,0,1.0,1.0
run-992bbb5c08e1c3ed,matched,tabular,2,reward,6,0,1,1.0,1.0
run-992bbb5c08e1c3ed,matched,tabular,2,reward,7,0,1,0.0,0.0
run-992bbb5c08e1c3ed,matched,tabular,2,reward,8,0,0,0.0,0.0
run-992bbb5c08e1c3ed,matched,tabular,2,reward,9,0,1,0.0,0.0
run-992bbb5c08e1c3ed,matched,tabular,2,reward,10,0,1,0.0,0.0
run-992bbb5c08e1c3ed,matched,tabular,2,reward,11,0,0,0.0,0.0
run-992bbb5c08e1c3ed,matched,tabular,2,reward,12,0,1,0.0,0.0
run-992bbb5c08e1c3ed,matched,tabular,2,reward,13,0,1,0.0,0.0
run-992bbb5c08e1c3ed,matched,tabular,2,reward,14,0,1,0.0,0.0
run-992bbb5c08e1c3ed,matched,tabular,2,reward,15,0,0,1.0,1.0
run-992bbb5c08e1c3ed,matched,tabular,2,reward,16,0,1,0.0,0.0
run-992bbb5c08e1c3ed,matched,tabular,2,reward,17,0,0,1.0,1.0
run-992bbb5c08e1c3ed,matched,tabular,2,reward,18,0,1,0.0,0.0
run-992bbb5c08e1c3ed,matched,tabular,2,reward,19,0,0,0.0,0.0
run-992bbb5c08e1c3ed,matched,tabular,2,reward,20,0,0,1.0,1.0
run-992bbb5c08e1c3ed,matched,tabular,2,reward,21,0,1,0.0,0.0
run-992bbb5c08e1c3ed,matched,tabular,2,reward,22,0,1,0.0,0.0
run-992bbb5c08e1c3ed,matched,tabular,2,reward,23,0,0,1.0,1.0
run-992bbb5c08e1c3ed,matched,tabular,2,reward,24,0,1,0.0,0.0
run-992bbb5c08e1c3ed,matched,tabular,2,reward,25,0,0,1.0,1.0
run-992bbb5c08e1c3ed,matched,tabular,2,reward,26,0,0,1.0,1.0
run-992bbb5c08e1c3ed,matched,tabular,2,reward,27,0,0,1.0,1.0
run-992bbb5c08e1c3ed,matched,tabular,2,reward,28,0,1,0.0,0.0
run-992bbb5c08e1c3ed,matched,tabular,2,reward,29,0,0,0.0,0.0
run-992bbb5c08e1c3ed,matched,tabular,2,reward,30,0,1,0.0,0.0
run-992bbb5c08e1c3ed,matched,tabular,2,reward,31,0,0,1.0,1.0
run-992bbb5c08e1c3ed,matched,tabular,2,reward,32,0,1,1.0,1.0
run-992bbb5c08e1c3ed,matched,tabular,2,reward,33,0,1,0.0,0.0
run-992bbb5c08e1c3ed,matched,tabular,2,reward,34,0,0,1.0,1.0
run-992bbb5c08e1c3ed,matched,tabular,2,reward,35,0,0,1.0,1.0
run-992bbb5c08e1c3ed,matched,tabular,2,reward,36,0,0,1.0,1.0
run-992bbb5c08e1c3ed,matched,tabular,2,reward,37,0,0,1.0,1.0
run-992bbb5c08e1c3ed,matched,tabular,2,reward,38,0,0,1.0,1.0
run-992bbb5c08e1c3ed,matched,tabular,2,reward,39,0,1,1.0,1.0
run-992bbb5c08e1c3ed,matched,tabular,2,reward,40,0,1,0.0,0.0
run-992bbb5c08e1c3ed,matched,tabular,2,reward,41,0,0,0.0,0.0
run-992bbb5c08e1c3ed,matched,tabular,2,reward,42,0,1,0.0,0.0
run-992bbb5c08e1c3ed,matched,tabular,2,reward,43,0,0,1.0,1.0
run-992bbb5c08e1c3ed,matched,tabular,2,reward,44,0,0,0.0,0.0
run-992bbb5c08e1c3ed,matched,tabular,2,reward,45,0,0,1.0,1.0
run-992bbb5c08e1c3ed,matched,tabular,2,reward,46,0,1,0.0,0.0
run-992bbb5c08e1c3ed,matched,tabular,2,reward,47,0,1,1.0,1.0
run-992bbb5c08e1c3ed,matched,tabular,2,reward,48,0,1,1.0,1.0
run-992bbb5c08e1c3ed,matched,tabular,2,reward,49,0,0,1.0,1.0
run-992bbb5c08e1c3ed,matched,tabular,2,reward,50,0,1,0.0,0.0
run-992bbb5c08e1c3ed,matched,tabular,2,reward,51,0,1,0.0,0.0
run-992bbb5c08e1c3ed,matched,tabular,2,reward,52,0,0,1.0,1.0
run-992bbb5c08e1c3ed,matched,tabular,2,reward,53,0,1,0.0,0.0
run-992bbb5c08e1c3ed,matched,tabular,2,reward,54,0,1,0.0,0.0
run-992bbb5c08e1c3ed,matched,tabular,2,reward,55,0,1,1.0,1.0
run-992bbb5c08e1c3ed,matched,tabular,2,reward,56,0,1,1.0,1.0
run-992bbb5c08e1c3ed,matched,tabular,2,reward,57,0,0,0.0,0.0
run-992bbb5c08e1c3ed,matched,tabular,2,reward,58,0,0,0.0,0.0
run-992bbb5c08e1c3ed,matched,tabular,2,reward,59,0,1,0.0,0.0
run-992bbb5c08e1c3ed,matched,tabular,2,reward,60,0,0,1.0,1.0
run-992bbb5c08e1c3ed,matched,tabular,2,reward,61,0,0,0.0,0.0
run-992bbb5c08e1c3ed,matched,tabular,2,reward,62,0,0,0.0,0.0
run-992bbb5c08e1c3ed,matched,tabular,2,reward,63,0,0,1.0,1.0
run-08c1d88596342d1b,matched,tabular,3,reward,0,0,0,1.0,1.0
run-08c1d88596342d1b,matched,tabular,3,reward,1,0,0,1.0,1.0
run-08c1d88596342d1b,matched,tabular,3,reward,2,0,1,0.0,0.0
run-08c1d88596342d1b,matched,tabular,3,reward,3,0,0,1.0,1.0
run-08c1d88596342d1b,matched,tabular,3,reward,4,0,0,1.0,1.0
run-08c1d88596342d1b,matched,tabular,3,reward,5,0,0,0.0,0.0
run-08c1d88596342d1b,matched,tabular,3,reward,6,0,1,0.0,0.0
run-08c1d88596342d1b,matched,tabular,3,reward,7,0,0,0.0,0.0
run-08c1d88596342d1b,matched,tabular,3,reward,8,0,0,1.0,1.0
run-08c1d88596342d1b,matched,tabular,3,reward,9,0,1,0.0,0.0
run-08c1d88596342d1b,matched,tabular,3,reward,10,0,0,0.0,0.0
run-08c1d88596342d1b,matched,tabular,3,reward,11,0,0,1.0,1.0
run-08c1d88596342d1b,matched,tabular,3,reward,12,0,0,1.0,1.0
run-08c1d88596342d1b,matched,tabular,3,reward,13,0,0,1.0,1.0
run-08c1d88596342d1b,matched,tabular,3,reward,14,0,1,0.0,0.0
run-08c1d88596342d1b,matched,tabular,3,reward,15,0,1,0.0,0.0
run-08c1d88596342d1b,matched,tabular,3,reward,16,0,1,0.0,0.0
run-08c1d88596342d1b,matched,tabular,3,reward,17,0,1,0.0,0.0
run-08c1d88596342d1b,matched,tabular,3,reward,18,0,0,0.0,0.0
run-08c1d88596342d1b,matched,tabular,3,reward,19,0,0,1.0,1.0
run-08c1d88596342d1b,matched,tabular,3,reward,20,0,1,0.0,0.0
run-08c1d88596342d1b,matched,tabular,3,reward,21,0,1,0.0,0.0
run-08c1d88596342d1b,matched,tabular,3,reward,22,0,0,1.0,1.0
run-08c1d88596342d1b,matched,tabular,3,reward,23,0,1,0.0,0.0
run-08c1d88596342d1b,matched,tabular,3,reward,24,0,1,0.0,0.0
run-08c1d88596342d1b,matched,tabular,3,reward,25,0,1,0.0,0.0
run-08c1d88596342d1b,matched,tabular,3,reward,26,0,0,1.0,1.0
run-08c1d88596342d1b,matched,tabular,3,reward,27,0,1,0.0,0.0
run-08c1d88596342d1b,matched,tabular,3,reward,28,0,0,0.0,0.0
run-08c1d88596342d1b,matched,tabular,3,reward,29,0,1,0.0,0.0
run-08c1d88596342d1b,matched,tabular,3,reward,30,0,0,1.0,1.0
run-08c1d88596342d1b,matched,tabular,3,reward,31,0,1,1.0,1.0
run-08c1d88596342d1b,matched,tabular,3,reward,32,0,1,0.0,0.0
run-08c1d88596342d1b,matched,tabular,3,reward,33,0,1,0.0,0.0
run-08c1d88596342d1b,matched,tabular,3,reward,34,0,1,0.0,0.0
run-08c1d88596342d1b,matched,tabular,3,reward,35,0,0,1.0,1.0
run-08c1d88596342d1b,matched,tabular,3,reward,36,0,0,1.0,1.0
run-08c1d88596342d1b,matched,tabular,3,reward,37,0,1,0.0,0.0
run-08c1d88596342d1b,matched,tabular,3,reward,38,0,0,0.0,0.0
run-08c1d88596342d1b,matched,tabular,3,reward,39,0,0,1.0,1.0
run-08c1d88596342d1b,matched,tabular,3,reward,40,0,0,0.0,0.0
run-08c1d88596342d1b,matched,tabular,3,reward,41,0,0,1.0,1.0
run-08c1d88596342d1b,matched,tabular,3,reward,42,0,0,1.0,1.0
run-08c1d88596342d1b,matched,tabular,3,reward,43,0,1,1.0,1.0
run-08c1d88596342d1b,matched,tabular,3,reward,44,0,1,0.0,0.0
run-08c1d88596342d1b,matched,tabular,3,reward,45,0,0,1.0,1.0
run-08c1d88596342d1b,matched,tabular,3,reward,46,0,1,1.0,1.0
run-08c1d88596342d1b,matched,tabular,3,reward,47,0,1,1.0,1.0
run-08c1d88596342d1b,matched,tabular,3,reward,48,0,1,0.0,0.0
run-08c1d88596342d1b,matched,tabular,3,reward,49,0,1,0.0,0.0
run-08c1d88596342d1b,matched,tabular,3,reward,50,0,1,0.0,0.0
run-08c1d88596342d1b,matched,tabular,3,reward,51,0,0,1.0,1.0
run-08c1d88596342d1b,matched,tabular,3,reward,52,0,0,1.0,1.0
run-08c1d88596342d1b,matched,tabular,3,reward,53,0,1,0.0,0.0
run-08c1d88596342d1b,matched,tabular,3,reward,54,0,1,1.0,1.0
run-08c1d88596342d1b,matched,tabular,3,reward,55,0,1,1.0,1.0
run-08c1d88596342d1b,matched,tabular,3,reward,56,0,0,0.0,0.0
run-08c1d88596342d1b,matched,tabular,3,reward,57,0,0,0.0,0.0
run-08c1d88596342d1b,matched,tabular,3,reward,58,0,0,1.0,1.0
run-08c1d88596342d1b,matched,tabular,3,reward,59,0,1,0.0,0.0
run-08c1d88596342d1b,matched,tabular,3,reward,60,0,0,0.0,0.0
run-08c1d88596342d1b,matched,tabular,3,reward,61,0,1,1.0,1.0
run-08c1d88596342d1b,matched,tabular,3,reward,62,0,1,0.0,0.0
run-08c1d88596342d1b,matched,tabular,3,reward,63,0,0,1.0,1.0
run-f9d959789470fbfd,matched,tabular,4,reward,0,0,0,1.0,1.0
run-f9d959789470fbfd,matched,tabular,4,reward,1,0,1,0.0,0.0
run-f9d959789470fbfd,matched,tabular,4,reward,2,0,0,1.0,1.0
run-f9d959789470fbfd,matched,tabular,4,reward,3,0,1,0.0,0.0
run-f9d959789470fbfd,matched,tabular,4,reward,4,0,0,0.0,0.0
run-f9d959789470fbfd,matched,tabular,4,reward,5,0,0,1.0,1.0
run-f9d959789470fbfd,matched,tabular,4,reward,6,0,0,0.0,0.0
run-f9d959789470fbfd,matched,tabular,4,reward,7,0,0,1.0,1.0
run-f9d959789470fbfd,matched,tabular,4,reward,8,0,1,0.0,0.0
run-f9d959789470fbfd,matched,tabular,4,reward,9,0,0,0.0,0.0
run-f9d959789470fbfd,matched,tabular,4,reward,10,0,1,0.0,0.0
run-f9d959789470fbfd,matched,tabular,4,reward,11,0,1,0.0,0.0
run-f9d959789470fbfd,matched,tabular,4,reward,12,0,0,1.0,1.0
run-f9d959789470fbfd,matched,tabular,4,reward,13,0,1,0.0,0.0
run-f9d959789470fbfd,matched,tabular,4,reward,14,0,1,0.0,0.0
run-f9d959789470fbfd,matched,tabular,4,reward,15,0,0,1.0,1.0
run-f9d959789470fbfd,matched,tabular,4,reward,16,0,0,1.0,1.0
run-f9d959789470fbfd,matched,tabular,4,reward,17,0,1,1.0,1.0
run-f9d959789470fbfd,matched,tabular,4,reward,18,0,0,1.0,1.0
run-f9d959789470fbfd,matched,tabular,4,reward,19,0,1,0.0,0.0
run-f9d959789470fbfd,matched,tabular,4,reward,20,0,1,0.0,0.0
run-f9d959789470fbfd,matched,tabular,4,reward,21,0,1,0.0,0.0
run-f9d959789470fbfd,matched,tabular,4,reward,22,0,1,0.0,0.0
run-f9d959789470fbfd,matched,tabular,4,reward,23,0,0,1.0,1.0
run-f9d959789470fbfd,matched,tabular,4,reward,24,0,1,0.0,0.0
run-f9d959789470fbfd,matched,tabular,4,reward,25,0,1,0.0,0.0
run-f9d959789470fbfd,matched,tabular,4,reward,26,0,0,1.0,1.0
run-f9d959789470fbfd,matched,tabular,4,reward,27,0,0,0.0,0.0
run-f9d959789470fbfd,matched,tabular,4,reward,28,0,0,1.0,1.0
run-f9d959789470fbfd,matched,tabular,4,reward,29,0,1,0.0,0.0
run-f9d959789470fbfd,matched,tabular,4,reward,30,0,0,0.0,0.0
run-f9d959789470fbfd,matched,tabular,4,reward,31,0,1,0.0,0.0
run-f9d959789470fbfd,matched,tabular,4,reward,32,0,1,0.0,0.0
run-f9d959789470fbfd,matched,tabular,4,reward,33,0,1,0.0,0.0
run-f9d959789470fbfd,matched,tabular,4,reward,34,0,1,0.0,0.0
run-f9d959789470fbfd,matched,tabular,4,reward,35,0,1,0.0,0.0
run-f9d959789470fbfd,matched,tabular,4,reward,36,0,0,1.0,1.0
run-f9d959789470fbfd,matched,tabular,4,reward,37,0,0,0.0,0.0
run-f9d959789470fbfd,matched,tabular,4,reward,38,0,0,1.0,1.0
run-f9d959789470fbfd,matched,tabular,4,reward,39,0,0,0.0,0.0
run-f9d959789470fbfd,matched,tabular,4,reward,40,0,0,1.0,1.0
run-f9d959789470fbfd,matched,tabular,4,reward,41,0,1,0.0,0.0
run-f9d959789470fbfd,matched,tabular,4,reward,42,0,1,1.0,1.0
run-f9d959789470fbfd,matched,tabular,4,reward,43,0,1,0.0,0.0
run-f9d959789470fbfd,matched,tabular,4,reward,44,0,1,0.0,0.0
run-f9d959789470fbfd,matched,tabular,4,reward,45,0,0,0.0,0.0
run-f9d959789470fbfd,matched,tabular,4,reward,46,0,1,1.0,1.0
run-f9d959789470fbfd,matched,tabular,4,reward,47,0,1,0.0,0.0
run-f9d959789470fbfd,matched,tabular,4,reward,48,0,1,0.0,0.0
run-f9d959789470fbfd,matched,tabular,4,reward,49,0,0,1.0,1.0
run-f9d959789470fbfd,matched,tabular,4,reward,50,0,1,0.0,0.0
run-f9d959789470fbfd,matched,tabular,4,reward,51,0,1,0.0,0.0
run-f9d959789470fbfd,matched,tabular,4,reward,52,0,1,0.0,0.0
run-f9d959789470fbfd,matched,tabular,4,reward,53,0,0,0.0,0.0
run-f9d959789470fbfd,matched,tabular,4,reward,54,0,0,0.0,0.0
run-f9d959789470fbfd,matched,tabular,4,reward,55,0,0,0.0,0.0
run-f9d959789470fbfd,matched,tabular,4,reward,56,0,0,0.0,0.0
run-f9d959789470fbfd,matched,tabular,4,reward,57,0,0,1.0,1.0
run-f9d959789470fbfd,matched,tabular,4,reward,58,0,0,1.0,1.0
run-f9d959789470fbfd,matched,tabular,4,reward,59,0,1,1.0,1.0
run-f9d959789470fbfd,matched,tabular,4,reward,60,0,0,0.0,0.0
run-f9d959789470fbfd,matched,tabular,4,reward,61,0,0,1.0,1.0
run-f9d959789470fbfd,matched,tabular,4,reward,62,0,1,0.0,0.0
run-f9d959789470fbfd,matched,tabular,4,reward,63,0,0,1.0,1.0
run-b1fcf653f20ef7ab,matched,tabular,0,reward,0,0,0,1.0,0.0
run-b1fcf653f20ef7ab,matched,tabular,0,reward,1,0,1,0.0,1.0
run-b1fcf653f20ef7ab,matched,tabular,0,reward,2,0,1,0.0,1.0
run-b1fcf653f20ef7ab,matched,tabular,0,reward,3,0,1,0.0,1.0
run-b1fcf653f20ef7ab,matched,tabular,0,reward,4,0,1,0.0,1.0
run-b1fcf653f20ef7ab,matched,tabular,0,reward,5,0,0,0.0,0.0
run-b1fcf653f20ef7ab,matched,tabular,0,reward,6,0,0,1.0,0.0
run-b1fcf653f20ef7ab,matched,tabular,0,reward,7,0,1,0.0,1.0
run-b1fcf653f20ef7ab,matched,tabular,0,reward,8,0,1,0.0,1.0
run-b1fcf653f20ef7ab,matched,tabular,0,reward,9,0,0,1.0,0.0
run-b1fcf653f20ef7ab,matched,tabular,0,reward,10,0,0,1.0,0.0
run-b1fcf653f20ef7ab,matched,tabular,0,reward,11,0,0,1.0,0.0
run-b1fcf653f20ef7ab,matched,tabular,0,reward,12,0,1,1.0,1.0
run-b1fcf653f20ef7ab,matched,tabular,0,reward,13,0,1,0.0,1.0
run-b1fcf653f20ef7ab,matched,tabular,0,reward,14,0,0,1.0,0.0
run-b1fcf653f20ef7ab,matched,tabular,0,reward,15,0,0,0.0,0.0
run-b1fcf653f20ef7ab,matched,tabular,0,reward,16,0,1,0.0,1.0
run-b1fcf653f20ef7ab,matched,tabular,0,reward,17,0,1,0.0,1.0
run-b1fcf653f20ef7ab,matched,tabular,0,reward,18,0,1,0.0,1.0
run-b1fcf653f20ef7ab,matched,tabular,0,reward,19,0,1,0.0,1.0
run-b1fcf653f20ef7ab,matched,tabular,0,reward,20,0,0,1.0,0.0
run-b1fcf653f20ef7ab,matched,tabular,0,reward,21,0,0,1.0,0.0
run-b1fcf653f20ef7ab,matched,tabular,0,reward,22,0,0,1.0,0.0
run-b1fcf653f20ef7ab,matched,tabular,0,reward,23,0,0,1.0,0.0
run-b1fcf653f20ef7ab,matched,tabular,0,reward,24,0,0,1.0,0.0
run-b1fcf653f20ef7ab,matched,tabular,0,reward,25,0,0,1.0,0.0
run-b1fcf653f20ef7ab,matched,tabular,0,reward,26,0,1,1.0,1.0
run-b1fcf653f20ef7ab,matched,tabular,0,reward,27,0,0,1.0,0.0
run-b1fcf653f20ef7ab,matched,tabular,0,reward,28,0,1,0.0,1.0
run-b1fcf653f20ef7ab,matched,tabular,0,reward,29,0,0,1.0,0.0
run-b1fcf653f20ef7ab,matched,tabular,0,reward,30,0,0,1.0,0.0
run-b1fcf653f20ef7ab,matched,tabular,0,reward,31,0,0,1.0,0.0
run-b1fcf653f20ef7ab,matched,tabular,0,reward,32,0,1,0.0,1.0
run-b1fcf653f20ef7ab,matched,tabular,0,reward,33,0,1,0.0,1.0
run-b1fcf653f20ef7ab,matched,tabular,0,reward,34,0,1,0.0,1.0
run-b1fcf653f20ef7ab,matched,tabular,0,reward,35,0,0,1.0,0.0
run-b1fcf653f20ef7ab,matched,tabular,0,reward,36,0,0,1.0,0.0
run-b1fcf653f20ef7ab,matched,tabular,0,reward,37,0,0,1.0,0.0
run-b1fcf653f20ef7ab,matched,tabular,0,reward,38,0,1,0.0,1.0
run-b1fcf653f20ef7ab,matched,tabular,0,reward,39,0,1,0.0,1.0
run-b1fcf653f20ef7ab,matched,tabular,0,reward,40,0,0,0.0,0.0
run-b1fcf653f20ef7ab,matched,tabular,0,reward,41,0,1,1.0,1.0
run-b1fcf653f20ef7ab,matched,tabular,0,reward,42,0,0,1.0,0.0
run-b1fcf653f20ef7ab,matched,tabular,0,reward,43,0,1,1.0,1.0
run-b1fcf653f20ef7ab,matched,tabular,0,reward,44,0,0,1.0,0.0
run-b1fcf653f20ef7ab,matched,tabular,0,reward,45,0,1,1.0,1.0
run-b1fcf653f20ef7ab,matched,tabular,0,reward,46,0,1,0.0,1.0
run-b1fcf653f20ef7ab,matched,tabular,0,reward,47,0,0,1.0,0.0
run-b1fcf653f20ef7ab,matched,tabular,0,reward,48,0,0,1.0,0.0
run-b1fcf653f20ef7ab,matched,tabular,0,reward,49,0,1,0.0,1.0
run-b1fcf653f20ef7ab,matched,tabular,0,reward,50,0,0,1.0,0.0
run-b1fcf653f20ef7ab,matched,tabular,0,reward,51,0,0,0.0,0.0
run-b1fcf653f20ef7ab,matched,tabular,0,reward,52,0,0,1.0,0.0
run-b1fcf653f20ef7ab,matched,tabular,0,reward,53,0,1,0.0,1.0
run-b1fcf653f20ef7ab,matched,tabular,0,reward,54,0,0,0.0,0.0
run-b1fcf653f20ef7ab,matched,tabular,0,reward,55,0,1,0.0,1.0
run-b1fcf653f20ef7ab,matched,tabular,0,reward,56,0,0,1.0,0.0
run-b1fcf653f20ef7ab,matched,tabular,0,reward,57,0,1,0.0,1.0
run-b1fcf653f20ef7ab,matched,tabular,0,reward,58,0,0,1.0,0.0
run-b1fcf653f20ef7ab,matched,tabular,0,reward,59,0,1,0.0,1.0
run-b1fcf653f20ef7ab,matched,tabular,0,reward,60,0,1,0.0,1.0
run-b1fcf653f20ef7ab,matched,tabular,0,reward,61,0,1,0.0,1.0
run-b1fcf653f20ef7ab,matched,tabular,0,reward,62,0,1,0.0,1.0
run-b1fcf653f20ef7ab,matched,tabular,0,reward,63,0,1,0.0,1.0
run-71f95d117466b4e8,matched,tabular,1,reward,0,0,1,0.0,1.0
run-71f95d117466b4e8,matched,tabular,1,reward,1,0,0,1.0,0.0
run-71f95d117466b4e8,matched,tabular,1,reward,2,0,1,0.0,1.0
run-71f95d117466b4e8,matched,tabular,1,reward,3,0,1,0.0,1.0
run-71f95d117466b4e8,matched,tabular,1,reward,4,0,0,0.0,0.0
run-71f95d117466b4e8,matched,tabular,1,reward,5,0,0,1.0,0.0
run-71f95d117466b4e8,matched,tabular,1,reward,6,0,0,0.0,0.0
run-71f95d117466b4e8,matched,tabular,1,reward,7,0,0,1.0,0.0
run-71f95d117466b4e8,matched,tabular,1,reward,8,0,1,0.0,1.0
run-71f95d117466b4e8,matched,tabular,1,reward,9,0,0,1.0,0.0
run-71f95d117466b4e8,matched,tabular,1,reward,10,0,1,0.0,1.0
run-71f95d117466b4e8,matched,tabular,1,reward,11,0,1,1.0,1.0
run-71f95d117466b4e8,matched,tabular,1,reward,12,0,1,0.0,1.0
run-71f95d117466b4e8,matched,tabular,1,reward,13,0,0,1.0,0.0
run-71f95d117466b4e8,matched,tabular,1,reward,14,0,1,0.0,1.0
run-71f95d117466b4e8,matched,tabular,1,reward,15,0,0,0.0,0.0
run-71f95d117466b4e8,matched,tabular,1,reward,16,0,0,1.0,0.0
run-71f95d117466b4e8,matched,tabular,1,reward,17,0,1,0.0,1.0
run-71f95d117466b4e8,matched,tabular,1,reward,18,0,0,1.0,0.0
run-71f95d117466b4e8,matched,tabular,1,reward,19,0,0,1.0,0.0
run-71f95d117466b4e8,matched,tabular,1,reward,20,0,1,0.0,1.0
run-71f95d117466b4e8,matched,tabular,1,reward,21,0,1,0.0,1.0
run-71f95d117466b4e8,matched,tabular,1,reward,22,0,1,0.0,1.0
run-71f95d117466b4e8,matched,tabular,1,reward,23,0,1,0.0,1.0
run-71f95d117466b4e8,matched,tabular,1,reward,24,0,1,1.0,1.0
run-71f95d117466b4e8,matched,tabular,1,reward,25,0,1,1.0,1.0
run-71f95d117466b4e8,matched,tabular,1,reward,26,0,0,1.0,0.0
run-71f95d117466b4e8,matched,tabular,1,reward,27,0,0,1.0,0.0
run-71f95d117466b4e8,matched,tabular,1,reward,28,0,0,1.0,0.0
run-71f95d117466b4e8,matched,tabular,1,reward,29,0,0,1.0,0.0
run-71f95d117466b4e8,matched,tabular,1,reward,30,0,1,1.0,1.0
run-71f95d117466b4e8,matched,tabular,1,reward,31,0,0,1.0,0.0
run-71f95d117466b4e8,matched,tabular,1,reward,32,0,1,0.0,1.0
run-71f95d117466b4e8,matched,tabular,1,reward,33,0,0,1.0,0.0
run-71f95d117466b4e8,matched,tabular,1,reward,34,0,0,1.0,0.0
run-71f95d117466b4e8,matched,tabular,1,reward,35,0,1,1.0,1.0
run-71f95d117466b4e8,matched,tabular,1,reward,36,0,1,1.0,1.0
run-71f95d117466b4e8,matched,tabular,1,reward,37,0,0,0.0,0.0
run-71f95d117466b4e8,matched,tabular,1,reward,38,0,1,0.0,1.0
run-71f95d117466b4e8,matched,tabular,1,reward,39,0,1,0.0,1.0
run-71f95d117466b4e8,matched,tabular,1,reward,40,0,0,1.0,0.0
run-71f95d117466b4e8,matched,tabular,1,reward,41,0,1,0.0,1.0
run-71f95d117466b4e8,matched,tabular,1,reward,42,0,1,1.0,1.0
run-71f95d117466b4e8,matched,tabular,1,reward,43,0,1,1.0,1.0
run-71f95d117466b4e8,matched,tabular,1,reward,44,0,0,1.0,0.0
run-71f95d117466b4e8,matched,tabular,1,reward,45,0,1,0.0,1.0
run-71f95d117466b4e8,matched,tabular,1,reward,46,0,0,1.0,0.0
run-71f95d117466b4e8,matched,tabular,1,reward,47,0,0,1.0,0.0
run-71f95d117466b4e8,matched,tabular,1,reward,48,0,0,1.0,0.0
run-71f95d117466b4e8,matched,tabular,1,reward,49,0,0,1.0,0.0
run-71f95d117466b4e8,matched,tabular,1,reward,50,0,1,0.0,1.0
run-71f95d117466b4e8,matched,tabular,1,reward,51,0,0,1.0,0.0
run-71f95d117466b4e8,matched,tabular,1,reward,52,0,0,1.0,0.0
run-71f95d117466b4e8,matched,tabular,1,reward,53,0,1,0.0,1.0
run-71f95d117466b4e8,matched,tabular,1,reward,54,0,1,0.0,1.0
run-71f95d117466b4e8,matched,tabular,1,reward,55,0,1,0.0,1.0
run-71f95d117466b4e8,matched,tabular,1,reward,56,0,0,0.0,0.0
run-71f95d117466b4e8,matched,tabular,1,reward,57,0,0,1.0,0.0
run-71f95d117466b4e8,matched,tabular,1,reward,58,0,1,0.0,1.0
run-71f95d117466b4e8,matched,tabular,1,reward,59,0,1,0.0,1.0
run-71f95d117466b4e8,matched,tabular,1,reward,60,0,1,0.0,1.0
run-71f95d117466b4e8,matched,tabular,1,reward,61,0,0,1.0,0.0
run-71f95d117466b4e8,matched,tabular,1,reward,62,0,0,0.0,0.0
run-71f95d117466b4e8,matched,tabular,1,reward,63,0,0,0.0,0.0
run-badd68deacafcaf1,matched,tabular,2,reward,0,0,1,0.0,1.0
run-badd68deacafcaf1,matched,tabular,2,reward,1,0,1,0.0,1.0
run-badd68deacafcaf1,matched,tabular,2,reward,2,0,0,1.0,0.0
run-badd68deacafcaf1,matched,tabular,2,reward,3,0,1,0.0,1.0
run-badd68deacafcaf1,matched,tabular,2,reward,4,0,0,1.0,0.0
run-badd68deacafcaf1,matched,tabular,2,reward,5,0,0,0.0,0.0
run-badd68deacafcaf1,matched,tabular,2,reward,6,0,1,0.0,1.0
run-badd68deacafcaf1,matched,tabular,2,reward,7,0,1,0.0,1.0
run-badd68deacafcaf1,matched,tabular,2,reward,8,0,0,1.0,0.0
run-badd68deacafcaf1,matched,tabular,2,reward,9,0,1,0.0,1.0
run-badd68deacafcaf1,matched,tabular,2,reward,10,0,1,1.0,1.0
run-badd68deacafcaf1,matched,tabular,2,reward,11,0,0,1.0,0.0
run-badd68deacafcaf1,matched,tabular,2,reward,12,0,1,0.0,1.0
run-badd68deacafcaf1,matched,tabular,2,reward,13,0,1,0.0,1.0
run-badd68deacafcaf1,matched,tabular,2,reward,14,0,1,0.0,1.0
run-badd68deacafcaf1,matched,tabular,2,reward,15,0,0,1.0,0.0
run-badd68deacafcaf1,matched,tabular,2,reward,16,0,1,0.0,1.0
run-badd68deacafcaf1,matched,tabular,2,reward,17,0,0,1.0,0.0
run-badd68deacafcaf1,matched,tabular,2,reward,18,0,1,0.0,1.0
run-badd68deacafcaf1,matched,tabular,2,reward,19,0,0,1.0,0.0
run-badd68deacafcaf1,matched,tabular,2,reward,20,0,0,1.0,0.0
run-badd68deacafcaf1,matched,tabular,2,reward,21,0,1,0.0,1.0
run-badd68deacafcaf1,matched,tabular,2,reward,22,0,1,0.0,1.0
run-badd68deacafcaf1,matched,tabular,2,reward,23,0,0,1.0,0.0
run-badd68deacafcaf1,matched,tabular,2,reward,24,0,1,1.0,1.0
run-badd68deacafcaf1,matched,tabular,2,reward,25,0,0,1.0,0.0
run-badd68deacafcaf1,matched,tabular,2,reward,26,0,0,1.0,0.0
run-badd68deacafcaf1,matched,tabular,2,reward,27,0,0,1.0,0.0
run-badd68deacafcaf1,matched,tabular,2,reward,28,0,1,0.0,1.0
run-badd68deacafcaf1,matched,tabular,2,reward,29,0,0,1.0,0.0
run-badd68deacafcaf1,matched,tabular,2,reward,30,0,1,0.0,1.0
run-badd68deacafcaf1,matched,tabular,2,reward,31,0,0,1.0,0.0
run-badd68deacafcaf1,matched,tabular,2,reward,32,0,1,0.0,1.0
run-badd68deacafcaf1,matched,tabular,2,reward,33,0,1,0.0,1.0
run-badd68deacafcaf1,matched,tabular,2,reward,34,0,0,1.0,0.0
run-badd68deacafcaf1,matched,tabular,2,reward,35,0,0,1.0,0.0
run-badd68deacafcaf1,matched,tabular,2,reward,36,0,0,0.0,0.0
run-badd68deacafcaf1,matched,tabular,2,reward,37,0,0,1.0,0.0
run-badd68deacafcaf1,matched,tabular,2,reward,38,0,0,0.0,0.0
run-badd68deacafcaf1,matched,tabular,2,reward,39,0,1,1.0,1.0
run-badd68deacafcaf1,matched,tabular,2,reward,40,0,1,0.0,1.0
run-badd68deacafcaf1,matched,tabular,2,reward,41,0,0,1.0,0.0
run-badd68deacafcaf1,matched,tabular,2,reward,42,0,1,1.0,1.0
run-badd68deacafcaf1,matched,tabular,2,reward,43,0,0,1.0,0.0
run-badd68deacafcaf1,matched,tabular,2,reward,44,0,0,0.0,0.0
run-badd68deacafcaf1,matched,tabular,2,reward,45,0,0,1.0,0.0
run-badd68deacafcaf1,matched,tabular,2,reward,46,0,1,0.0,1.0
run-badd68deacafcaf1,matched,tabular,2,reward,47,0,1,0.0,1.0
run-badd68deacafcaf1,matched,tabular,2,reward,48,0,1,0.0,1.0
run-badd68deacafcaf1,matched,tabular,2,reward,49,0,0,0.0,0.0
run-badd68deacafcaf1,matched,tabular,2,reward,50,0,1,0.0,1.0
run-badd68deacafcaf1,matched,tabular,2,reward,51,0,1,0.0,1.0
run-badd68deacafcaf1,matched,tabular,2,reward,52,0,0,0.0,0.0
run-badd68deacafcaf1,matched,tabular,2,reward,53,0,1,0.0,1.0
run-badd68deacafcaf1,matched,tabular,2,reward,54,0,1,0.0,1.0
run-badd68deacafcaf1,matched,tabular,2,reward,55,0,1,0.0,1.0
run-badd68deacafcaf1,matched,tabular,2,reward,56,0,1,0.0,1.0
run-badd68deacafcaf1,matched,tabular,2,reward,57,0,0,0.0,0.0
run-badd68deacafcaf1,matched,tabular,2,reward,58,0,0,0.0,0.0
run-badd68deacafcaf1,matched,tabular,2,reward,59,0,1,0.0,1.0
run-badd68deacafcaf1,matched,tabular,2,reward,60,0,0,1.0,0.0
run-badd68deacafcaf1,matched,tabular,2,reward,61,0,0,0.0,0.0
run-badd68deacafcaf1,matched,tabular,2,reward,62,0,0,0.0,0.0
run-badd68deacafcaf1,matched,tabular,2,reward,63,0,0,1.0,0.0
run-65b5ccfbdd6704ca,matched,tabular,3,reward,0,0,0,1.0,0.0
run-65b5ccfbdd6704ca,matched,tabular,3,reward,1,0,0,1.0,0.0
run-65b5ccfbdd6704ca,matched,tabular,3,reward,2,0,1,0.0,1.0
run-65b5ccfbdd6704ca,matched,tabular,3,reward,3,0,0,1.0,0.0
run-65b5ccfbdd6704ca,matched,tabular,3,reward,4,0,0,0.0,0.0
run-65b5ccfbdd6704ca,matched,tabular,3,reward,5,0,0,1.0,0.0
run-65b5ccfbdd6704ca,matched,tabular,3,reward,6,0,1,0.0,1.0
run-65b5ccfbdd6704ca,matched,tabular,3,reward,7,0,0,1.0,0.0
run-65b5ccfbdd6704ca,matched,tabular,3,reward,8,0,0,1.0,0.0
run-65b5ccfbdd6704ca,matched,tabular,3,reward,9,0,1,1.0,1.0
run-65b5ccfbdd6704ca,matched,tabular,3,reward,10,0,0,1.0,0.0
run-65b5ccfbdd6704ca,matched,tabular,3,reward,11,0,0,1.0,0.0
run-65b5ccfbdd6704ca,matched,tabular,3,reward,12,0,0,0.0,0.0
run-65b5ccfbdd6704ca,matched,tabular,3,reward,13,0,0,0.0,0.0
run-65b5ccfbdd6704ca,matched,tabular,3,reward,14,0,1,0.0,1.0
run-65b5ccfbdd6704ca,matched,tabular,3,reward,15,0,1,0.0,1.0
run-65b5ccfbdd6704ca,matched,tabular,3,reward,16,0,1,0.0,1.0
run-65b5ccfbdd6704ca,matched,tabular,3,reward,17,0,1,0.0,1.0
run-65b5ccfbdd6704ca,matched,tabular,3,reward,18,0,0,1.0,0.0
run-65b5ccfbdd6704ca,matched,tabular,3,reward,19,0,0,1.0,0.0
run-65b5ccfbdd6704ca,matched,tabular,3,reward,20,0,1,0.0,1.0
run-65b5ccfbdd6704ca,matched,tabular,3,reward,21,0,1,0.0,1.0
run-65b5ccfbdd6704ca,matched,tabular,3,reward,22,0,0,1.0,0.0
run-65b5ccfbdd6704ca,matched,tabular,3,reward,23,0,1,1.0,1.0
run-65b5ccfbdd6704ca,matched,tabular,3,reward,24,0,1,0.0,1.0
run-65b5ccfbdd6704ca,matched,tabular,3,reward,25,0,1,0.0,1.0
run-65b5ccfbdd6704ca,matched,tabular,3,reward,26,0,0,1.0,0.0
run-65b5ccfbdd6704ca,matched,tabular,3,reward,27,0,1,0.0,1.0
run-65b5ccfbdd6704ca,matched,tabular,3,reward,28,0,0,1.0,0.0
run-65b5ccfbdd6704ca,matched,tabular,3,reward,29,0,1,0.0,1.0
run-65b5ccfbdd6704ca,matched,tabular,3,reward,30,0,0,1.0,0.0
run-65b5ccfbdd6704ca,matched,tabular,3,reward,31,0,1,0.0,1.0
run-65b5ccfbdd6704ca,matched,tabular,3,reward,32,0,1,0.0,1.0
run-65b5ccfbdd6704ca,matched,tabular,3,reward,33,0,1,1.0,1.0
run-65b5ccfbdd6704ca,matched,tabular,3,reward,34,0,1,1.0,1.0
run-65b5ccfbdd6704ca,matched,tabular,3,reward,35,0,0,0.0,0.0
run-65b5ccfbdd6704ca,matched,tabular,3,reward,36,0,0,1.0,0.0
run-65b5ccfbdd6704ca,matched,tabular,3,reward,37,0,1,0.0,1.0
run-65b5ccfbdd6704ca,matched,tabular,3,reward,38,0,0,1.0,0.0
run-65b5ccfbdd6704ca,matched,tabular,3,reward,39,0,0,1.0,0.0
run-65b5ccfbdd6704ca,matched,tabular,3,reward,40,0,0,1.0,0.0
run-65b5ccfbdd6704ca,matched,tabular,3,reward,41,0,0,1.0,0.0
run-65b5ccfbdd6704ca,matched,tabular,3,reward,42,0,0,1.0,0.0
run-65b5ccfbdd6704ca,matched,tabular,3,reward,43,0,1,0.0,1.0
run-65b5ccfbdd6704ca,matched,tabular,3,reward,44,0,1,0.0,1.0
run-65b5ccfbdd6704ca,matched,tabular,3,reward,45,0,0,1.0,0.0
run-65b5ccfbdd6704ca,matched,tabular,3,reward,46,0,1,0.0,1.0
run-65b5ccfbdd6704ca,matched,tabular,3,reward,47,0,1,0.0,1.0
run-65b5ccfbdd6704ca,matched,tabular,3,reward,48,0,1,0.0,1.0
run-65b5ccfbdd6704ca,matched,tabular,3,reward,49,0,1,0.0,1.0
run-65b5ccfbdd6704ca,matched,tabular,3,reward,50,0,1,0.0,1.0
run-65b5ccfbdd6704ca,matched,tabular,3,reward,51,0,0,0.0,0.0
run-65b5ccfbdd6704ca,matched,tabular,3,reward,52,0,0,0.0,0.0
run-65b5ccfbdd6704ca,matched,tabular,3,reward,53,0,1,0.0,1.0
run-65b5ccfbdd6704ca,matched,tabular,3,reward,54,0,1,0.0,1.0
run-65b5ccfbdd6704ca,matched,tabular,3,reward,55,0,1,0.0,1.0
run-65b5ccfbdd6704ca,matched,tabular,3,reward,56,0,0,0.0,0.0
run-65b5ccfbdd6704ca,matched,tabular,3,reward,57,0,0,0.0,0.0
run-65b5ccfbdd6704ca,matched,tabular,3,reward,58,0,0,0.0,0.0
run-65b5ccfbdd6704ca,matched,tabular,3,reward,59,0,1,0.0,1.0
run-65b5ccfbdd6704ca,matched,tabular,3,reward,60,0,0,0.0,0.0
run-65b5ccfbdd6704ca,matched,tabular,3,reward,61,0,1,0.0,1.0
run-65b5ccfbdd6704ca,matched,tabular,3,reward,62,0,1,0.0,1.0
run-65b5ccfbdd6704ca,matched,tabular,3,reward,63,0,0,0.0,0.0
run-32fec20ff7872bcb,matched,tabular,4,reward,0,0,0,1.0,0.0
run-32fec20ff7872bcb,matched,tabular,4,reward,1,0,1,0.0,1.0
run-32fec20ff7872bcb,matched,tabular,4,reward,2,0,0,1.0,0.0
run-32fec20ff7872bcb,matched,tabular,4,reward,3,0,1,0.0,1.0
run-32fec20ff7872bcb,matched,tabular,4,reward,4,0,0,1.0,0.0
run-32fec20ff7872bcb,matched,tabular,4,reward,5,0,0,1.0,0.0
run-32fec20ff7872bcb,matched,tabular,4,reward,6,0,0,1.0,0.0
run-32fec20ff7872bcb,matched,tabular,4,reward,7,0,0,1.0,0.0
run-32fec20ff7872bcb,matched,tabular,4,reward,8,0,1,1.0,1.0
run-32fec20ff7872bcb,matched,tabular,4,reward,9,0,0,1.0,0.0
run-32fec20ff7872bcb,matched,tabular,4,reward,10,0,1,0.0,1.0
run-32fec20ff7872bcb,matched,tabular,4,reward,11,0,1,0.0,1.0
run-32fec20ff7872bcb,matched,tabular,4,reward,12,0,0,0.0,0.0
run-32fec20ff7872bcb,matched,tabular,4,reward,13,0,1,0.0,1.0
run-32fec20ff7872bcb,matched,tabular,4,reward,14,0,1,0.0,1.0
run-32fec20ff7872bcb,matched,tabular,4,reward,15,0,0,1.0,0.0
run-32fec20ff7872bcb,matched,tabular,4,reward,16,0,0,1.0,0.0
run-32fec20ff7872bcb,matched,tabular,4,reward,17,0,1,0.0,1.0
run-32fec20ff7872bcb,matched,tabular,4,reward,18,0,0,1.0,0.0
run-32fec20ff7872bcb,matched,tabular,4,reward,19,0,1,0.0,1.0
run-32fec20ff7872bcb,matched,tabular,4,reward,20,0,1,0.0,1.0
run-32fec20ff7872bcb,matched,tabular,4,reward,21,0,1,1.0,1.0
run-32fec20ff7872bcb,matched,tabular,4,reward,22,0,1,1.0,1.0
run-32fec20ff7872bcb,matched,tabular,4,reward,23,0,0,1.0,0.0
run-32fec20ff7872bcb,matched,tabular,4,reward,24,0,1,0.0,1.0
run-32fec20ff7872bcb,matched,tabular,4,reward,25,0,1,0.0,1.0
run-32fec20ff7872bcb,matched,tabular,4,reward,26,0,0,1.0,0.0
run-32fec20ff7872bcb,matched,tabular,4,reward,27,0,0,1.0,0.0
run-32fec20ff7872bcb,matched,tabular,4,reward,28,0,0,1.0,0.0
run-32fec20ff7872bcb,matched,tabular,4,reward,29,0,1,0.0,1.0
run-32fec20ff7872bcb,matched,tabular,4,reward,30,0,0,1.0,0.0
run-32fec20ff7872bcb,matched,tabular,4,reward,31,0,1,0.0,1.0
run-32fec20ff7872bcb,matched,tabular,4,reward,32,0,1,1.0,1.0
run-32fec20ff7872bcb,matched,tabular,4,reward,33,0,1,1.0,1.0
run-32fec20ff7872bcb,matched,tabular,4,reward,34,0,1,0.0,1.0
run-32fec20ff7872bcb,matched,tabular,4,reward,35,0,1,0.0,1.0
run-32fec20ff7872bcb,matched,tabular,4,reward,36,0,0,0.0,0.0
run-32fec20ff7872bcb,matched,tabular,4,reward,37,0,0,1.0,0.0
run-32fec20ff7872bcb,matched,tabular,4,reward,38,0,0,1.0,0.0
run-32fec20ff7872bcb,matched,tabular,4,reward,39,0,0,1.0,0.0
run-32fec20ff7872bcb,matched,tabular,4,reward,40,0,0,1.0,0.0
run-32fec20ff7872bcb,matched,tabular,4,reward,41,0,1,1.0,1.0
run-32fec20ff7872bcb,matched,tabular,4,reward,42,0,1,0.0,1.0
run-32fec20ff7872bcb,matched,tabular,4,reward,43,0,1,0.0,1.0
run-32fec20ff7872bcb,matched,tabular,4,reward,44,0,1,0.0,1.0
run-32fec20ff7872bcb,matched,tabular,4,reward,45,0,0,1.0,0.0
run-32fec20ff7872bcb,matched,tabular,4,reward,46,0,1,0.0,1.0
run-32fec20ff7872bcb,matched,tabular,4,reward,47,0,1,0.0,1.0
run-32fec20ff7872bcb,matched,tabular,4,reward,48,0,1,0.0,1.0
run-32fec20ff7872bcb,matched,tabular,4,reward,49,0,0,1.0,0.0
run-32fec20ff7872bcb,matched,tabular,4,reward,50,0,1,0.0,1.0
run-32fec20ff7872bcb,matched,tabular,4,reward,51,0,1,0.0,1.0
run-32fec20ff7872bcb,matched,tabular,4,reward,52,0,1,0.0,1.0
run-32fec20ff7872bcb,matched,tabular,4,reward,53,0,0,0.0,0.0
run-32fec20ff7872bcb,matched,tabular,4,reward,54,0,0,1.0,0.0
run-32fec20ff7872bcb,matched,tabular,4,reward,55,0,0,0.0,0.0
run-32fec20ff7872bcb,matched,tabular,4,reward,56,0,0,0.0,0.0
run-32fec20ff7872bcb,matched,tabular,4,reward,57,0,0,0.0,0.0
run-32fec20ff7872bcb,matched,tabular,4,reward,58,0,0,1.0,0.0
run-32fec20ff7872bcb,matched,tabular,4,reward,59,0,1,0.0,1.0
run-32fec20ff7872bcb,matched,tabular,4,reward,60,0,0,0.0,0.0
run-32fec20ff7872bcb,matched,tabular,4,reward,61,0,0,1.0,0.0
run-32fec20ff7872bcb,matched,tabular,4,reward,62,0,1,0.0,1.0
run-32fec20ff7872bcb,matched,tabular,4,reward,63,0,0,1.0,0.0
run-d32cdc91ddc9e42c,factorial,ppo,0,reward,0,0,0,1.0,1.0
run-d32cdc91ddc9e42c,factorial,ppo,0,reward,1,1,1,1.0,1.0
run-d32cdc91ddc9e42c,factorial,ppo,0,reward,2,1,1,1.0,1.0
run-d32cdc91ddc9e42c,factorial,ppo,0,reward,3,0,1,0.0,0.0
run-d32cdc91ddc9e42c,factorial,ppo,0,reward,4,0,1,0.0,0.0
run-d32cdc91ddc9e42c,factorial,ppo,0,reward,5,0,0,1.0,1.0
run-d32cdc91ddc9e42c,factorial,ppo,0,reward,6,0,0,1.0,1.0
run-d32cdc91ddc9e42c,factorial,ppo,0,reward,7,0,1,0.0,0.0
run-d32cdc91ddc9e42c,factorial,ppo,0,reward,8,1,1,1.0,1.0
run-d32cdc91ddc9e42c,factorial,ppo,0,reward,9,0,0,1.0,1.0
run-d32cdc91ddc9e42c,factorial,ppo,0,reward,10,1,0,0.0,0.0
run-d32cdc91ddc9e42c,factorial,ppo,0,reward,11,0,0,1.0,1.0
run-d32cdc91ddc9e42c,factorial,ppo,0,reward,12,0,1,0.0,0.0
run-d32cdc91ddc9e42c,factorial,ppo,0,reward,13,1,1,1.0,1.0
run-d32cdc91ddc9e42c,factorial,ppo,0,reward,14,0,0,1.0,1.0
run-d32cdc91ddc9e42c,factorial,ppo,0,reward,15,0,0,1.0,1.0
run-d32cdc91ddc9e42c,factorial,ppo,0,reward,16,0,1,0.0,0.0
run-d32cdc91ddc9e42c,factorial,ppo,0,reward,17,0,1,0.0,0.0
run-d32cdc91ddc9e42c,factorial,ppo,0,reward,18,0,1,0.0,0.0
run-d32cdc91ddc9e42c,factorial,ppo,0,reward,19,0,1,0.0,0.0
run-d32cdc91ddc9e42c,factorial,ppo,0,reward,20,0,0,1.0,1.0
run-d32cdc91ddc9e42c,factorial,ppo,0,reward,21,1,0,0.0,0.0
run-d32cdc91ddc9e42c,factorial,ppo,0,reward,22,0,0,1.0,1.0
run-d32cdc91ddc9e42c,factorial,ppo,0,reward,23,0,0,1.0,1.0
run-d32cdc91ddc9e42c,factorial,ppo,0,reward,24,0,0,1.0,1.0
run-d32cdc91ddc9e42c,factorial,ppo,0,reward,25,0,0,1.0,1.0
run-d32cdc91ddc9e42c,factorial,ppo,0,reward,26,0,1,0.0,0.0
run-d32cdc91ddc9e42c,factorial,ppo,0,reward,27,0,0,1.0,1.0
run-d32cdc91ddc9e42c,factorial,ppo,0,reward,28,0,1,0.0,0.0
run-d32cdc91ddc9e42c,factorial,ppo,0,reward,29,0,0,1.0,1.0
run-d32cdc91ddc9e42c,factorial,ppo,0,reward,30,0,0,1.0,1.0
run-d32cdc91ddc9e42c,factorial,ppo,0,reward,31,1,0,0.0,0.0
run-d32cdc91ddc9e42c,factorial,ppo,0,reward,32,0,1,0.0,0.0
run-d32cdc91ddc9e42c,factorial,ppo,0,reward,33,0,1,0.0,0.0
run-d32cdc91ddc9e42c,factorial,ppo,0,reward,34,1,1,1.0,1.0
run-d32cdc91ddc9e42c,factorial,ppo,0,reward,35,0,0,1.0,1.0
run-d32cdc91ddc9e42c,factorial,ppo,0,reward,36,0,0,1.0,1.0
run-d32cdc91ddc9e42c,factorial,ppo,0,reward,37,0,0,1.0,1.0
run-d32cdc91ddc9e42c,factorial,ppo,0,reward,38,0,1,0.0,0.0
run-d32cdc91ddc9e42c,factorial,ppo,0,reward,39,0,1,0.0,0.0
run-d32cdc91ddc9e42c,factorial,ppo,0,reward,40,0,0,1.0,1.0
run-d32cdc91ddc9e42c,factorial,ppo,0,reward,41,1,1,1.0,1.0
run-d32cdc91ddc9e42c,factorial,ppo,0,reward,42,0,0,1.0,1.0
run-d32cdc91ddc9e42c,factorial,ppo,0,reward,43,1,1,1.0,1.0
run-d32cdc91ddc9e42c,factorial,ppo,0,reward,44,0,0,1.0,1.0
run-d32cdc91ddc9e42c,factorial,ppo,0,reward,45,0,1,0.0,0.0
run-d32cdc91ddc9e42c,factorial,ppo,0,reward,46,1,1,1.0,1.0
run-d32cdc91ddc9e42c,factorial,ppo,0,reward,47,0,0,1.0,1.0
run-d32cdc91ddc9e42c,factorial,ppo,0,reward,48,0,0,1.0,1.0
run-d32cdc91ddc9e42c,factorial,ppo,0,reward,49,1,1,1.0,1.0
run-d32cdc91ddc9e42c,factorial,ppo,0,reward,50,1,0,0.0,0.0
run-d32cdc91ddc9e42c,factorial,ppo,0,reward,51,0,0,1.0,1.0
run-d32cdc91ddc9e42c,factorial,ppo,0,reward,52,0,0,1.0,1.0
run-d32cdc91ddc9e42c,factorial,ppo,0,reward,53,0,1,0.0,0.0
run-d32cdc91ddc9e42c,factorial,ppo,0,reward,54,0,0,1.0,1.0
run-d32cdc91ddc9e42c,factorial,ppo,0,reward,55,0,1,0.0,0.0
run-d32cdc91ddc9e42c,factorial,ppo,0,reward,56,0,0,1.0,1.0
run-d32cdc91ddc9e42c,factorial,ppo,0,reward,57,1,1,1.0,1.0
run-d32cdc91ddc9e42c,factorial,ppo,0,reward,58,1,0,0.0,0.0
run-d32cdc91ddc9e42c,factorial,ppo,0,reward,59,1,1,1.0,1.0
run-d32cdc91ddc9e42c,factorial,ppo,0,reward,60,1,1,1.0,1.0
run-d32cdc91ddc9e42c,factorial,ppo,0,reward,61,0,1,0.0,0.0
run-d32cdc91ddc9e42c,factorial,ppo,0,reward,62,0,1,0.0,0.0
run-d32cdc91ddc9e42c,factorial,ppo,0,reward,63,1,1,1.0,1.0
run-fb4c5f4b4ae97709,factorial,ppo,1,reward,0,1,1,1.0,1.0
run-fb4c5f4b4ae97709,factorial,ppo,1,reward,1,1,0,0.0,0.0
run-fb4c5f4b4ae97709,factorial,ppo,1,reward,2,0,1,0.0,0.0
run-fb4c5f4b4ae97709,factorial,ppo,1,reward,3,0,1,0.0,0.0
run-fb4c5f4b4ae97709,factorial,ppo,1,reward,4,0,0,1.0,1.0
run-fb4c5f4b4ae97709,factorial,ppo,1,reward,5,0,0,1.0,1.0
run-fb4c5f4b4ae97709,factorial,ppo,1,reward,6,0,0,1.0,1.0
run-fb4c5f4b4ae97709,factorial,ppo,1,reward,7,1,0,0.0,0.0
run-fb4c5f4b4ae97709,factorial,ppo,1,reward,8,0,1,0.0,0.0
run-fb4c5f4b4ae97709,factorial,ppo,1,reward,9,1,0,0.0,0.0
run-fb4c5f4b4ae97709,factorial,ppo,1,reward,10,0,1,0.0,0.0
run-fb4c5f4b4ae97709,factorial,ppo,1,reward,11,0,1,0.0,0.0
run-fb4c5f4b4ae97709,factorial,ppo,1,reward,12,1,1,1.0,1.0
run-fb4c5f4b4ae97709,factorial,ppo,1,reward,13,0,0,1.0,1.0
run-fb4c5f4b4ae97709,factorial,ppo,1,reward,14,0,1,0.0,0.0
run-fb4c5f4b4ae97709,factorial,ppo,1,reward,15,0,0,1.0,1.0
run-fb4c5f4b4ae97709,factorial,ppo,1,reward,16,0,0,1.0,1.0
run-fb4c5f4b4ae97709,factorial,ppo,1,reward,17,0,1,0.0,0.0
run-fb4c5f4b4ae97709,factorial,ppo,1,reward,18,0,0,1.0,1.0
run-fb4c5f4b4ae97709,factorial,ppo,1,reward,19,0,0,1.0,1.0
run-fb4c5f4b4ae97709,factorial,ppo,1,reward,20,1,1,1.0,1.0
run-fb4c5f4b4ae97709,factorial,ppo,1,reward,21,0,1,0.0,0.0
run-fb4c5f4b4ae97709,factorial,ppo,1,reward,22,0,1,0.0,0.0
run-fb4c5f4b4ae97709,factorial,ppo,1,reward,23,0,1,0.0,0.0
run-fb4c5f4b4ae97709,factorial,ppo,1,reward,24,0,1,0.0,0.0
run-fb4c5f4b4ae97709,factorial,ppo,1,reward,25,0,1,0.0,0.0
run-fb4c5f4b4ae97709,factorial,ppo,1,reward,26,0,0,1.0,1.0
run-fb4c5f4b4ae97709,factorial,ppo,1,reward,27,0,0,1.0,1.0
run-fb4c5f4b4ae97709,factorial,ppo,1,reward,28,0,0,1.0,1.0
run-fb4c5f4b4ae97709,factorial,ppo,1,reward,29,0,0,1.0,1.0
run-fb4c5f4b4ae97709,factorial,ppo,1,reward,30,1,1,1.0,1.0
run-fb4c5f4b4ae97709,factorial,ppo,1,reward,31,0,0,1.0,1.0
run-fb4c5f4b4ae97709,factorial,ppo,1,reward,32,0,1,0.0,0.0
run-fb4c5f4b4ae97709,factorial,ppo,1,reward,33,1,0,0.0,0.0
run-fb4c5f4b4ae97709,factorial,ppo,1,reward,34,0,0,1.0,1.0
run-fb4c5f4b4ae97709,factorial,ppo,1,reward,35,0,1,0.0,0.0
run-fb4c5f4b4ae97709,factorial,ppo,1,reward,36,0,1,0.0,0.0
run-fb4c5f4b4ae97709,factorial,ppo,1,reward,37,0,0,1.0,1.0
run-fb4c5f4b4ae97709,factorial,ppo,1,reward,38,0,1,0.0,0.0
run-fb4c5f4b4ae97709,factorial,ppo,1,reward,39,0,1,0.0,0.0
run-fb4c5f4b4ae97709,factorial,ppo,1,reward,40,1,0,0.0,0.0
run-fb4c5f4b4ae97709,factorial,ppo,1,reward,41,0,1,0.0,0.0
run-fb4c5f4b4ae97709,factorial,ppo,1,reward,42,1,1,1.0,1.0
run-fb4c5f4b4ae97709,factorial,ppo,1,reward,43,0,1,0.0,0.0
run-fb4c5f4b4ae97709,factorial,ppo,1,reward,44,0,0,1.0,1.0
run-fb4c5f4b4ae97709,factorial,ppo,1,reward,45,1,1,1.0,1.0
run-fb4c5f4b4ae97709,factorial,ppo,1,reward,46,0,0,1.0,1.0
run-fb4c5f4b4ae97709,factorial,ppo,1,reward,47,0,0,1.0,1.0
run-fb4c5f4b4ae97709,factorial,ppo,1,reward,48,1,0,0.0,0.0
run-fb4c5f4b4ae97709,factorial,ppo,1,reward,49,1,0,0.0,0.0
run-fb4c5f4b4ae97709,factorial,ppo,1,reward,50,0,1,0.0,0.0
run-fb4c5f4b4ae97709,factorial,ppo,1,reward,51,0,0,1.0,1.0
run-fb4c5f4b4ae97709,factorial,ppo,1,reward,52,0,0,1.0,1.0
run-fb4c5f4b4ae97709,factorial,ppo,1,reward,53,0,1,0.0,0.0
run-fb4c5f4b4ae97709,factorial,ppo,1,reward,54,0,1,0.0,0.0
run-fb4c5f4b4ae97709,factorial,ppo,1,reward,55,0,1,0.0,0.0
run-fb4c5f4b4ae97709,factorial,ppo,1,reward,56,1,0,0.0,0.0
run-fb4c5f4b4ae97709,factorial,ppo,1,reward,57,1,0,0.0,0.0
run-fb4c5f4b4ae97709,factorial,ppo,1,reward,58,1,1,1.0,1.0
run-fb4c5f4b4ae97709,factorial,ppo,1,reward,59,1,1,1.0,1.0
run-fb4c5f4b4ae97709,factorial,ppo,1,reward,60,0,1,0.0,0.0
run-fb4c5f4b4ae97709,factorial,ppo,1,reward,61,0,0,1.0,1.0
run-fb4c5f4b4ae97709,factorial,ppo,1,reward,62,1,0,0.0,0.0
run-fb4c5f4b4ae97709,factorial,ppo,1,reward,63,1,0,0.0,0.0
run-32df879e980de4cd,factorial,ppo,2,reward,0,1,1,1.0,1.0
run-32df879e980de4cd,factorial,ppo,2,reward,1,0,1,0.0,0.0
run-32df879e980de4cd,factorial,ppo,2,reward,2,0,0,1.0,1.0
run-32df879e980de4cd,factorial,ppo,2,reward,3,0,1,0.0,0.0
run-32df879e980de4cd,factorial,ppo,2,reward,4,0,0,1.0,1.0
run-32df879e980de4cd,factorial,ppo,2,reward,5,0,0,1.0,1.0
run-32df879e980de4cd,factorial,ppo,2,reward,6,1,1,1.0,1.0
run-32df879e980de4cd,factorial,ppo,2,reward,7,0,1,0.0,0.0
run-32df879e980de4cd,factorial,ppo,2,reward,8,1,0,0.0,0.0
run-32df879e980de4cd,factorial,ppo,2,reward,9,0,1,0.0,0.0
run-32df879e980de4cd,factorial,ppo,2,reward,10,0,1,0.0,0.0
run-32df879e980de4cd,factorial,ppo,2,reward,11,1,0,0.0,0.0
run-32df879e980de4cd,factorial,ppo,2,reward,12,0,1,0.0,0.0
run-32df879e980de4cd,factorial,ppo,2,reward,13,0,1,0.0,0.0
run-32df879e980de4cd,factorial,ppo,2,reward,14,0,1,0.0,0.0
run-32df879e980de4cd,factorial,ppo,2,reward,15,0,0,1.0,1.0
run-32df879e980de4cd,factorial,ppo,2,reward,16,0,1,0.0,0.0
run-32df879e980de4cd,factorial,ppo,2,reward,17,0,0,1.0,1.0
run-32df879e980de4cd,factorial,ppo,2,reward,18,0,1,0.0,0.0
run-32df879e980de4cd,factorial,ppo,2,reward,19,1,0,0.0,0.0
run-32df879e980de4cd,factorial,ppo,2,reward,20,0,0,1.0,1.0
run-32df879e980de4cd,factorial,ppo,2,reward,21,0,1,0.0,0.0
run-32df879e980de4cd,factorial,ppo,2,reward,22,0,1,0.0,0.0
run-32df879e980de4cd,factorial,ppo,2,reward,23,0,0,1.0,1.0
run-32df879e980de4cd,factorial,ppo,2,reward,24,0,1,0.0,0.0
run-32df879e980de4cd,factorial,ppo,2,reward,25,0,0,1.0,1.0
run-32df879e980de4cd,factorial,ppo,2,reward,26,0,0,1.0,1.0
run-32df879e980de4cd,factorial,ppo,2,reward,27,0,0,1.0,1.0
run-32df879e980de4cd,factorial,ppo,2,reward,28,0,1,0.0,0.0
run-32df879e980de4cd,factorial,ppo,2,reward,29,1,0,0.0,0.0
run-32df879e980de4cd,factorial,ppo,2,reward,30,0,1,0.0,0.0
run-32df879e980de4cd,factorial,ppo,2,reward,31,0,0,1.0,1.0
run-32df879e980de4cd,factorial,ppo,2,reward,32,1,1,1.0,1.0
run-32df879e980de4cd,factorial,ppo,2,reward,33,0,1,0.0,0.0
run-32df879e980de4cd,factorial,ppo,2,reward,34,0,0,1.0,1.0
run-32df879e980de4cd,factorial,ppo,2,reward,35,0,0,1.0,1.0
run-32df879e980de4cd,factorial,ppo,2,reward,36,0,0,1.0,1.0
run-32df879e980de4cd,factorial,ppo,2,reward,37,0,0,1.0,1.0
run-32df879e980de4cd,factorial,ppo,2,reward,38,0,0,1.0,1.0
run-32df879e980de4cd,factorial,ppo,2,reward,39,1,1,1.0,1.0
run-32df879e980de4cd,factorial,ppo,2,reward,40,0,1,0.0,0.0
run-32df879e980de4cd,factorial,ppo,2,reward,41,1,0,0.0,0.0
run-32df879e980de4cd,factorial,ppo,2,reward,42,0,1,0.0,0.0
run-32df879e980de4cd,factorial,ppo,2,reward,43,0,0,1.0,1.0
run-32df879e980de4cd,factorial,ppo,2,reward,44,1,0,0.0,0.0
run-32df879e980de4cd,factorial,ppo,2,reward,45,0,0,1.0,1.0
run-32df879e980de4cd,factorial,ppo,2,reward,46,0,1,0.0,0.0
run-32df879e980de4cd,factorial,ppo,2,reward,47,1,1,1.0,1.0
run-32df879e980de4cd,factorial,ppo,2,reward,48,1,1,1.0,1.0
run-32df879e980de4cd,factorial,ppo,2,reward,49,0,0,1.0,1.0
run-32df879e980de4cd,factorial,ppo,2,reward,50,0,1,0.0,0.0
run-32df879e980de4cd,factorial,ppo,2,reward,51,0,1,0.0,0.0
run-32df879e980de4cd,factorial,ppo,2,reward,52,0,0,1.0,1.0
run-32df879e980de4cd,factorial,ppo,2,reward,53,0,1,0.0,0.0
run-32df879e980de4cd,factorial,ppo,2,reward,54,0,1,0.0,0.0
run-32df879e980de4cd,factorial,ppo,2,reward,55,1,1,1.0,1.0
run-32df879e980de4cd,factorial,ppo,2,reward,56,1,1,1.0,1.0
run-32df879e980de4cd,factorial,ppo,2,reward,57,1,0,0.0,0.0
run-32df879e980de4cd,factorial,ppo,2,reward,58,1,0,0.0,0.0
run-32df879e980de4cd,factorial,ppo,2,reward,59,0,1,0.0,0.0
run-32df879e980de4cd,factorial,ppo,2,reward,60,0,0,1.0,1.0
run-32df879e980de4cd,factorial,ppo,2,reward,61,1,0,0.0,0.0
run-32df879e980de4cd,factorial,ppo,2,reward,62,1,0,0.0,0.0
run-32df879e980de4cd,factorial,ppo,2,reward,63,0,0,1.0,1.0
run-dcab534e2d2b2659,factorial,ppo,3,reward,0,0,0,1.0,1.0
run-dcab534e2d2b2659,factorial,ppo,3,reward,1,0,0,1.0,1.0
run-dcab534e2d2b2659,factorial,ppo,3,reward,2,0,1,0.0,0.0
run-dcab534e2d2b2659,factorial,ppo,3,reward,3,0,0,1.0,1.0
run-dcab534e2d2b2659,factorial,ppo,3,reward,4,0,0,1.0,1.0
run-dcab534e2d2b2659,factorial,ppo,3,reward,5,1,0,0.0,0.0
run-dcab534e2d2b2659,factorial,ppo,3,reward,6,0,1,0.0,0.0
run-dcab534e2d2b2659,factorial,ppo,3,reward,7,1,0,0.0,0.0
run-dcab534e2d2b2659,factorial,ppo,3,reward,8,0,0,1.0,1.0
run-dcab534e2d2b2659,factorial,ppo,3,reward,9,0,1,0.0,0.0
run-dcab534e2d2b2659,factorial,ppo,3,reward,10,1,0,0.0,0.0
run-dcab534e2d2b2659,factorial,ppo,3,reward,11,0,0,1.0,1.0
run-dcab534e2d2b2659,factorial,ppo,3,reward,12,0,0,1.0,1.0
run-dcab534e2d2b2659,factorial,ppo,3,reward,13,0,0,1.0,1.0
run-dcab534e2d2b2659,factorial,ppo,3,reward,14,0,1,0.0,0.0
run-dcab534e2d2b2659,factorial,ppo,3,reward,15,0,1,0.0,0.0
run-dcab534e2d2b2659,factorial,ppo,3,reward,16,0,1,0.0,0.0
run-dcab534e2d2b2659,factorial,ppo,3,reward,17,0,1,0.0,0.0
run-dcab534e2d2b2659,factorial,ppo,3,reward,18,1,0,0.0,0.0
run-dcab534e2d2b2659,factorial,ppo,3,reward,19,0,0,1.0,1.0
run-dcab534e2d2b2659,factorial,ppo,3,reward,20,0,1,0.0,0.0
run-dcab534e2d2b2659,factorial,ppo,3,reward,21,0,1,0.0,0.0
run-dcab534e2d2b2659,factorial,ppo,3,reward,22,0,0,1.0,1.0
run-dcab534e2d2b2659,factorial,ppo,3,reward,23,0,1,0.0,0.0
run-dcab534e2d2b2659,factorial,ppo,3,reward,24,0,1,0.0,0.0
run-dcab534e2d2b2659,factorial,ppo,3,reward,25,0,1,0.0,0.0
run-dcab534e2d2b2659,factorial,ppo,3,reward,26,0,0,1.0,1.0
run-dcab534e2d2b2659,factorial,ppo,3,reward,27,0,1,0.0,0.0
run-dcab534e2d2b2659,factorial,ppo,3,reward,28,1,0,0.0,0.0
run-dcab534e2d2b2659,factorial,ppo,3,reward,29,0,1,0.0,0.0
run-dcab534e2d2b2659,factorial,ppo,3,reward,30,0,0,1.0,1.0
run-dcab534e2d2b2659,factorial,ppo,3,reward,31,1,1,1.0,1.0
run-dcab534e2d2b2659,factorial,ppo,3,reward,32,0,1,0.0,0.0
run-dcab534e2d2b2659,factorial,ppo,3,reward,33,0,1,0.0,0.0
run-dcab534e2d2b2659,factorial,ppo,3,reward,34,0,1,0.0,0.0
run-dcab534e2d2b2659,factorial,ppo,3,reward,35,0,0,1.0,1.0
run-dcab534e2d2b2659,factorial,ppo,3,reward,36,0,0,1.0,1.0
run-dcab534e2d2b2659,factorial,ppo,3,reward,37,0,1,0.0,0.0
run-dcab534e2d2b2659,factorial,ppo,3,reward,38,1,0,0.0,0.0
run-dcab534e2d2b2659,factorial,ppo,3,reward,39,0,0,1.0,1.0
run-dcab534e2d2b2659,factorial,ppo,3,reward,40,1,0,0.0,0.0
run-dcab534e2d2b2659,factorial,ppo,3,reward,41,0,0,1.0,1.0
run-dcab534e2d2b2659,factorial,ppo,3,reward,42,0,0,1.0,1.0
run-dcab534e2d2b2659,factorial,ppo,3,reward,43,1,1,1.0,1.0
run-dcab534e2d2b2659,factorial,ppo,3,reward,44,0,1,0.0,0.0
run-dcab534e2d2b2659,factorial,ppo,3,reward,45,0,0,1.0,1.0
run-dcab534e2d2b2659,factorial,ppo,3,reward,46,1,1,1.0,1.0
run-dcab534e2d2b2659,factorial,ppo,3,reward,47,1,1,1.0,1.0
run-dcab534e2d2b2659,factorial,ppo,3,reward,48,0,1,0.0,0.0
run-dcab534e2d2b2659,factorial,ppo,3,reward,49,0,1,0.0,0.0
run-dcab534e2d2b2659,factorial,ppo,3,reward,50,0,1,0.0,0.0
run-dcab534e2d2b2659,factorial,ppo,3,reward,51,0,0,1.0,1.0
run-dcab534e2d2b2659,factorial,ppo,3,reward,52,0,0,1.0,1.0
run-dcab534e2d2b2659,factorial,ppo,3,reward,53,0,1,0.0,0.0
run-dcab534e2d2b2659,factorial,ppo,3,reward,54,1,1,1.0,1.0
run-dcab534e2d2b2659,factorial,ppo,3,reward,55,1,1,1.0,1.0
run-dcab534e2d2b2659,factorial,ppo,3,reward,56,1,0,0.0,0.0
run-dcab534e2d2b2659,factorial,ppo,3,reward,57,1,0,0.0,0.0
run-dcab534e2d2b2659,factorial,ppo,3,reward,58,0,0,1.0,1.0
run-dcab534e2d2b2659,factorial,ppo,3,reward,59,0,1,0.0,0.0
run-dcab534e2d2b2659,factorial,ppo,3,reward,60,1,0,0.0,0.0
run-dcab534e2d2b2659,factorial,ppo,3,reward,61,1,1,1.0,1.0
run-dcab534e2d2b2659,factorial,ppo,3,reward,62,0,1,0.0,0.0
run-dcab534e2d2b2659,factorial,ppo,3,reward,63,0,0,1.0,1.0
run-fd2c18a54b9139bb,factorial,ppo,4,reward,0,0,0,1.0,1.0
run-fd2c18a54b9139bb,factorial,ppo,4,reward,1,0,1,0.0,0.0
run-fd2c18a54b9139bb,factorial,ppo,4,reward,2,0,0,1.0,1.0
run-fd2c18a54b9139bb,factorial,ppo,4,reward,3,0,1,0.0,0.0
run-fd2c18a54b9139bb,factorial,ppo,4,reward,4,1,0,0.0,0.0
run-fd2c18a54b9139bb,factorial,ppo,4,reward,5,0,0,1.0,1.0
run-fd2c18a54b9139bb,factorial,ppo,4,reward,6,1,0,0.0,0.0
run-fd2c18a54b9139bb,factorial,ppo,4,reward,7,0,0,1.0,1.0
run-fd2c18a54b9139bb,factorial,ppo,4,reward,8,0,1,0.0,0.0
run-fd2c18a54b9139bb,factorial,ppo,4,reward,9,1,0,0.0,0.0
run-fd2c18a54b9139bb,factorial,ppo,4,reward,10,0,1,0.0,0.0
run-fd2c18a54b9139bb,factorial,ppo,4,reward,11,0,1,0.0,0.0
run-fd2c18a54b9139bb,factorial,ppo,4,reward,12,0,0,1.0,1.0
run-fd2c18a54b9139bb,factorial,ppo,4,reward,13,0,1,0.0,0.0
run-fd2c18a54b9139bb,factorial,ppo,4,reward,14,0,1,0.0,0.0
run-fd2c18a54b9139bb,factorial,ppo,4,reward,15,0,0,1.0,1.0
run-fd2c18a54b9139bb,factorial,ppo,4,reward,16,0,0,1.0,1.0
run-fd2c18a54b9139bb,factorial,ppo,4,reward,17,1,1,1.0,1.0
run-fd2c18a54b9139bb,factorial,ppo,4,reward,18,0,0,1.0,1.0
run-fd2c18a54b9139bb,factorial,ppo,4,reward,19,0,1,0.0,0.0
run-fd2c18a54b9139bb,factorial,ppo,4,reward,20,0,1,0.0,0.0
run-fd2c18a54b9139bb,factorial,ppo,4,reward,21,0,1,0.0,0.0
run-fd2c18a54b9139bb,factorial,ppo,4,reward,22,0,1,0.0,0.0
run-fd2c18a54b9139bb,factorial,ppo,4,reward,23,0,0,1.0,1.0
run-fd2c18a54b9139bb,factorial,ppo,4,reward,24,0,1,0.0,0.0
run-fd2c18a54b9139bb,factorial,ppo,4,reward,25,0,1,0.0,0.0
run-fd2c18a54b9139bb,factorial,ppo,4,reward,26,0,0,1.0,1.0
run-fd2c18a54b9139bb,factorial,ppo,4,reward,27,1,0,0.0,0.0
run-fd2c18a54b9139bb,factorial,ppo,4,reward,28,0,0,1.0,1.0
run-fd2c18a54b9139bb,factorial,ppo,4,reward,29,0,1,0.0,0.0
run-fd2c18a54b9139bb,factorial,ppo,4,reward,30,1,0,0.0,0.0
run-fd2c18a54b9139bb,factorial,ppo,4,reward,31,0,1,0.0,0.0
run-fd2c18a54b9139bb,factorial,ppo,4,reward,32,0,1,0.0,0.0
run-fd2c18a54b9139bb,factorial,ppo,4,reward,33,0,1,0.0,0.0
run-fd2c18a54b9139bb,factorial,ppo,4,reward,34,0,1,0.0,0.0
run-fd2c18a54b9139bb,factorial,ppo,4,reward,35,0,1,0.0,0.0
run-fd2c18a54b9139bb,factorial,ppo,4,reward,36,0,0,1.0,1.0
run-fd2c18a54b9139bb,factorial,ppo,4,reward,37,1,0,0.0,0.0
run-fd2c18a54b9139bb,factorial,ppo,4,reward,38,0,0,1.0,1.0
run-fd2c18a54b9139bb,factorial,ppo,4,reward,39,1,0,0.0,0.0
run-fd2c18a54b9139bb,factorial,ppo,4,reward,40,0,0,1.0,1.0
run-fd2c18a54b9139bb,factorial,ppo,4,reward,41,0,1,0.0,0.0
run-fd2c18a54b9139bb,factorial,ppo,4,reward,42,1,1,1.0,1.0
run-fd2c18a54b9139bb,factorial,ppo,4,reward,43,0,1,0.0,0.0
run-fd2c18a54b9139bb,factorial,ppo,4,reward,44,0,1,0.0,0.0
run-fd2c18a54b9139bb,factorial,ppo,4,reward,45,1,0,0.0,0.0
run-fd2c18a54b9139bb,factorial,ppo,4,reward,46,1,1,1.0,1.0
run-fd2c18a54b9139bb,factorial,ppo,4,reward,47,0,1,0.0,0.0
run-fd2c18a54b9139bb,factorial,ppo,4,reward,48,0,1,0.0,0.0
run-fd2c18a54b9139bb,factorial,ppo,4,reward,49,0,0,1.0,1.0
run-fd2c18a54b9139bb,factorial,ppo,4,reward,50,0,1,0.0,0.0
run-fd2c18a54b9139bb,factorial,ppo,4,reward,51,0,1,0.0,0.0
run-fd2c18a54b9139bb,factorial,ppo,4,reward,52,0,1,0.0,0.0
run-fd2c18a54b9139bb,factorial,ppo,4,reward,53,1,0,0.0,0.0
run-fd2c18a54b9139bb,factorial,ppo,4,reward,54,1,0,0.0,0.0
run-fd2c18a54b9139bb,factorial,ppo,4,reward,55,1,0,0.0,0.0
run-fd2c18a54b9139bb,factorial,ppo,4,reward,56,1,0,0.0,0.0
run-fd2c18a54b9139bb,factorial,ppo,4,reward,57,0,0,1.0,1.0
run-fd2c18a54b9139bb,factorial,ppo,4,reward,58,0,0,1.0,1.0
run-fd2c18a54b9139bb,factorial,ppo,4,reward,59,1,1,1.0,1.0
run-fd2c18a54b9139bb,factorial,ppo,4,reward,60,1,0,0.0,0.0
run-fd2c18a54b9139bb,factorial,ppo,4,reward,61,0,0,1.0,1.0
run-fd2c18a54b9139bb,factorial,ppo,4,reward,62,0,1,0.0,0.0
run-fd2c18a54b9139bb,factorial,ppo,4,reward,63,0,0,1.0,1.0
run-1ef11c3265ce8338,factorial,ppo,0,reward,0,0,0,0.0,1.0
run-1ef11c3265ce8338,factorial,ppo,0,reward,1,1,1,0.0,1.0
run-1ef11c3265ce8338,factorial,ppo,0,reward,2,1,1,0.0,1.0
run-1ef11c3265ce8338,factorial,ppo,0,reward,3,0,1,1.0,0.0
run-1ef11c3265ce8338,factorial,ppo,0,reward,4,0,1,1.0,0.0
run-1ef11c3265ce8338,factorial,ppo,0,reward,5,0,0,0.0,1.0
run-1ef11c3265ce8338,factorial,ppo,0,reward,6,0,0,0.0,1.0
run-1ef11c3265ce8338,factorial,ppo,0,reward,7,0,1,1.0,0.0
run-1ef11c3265ce8338,factorial,ppo,0,reward,8,1,1,0.0,1.0
run-1ef11c3265ce8338,factorial,ppo,0,reward,9,0,0,0.0,1.0
run-1ef11c3265ce8338,factorial,ppo,0,reward,10,1,0,1.0,0.0
run-1ef11c3265ce8338,factorial,ppo,0,reward,11,0,0,0.0,1.0
run-1ef11c3265ce8338,factorial,ppo,0,reward,12,0,1,1.0,0.0
run-1ef11c3265ce8338,factorial,ppo,0,reward,13,1,1,0.0,1.0
run-1ef11c3265ce8338,factorial,ppo,0,reward,14,0,0,0.0,1.0
run-1ef11c3265ce8338,factorial,ppo,0,reward,15,0,0,0.0,1.0
run-1ef11c3265ce8338,factorial,ppo,0,reward,16,0,1,1.0,0.0
run-1ef11c3265ce8338,factorial,ppo,0,reward,17,0,1,1.0,0.0
run-1ef11c3265ce8338,factorial,ppo,0,reward,18,0,1,1.0,0.0
run-1ef11c3265ce8338,factorial,ppo,0,reward,19,0,1,1.0,0.0
run-1ef11c3265ce8338,factorial,ppo,0,reward,20,0,0,0.0,1.0
run-1ef11c3265ce8338,factorial,ppo,0,reward,21,1,0,1.0,0.0
run-1ef11c3265ce8338,factorial,ppo,0,reward,22,0,0,0.0,1.0
run-1ef11c3265ce8338,factorial,ppo,0,reward,23,0,0,0.0,1.0
run-1ef11c3265ce8338,factorial,ppo,0,reward,24,0,0,0.0,1.0
run-1ef11c3265ce8338,factorial,ppo,0,reward,25,0,0,0.0,1.0
run-1ef11c3265ce8338,factorial,ppo,0,reward,26,0,1,1.0,0.0
run-1ef11c3265ce8338,factorial,ppo,0,reward,27,0,0,0.0,1.0
run-1ef11c3265ce8338,factorial,ppo,0,reward,28,0,1,1.0,0.0
run-1ef11c3265ce8338,factorial,ppo,0,reward,29,0,0,0.0,1.0
run-1ef11c3265ce8338,factorial,ppo,0,reward,30,0,0,0.0,1.0
run-1ef11c3265ce8338,factorial,ppo,0,reward,31,1,0,1.0,0.0
run-1ef11c3265ce8338,factorial,ppo,0,reward,32,0,1,1.0,0.0
run-1ef11c3265ce8338,factorial,ppo,0,reward,33,0,1,1.0,0.0
run-1ef11c3265ce8338,factorial,ppo,0,reward,34,1,1,0.0,1.0
run-1ef11c3265ce8338,factorial,ppo,0,reward,35,0,0,0.0,1.0
run-1ef11c3265ce8338,factorial,ppo,0,reward,36,0,0,0.0,1.0
run-1ef11c3265ce8338,factorial,ppo,0,reward,37,0,0,0.0,1.0
run-1ef11c3265ce8338,factorial,ppo,0,reward,38,0,1,1.0,0.0
run-1ef11c3265ce8338,factorial,ppo,0,reward,39,0,1,1.0,0.0
run-1ef11c3265ce8338,factorial,ppo,0,reward,40,0,0,0.0,1.0
run-1ef11c3265ce8338,factorial,ppo,0,reward,41,1,1,0.0,1.0
run-1ef11c3265ce8338,factorial,ppo,0,reward,42,0,0,0.0,1.0
run-1ef11c3265ce8338,factorial,ppo,0,reward,43,1,1,0.0,1.0
run-1ef11c3265ce8338,factorial,ppo,0,reward,44,0,0,0.0,1.0
run-1ef11c3265ce8338,factorial,ppo,0,reward,45,0,1,1.0,0.0
run-1ef11c3265ce8338,factorial,ppo,0,reward,46,1,1,0.0,1.0
run-1ef11c3265ce8338,factorial,ppo,0,reward,47,0,0,0.0,1.0
run-1ef11c3265ce8338,factorial,ppo,0,reward,48,0,0,0.0,1.0
run-1ef11c3265ce8338,factorial,ppo,0,reward,49,1,1,0.0,1.0
run-1ef11c3265ce8338,factorial,ppo,0,reward,50,1,0,1.0,0.0
run-1ef11c3265ce8338,factorial,ppo,0,reward,51,0,0,0.0,1.0
run-1ef11c3265ce8338,factorial,ppo,0,reward,52,0,0,0.0,1.0
run-1ef11c3265ce8338,factorial,ppo,0,reward,53,0,1,1.0,0.0
run-1ef11c3265ce8338,factorial,ppo,0,reward,54,0,0,0.0,1.0
run-1ef11c3265ce8338,factorial,ppo,0,reward,55,0,1,1.0,0.0
run-1ef11c3265ce8338,factorial,ppo,0,reward,56,0,0,0.0,1.0
run-1ef11c3265ce8338,factorial,ppo,0,reward,57,1,1,0.0,1.0
run-1ef11c3265ce8338,factorial,ppo,0,reward,58,1,0,1.0,0.0
run-1ef11c3265ce8338,factorial,ppo,0,reward,59,1,1,0.0,1.0
run-1ef11c3265ce8338,factorial,ppo,0,reward,60,1,1,0.0,1.0
run-1ef11c3265ce8338,factorial,ppo,0,reward,61,0,1,1.0,0.0
run-1ef11c3265ce8338,factorial,ppo,0,reward,62,0,1,1.0,0.0
run-1ef11c3265ce8338,factorial,ppo,0,reward,63,1,1,0.0,1.0
run-72a18d72bc23fb50,factorial,ppo,1,reward,0,1,1,0.0,1.0
run-72a18d72bc23fb50,factorial,ppo,1,reward,1,1,0,1.0,0.0
run-72a18d72bc23fb50,factorial,ppo,1,reward,2,0,1,1.0,0.0
run-72a18d72bc23fb50,factorial,ppo,1,reward,3,0,1,1.0,0.0
run-72a18d72bc23fb50,factorial,ppo,1,reward,4,0,0,0.0,1.0
run-72a18d72bc23fb50,factorial,ppo,1,reward,5,0,0,0.0,1.0
run-72a18d72bc23fb50,factorial,ppo,1,reward,6,0,0,0.0,1.0
run-72a18d72bc23fb50,factorial,ppo,1,reward,7,1,0,1.0,0.0
run-72a18d72bc23fb50,factorial,ppo,1,reward,8,0,1,1.0,0.0
run-72a18d72bc23fb50,factorial,ppo,1,reward,9,1,0,1.0,0.0
run-72a18d72bc23fb50,factorial,ppo,1,reward,10,0,1,1.0,0.0
run-72a18d72bc23fb50,factorial,ppo,1,reward,11,0,1,1.0,0.0
run-72a18d72bc23fb50,factorial,ppo,1,reward,12,1,1,0.0,1.0
run-72a18d72bc23fb50,factorial,ppo,1,reward,13,0,0,0.0,1.0
run-72a18d72bc23fb50,factorial,ppo,1,reward,14,0,1,1.0,0.0
run-72a18d72bc23fb50,factorial,ppo,1,reward,15,0,0,0.0,1.0
run-72a18d72bc23fb50,factorial,ppo,1,reward,16,0,0,0.0,1.0
run-72a18d72bc23fb50,factorial,ppo,1,reward,17,0,1,1.0,0.0
run-72a18d72bc23fb50,factorial,ppo,1,reward,18,0,0,0.0,1.0
run-72a18d72bc23fb50,factorial,ppo,1,reward,19,0,0,0.0,1.0
run-72a18d72bc23fb50,factorial,ppo,1,reward,20,1,1,0.0,1.0
run-72a18d72bc23fb50,factorial,ppo,1,reward,21,0,1,1.0,0.0
run-72a18d72bc23fb50,factorial,ppo,1,reward,22,0,1,1.0,0.0
run-72a18d72bc23fb50,factorial,ppo,1,reward,23,0,1,1.0,0.0
run-72a18d72bc23fb50,factorial,ppo,1,reward,24,0,1,1.0,0.0
run-72a18d72bc23fb50,factorial,ppo,1,reward,25,0,1,1.0,0.0
run-72a18d72bc23fb50,factorial,ppo,1,reward,26,0,0,0.0,1.0
run-72a18d72bc23fb50,factorial,ppo,1,reward,27,0,0,0.0,1.0
run-72a18d72bc23fb50,factorial,ppo,1,reward,28,0,0,0.0,1.0
run-72a18d72bc23fb50,factorial,ppo,1,reward,29,0,0,0.0,1.0
run-72a18d72bc23fb50,factorial,ppo,1,reward,30,1,1,0.0,1.0
run-72a18d72bc23fb50,factorial,ppo,1,reward,31,0,0,0.0,1.0
run-72a18d72bc23fb50,factorial,ppo,1,reward,32,0,1,1.0,0.0
run-72a18d72bc23fb50,factorial,ppo,1,reward,33,1,0,1.0,0.0
run-72a18d72bc23fb50,factorial,ppo,1,reward,34,0,0,0.0,1.0
run-72a18d72bc23fb50,factorial,ppo,1,reward,35,0,1,1.0,0.0
run-72a18d72bc23fb50,factorial,ppo,1,reward,36,0,1,1.0,0.0
run-72a18d72bc23fb50,factorial,ppo,1,reward,37,0,0,0.0,1.0
run-72a18d72bc23fb50,factorial,ppo,1,reward,38,0,1,1.0,0.0
run-72a18d72bc23fb50,factorial,ppo,1,reward,39,0,1,1.0,0.0
run-72a18d72bc23fb50,factorial,ppo,1,reward,40,1,0,1.0,0.0
run-72a18d72bc23fb50,factorial,ppo,1,reward,41,0,1,1.0,0.0
run-72a18d72bc23fb50,factorial,ppo,1,reward,42,1,1,0.0,1.0
run-72a18d72bc23fb50,factorial,ppo,1,reward,43,0,1,1.0,0.0
run-72a18d72bc23fb50,factorial,ppo,1,reward,44,0,0,0.0,1.0
run-72a18d72bc23fb50,factorial,ppo,1,reward,45,1,1,0.0,1.0
run-72a18d72bc23fb50,factorial,ppo,1,reward,46,0,0,0.0,1.0
run-72a18d72bc23fb50,factorial,ppo,1,reward,47,0,0,0.0,1.0
run-72a18d72bc23fb50,factorial,ppo,1,reward,48,1,0,1.0,0.0
run-72a18d72bc23fb50,factorial,ppo,1,reward,49,1,0,1.0,0.0
run-72a18d72bc23fb50,factorial,ppo,1,reward,50,0,1,1.0,0.0
run-72a18d72bc23fb50,factorial,ppo,1,reward,51,0,0,0.0,1.0
run-72a18d72bc23fb50,factorial,ppo,1,reward,52,0,0,0.0,1.0
run-72a18d72bc23fb50,factorial,ppo,1,reward,53,0,1,1.0,0.0
run-72a18d72bc23fb50,factorial,ppo,1,reward,54,0,1,1.0,0.0
run-72a18d72bc23fb50,factorial,ppo,1,reward,55,0,1,1.0,0.0
run-72a18d72bc23fb50,factorial,ppo,1,reward,56,1,0,1.0,0.0
run-72a18d72bc23fb50,factorial,ppo,1,reward,57,1,0,1.0,0.0
run-72a18d72bc23fb50,factorial,ppo,1,reward,58,1,1,0.0,1.0
run-72a18d72bc23fb50,factorial,ppo,1,reward,59,1,1,0.0,1.0
run-72a18d72bc23fb50,factorial,ppo,1,reward,60,0,1,1.0,0.0
run-72a18d72bc23fb50,factorial,ppo,1,reward,61,0,0,0.0,1.0
run-72a18d72bc23fb50,factorial,ppo,1,reward,62,1,0,1.0,0.0
run-72a18d72bc23fb50,factorial,ppo,1,reward,63,1,0,1.0,0.0
run-e983a6954967de85,factorial,ppo,2,reward,0,1,1,0.0,1.0
run-e983a6954967de85,factorial,ppo,2,reward,1,0,1,1.0,0.0
run-e983a6954967de85,factorial,ppo,2,reward,2,0,0,0.0,1.0
run-e983a6954967de85,factorial,ppo,2,reward,3,0,1,1.0,0.0
run-e983a6954967de85,factorial,ppo,2,reward,4,0,0,0.0,1.0
run-e983a6954967de85,factorial,ppo,2,reward,5,0,0,0.0,1.0
run-e983a6954967de85,factorial,ppo,2,reward,6,1,1,0.0,1.0
run-e983a6954967de85,factorial,ppo,2,reward,7,0,1,1.0,0.0
run-e983a6954967de85,factorial,ppo,2,reward,8,1,0,1.0,0.0
run-e983a6954967de85,factorial,ppo,2,reward,9,0,1,1.0,0.0
run-e983a6954967de85,factorial,ppo,2,reward,10,0,1,1.0,0.0
run-e983a6954967de85,factorial,ppo,2,reward,11,1,0,1.0,0.0
run-e983a6954967de85,factorial,ppo,2,reward,12,0,1,1.0,0.0
run-e983a6954967de85,factorial,ppo,2,reward,13,0,1,1.0,0.0
run-e983a6954967de85,factorial,ppo,2,reward,14,0,1,1.0,0.0
run-e983a6954967de85,factorial,ppo,2,reward,15,0,0,0.0,1.0
run-e983a6954967de85,factorial,ppo,2,reward,16,0,1,1.0,0.0
run-e983a6954967de85,factorial,ppo,2,reward,17,0,0,0.0,1.0
run-e983a6954967de85,factorial,ppo,2,reward,18,0,1,1.0,0.0
run-e983a6954967de85,factorial,ppo,2,reward,19,1,0,1.0,0.0
run-e983a6954967de85,factorial,ppo,2,reward,20,0,0,0.0,1.0
run-e983a6954967de85,factorial,ppo,2,reward,21,0,1,1.0,0.0
run-e983a6954967de85,factorial,ppo,2,reward,22,0,1,1.0,0.0
run-e983a6954967de85,factorial,ppo,2,reward,23,0,0,0.0,1.0
run-e983a6954967de85,factorial,ppo,2,reward,24,0,1,1.0,0.0
run-e983a6954967de85,factorial,ppo,2,reward,25,0,0,0.0,1.0
run-e983a6954967de85,factorial,ppo,2,reward,26,0,0,0.0,1.0
run-e983a6954967de85,factorial,ppo,2,reward,27,0,0,0.0,1.0
run-e983a6954967de85,factorial,ppo,2,reward,28,0,1,1.0,0.0
run-e983a6954967de85,factorial,ppo,2,reward,29,1,0,1.0,0.0
run-e983a6954967de85,factorial,ppo,2,reward,30,0,1,1.0,0.0
run-e983a6954967de85,factorial,ppo,2,reward,31,0,0,0.0,1.0
run-e983a6954967de85,factorial,ppo,2,reward,32,1,1,0.0,1.0
run-e983a6954967de85,factorial,ppo,2,reward,33,0,1,1.0,0.0
run-e983a6954967de85,factorial,ppo,2,reward,34,0,0,0.0,1.0
run-e983a6954967de85,factorial,ppo,2,reward,35,0,0,0.0,1.0
run-e983a6954967de85,factorial,ppo,2,reward,36,0,0,0.0,1.0
run-e983a6954967de85,factorial,ppo,2,reward,37,0,0,0.0,1.0
run-e983a6954967de85,factorial,ppo,2,reward,38,0,0,0.0,1.0
run-e983a6954967de85,factorial,ppo,2,reward,39,1,1,0.0,1.0
run-e983a6954967de85,factorial,ppo,2,reward,40,0,1,1.0,0.0
run-e983a6954967de85,factorial,ppo,2,reward,41,1,0,1.0,0.0
run-e983a6954967de85,factorial,ppo,2,reward,42,0,1,1.0,0.0
run-e983a6954967de85,factorial,ppo,2,reward,43,0,0,0.0,1.0
run-e983a6954967de85,factorial,ppo,2,reward,44,1,0,1.0,0.0
run-e983a6954967de85,factorial,ppo,2,reward,45,0,0,0.0,1.0
run-e983a6954967de85,factorial,ppo,2,reward,46,0,1,1.0,0.0
run-e983a6954967de85,factorial,ppo,2,reward,47,1,1,0.0,1.0
run-e983a6954967de85,factorial,ppo,2,reward,48,1,1,0.0,1.0
run-e983a6954967de85,factorial,ppo,2,reward,49,0,0,0.0,1.0
run-e983a6954967de85,factorial,ppo,2,reward,50,0,1,1.0,0.0
run-e983a6954967de85,factorial,ppo,2,reward,51,0,1,1.0,0.0
run-e983a6954967de85,factorial,ppo,2,reward,52,0,0,0.0,1.0
run-e983a6954967de85,factorial,ppo,2,reward,53,0,1,1.0,0.0
run-e983a6954967de85,factorial,ppo,2,reward,54,0,1,1.0,0.0
run-e983a6954967de85,factorial,ppo,2,reward,55,1,1,0.0,1.0
run-e983a6954967de85,factorial,ppo,2,reward,56,1,1,0.0,1.0
run-e983a6954967de85,factorial,ppo,2,reward,57,1,0,1.0,0.0
run-e983a6954967de85,factorial,ppo,2,reward,58,1,0,1.0,0.0
run-e983a6954967de85,factorial,ppo,2,reward,59,0,1,1.0,0.0
run-e983a6954967de85,factorial,ppo,2,reward,60,0,0,0.0,1.0
run-e983a6954967de85,factorial,ppo,2,reward,61,1,0,1.0,0.0
run-e983a6954967de85,factorial,ppo,2,reward,62,1,0,1.0,0.0
run-e983a6954967de85,factorial,ppo,2,reward,63,0,0,0.0,1.0
run-758ec724685baa56,factorial,ppo,3,reward,0,0,0,0.0,1.0
run-758ec724685baa56,factorial,ppo,3,reward,1,0,0,0.0,1.0
run-758ec724685baa56,factorial,ppo,3,reward,2,0,1,1.0,0.0
run-758ec724685baa56,factorial,ppo,3,reward,3,0,0,0.0,1.0
run-758ec724685baa56,factorial,ppo,3,reward,4,0,0,0.0,1.0
run-758ec724685baa56,factorial,ppo,3,reward,5,1,0,1.0,0.0
run-758ec724685baa56,factorial,ppo,3,reward,6,0,1,1.0,0.0
run-758ec724685baa56,factorial,ppo,3,reward,7,1,0,1.0,0.0
run-758ec724685baa56,factorial,ppo,3,reward,8,0,0,0.0,1.0
run-758ec724685baa56,factorial,ppo,3,reward,9,0,1,1.0,0.0
run-758ec724685baa56,factorial,ppo,3,reward,10,1,0,1.0,0.0
run-758ec724685baa56,factorial,ppo,3,reward,11,0,0,0.0,1.0
run-758ec724685baa56,factorial,ppo,3,reward,12,0,0,0.0,1.0
run-758ec724685baa56,factorial,ppo,3,reward,13,0,0,0.0,1.0
run-758ec724685baa56,factorial,ppo,3,reward,14,0,1,1.0,0.0
run-758ec724685baa56,factorial,ppo,3,reward,15,0,1,1.0,0.0
run-758ec724685baa56,factorial,ppo,3,reward,16,0,1,1.0,0.0
run-758ec724685baa56,factorial,ppo,3,reward,17,0,1,1.0,0.0
run-758ec724685baa56,factorial,ppo,3,reward,18,1,0,1.0,0.0
run-758ec724685baa56,factorial,ppo,3,reward,19,0,0,0.0,1.0
run-758ec724685baa56,factorial,ppo,3,reward,20,0,1,1.0,0.0
run-758ec724685baa56,factorial,ppo,3,reward,21,0,1,1.0,0.0
run-758ec724685baa56,factorial,ppo,3,reward,22,0,0,0.0,1.0
run-758ec724685baa56,factorial,ppo,3,reward,23,0,1,1.0,0.0
run-758ec724685baa56,factorial,ppo,3,reward,24,0,1,1.0,0.0
run-758ec724685baa56,factorial,ppo,3,reward,25,0,1,1.0,0.0
run-758ec724685baa56,factorial,ppo,3,reward,26,0,0,0.0,1.0
run-758ec724685baa56,factorial,ppo,3,reward,27,0,1,1.0,0.0
run-758ec724685baa56,factorial,ppo,3,reward,28,1,0,1.0,0.0
run-758ec724685baa56,factorial,ppo,3,reward,29,0,1,1.0,0.0
run-758ec724685baa56,factorial,ppo,3,reward,30,0,0,0.0,1.0
run-758ec724685baa56,factorial,ppo,3,reward,31,1,1,0.0,1.0
run-758ec724685baa56,factorial,ppo,3,reward,32,0,1,1.0,0.0
run-758ec724685baa56,factorial,ppo,3,reward,33,0,1,1.0,0.0
run-758ec724685baa56,factorial,ppo,3,reward,34,0,1,1.0,0.0
run-758ec724685baa56,factorial,ppo,3,reward,35,0,0,0.0,1.0
run-758ec724685baa56,factorial,ppo,3,reward,36,0,0,0.0,1.0
run-758ec724685baa56,factorial,ppo,3,reward,37,0,1,1.0,0.0
run-758ec724685baa56,factorial,ppo,3,reward,38,1,0,1.0,0.0
run-758ec724685baa56,factorial,ppo,3,reward,39,0,0,0.0,1.0
run-758ec724685baa56,factorial,ppo,3,reward,40,1,0,1.0,0.0
run-758ec724685baa56,factorial,ppo,3,reward,41,0,0,0.0,1.0
run-758ec724685baa56,factorial,ppo,3,reward,42,0,0,0.0,1.0
run-758ec724685baa56,factorial,ppo,3,reward,43,1,1,0.0,1.0
run-758ec724685baa56,factorial,ppo,3,reward,44,0,1,1.0,0.0
run-758ec724685baa56,factorial,ppo,3,reward,45,0,0,0.0,1.0
run-758ec724685baa56,factorial,ppo,3,reward,46,1,1,0.0,1.0
run-758ec724685baa56,factorial,ppo,3,reward,47,1,1,0.0,1.0
run-758ec724685baa56,factorial,ppo,3,reward,48,0,1,1.0,0.0
run-758ec724685baa56,factorial,ppo,3,reward,49,0,1,1.0,0.0
run-758ec724685baa56,factorial,ppo,3,reward,50,0,1,1.0,0.0
run-758ec724685baa56,factorial,ppo,3,reward,51,0,0,0.0,1.0
run-758ec724685baa56,factorial,ppo,3,reward,52,0,0,0.0,1.0
run-758ec724685baa56,factorial,ppo,3,reward,53,0,1,1.0,0.0
run-758ec724685baa56,factorial,ppo,3,reward,54,1,1,0.0,1.0
run-758ec724685baa56,factorial,ppo,3,reward,55,1,1,0.0,1.0
run-758ec724685baa56,factorial,ppo,3,reward,56,1,0,1.0,0.0
run-758ec724685baa56,factorial,ppo,3,reward,57,1,0,1.0,0.0
run-758ec724685baa56,factorial,ppo,3,reward,58,0,0,0.0,1.0
run-758ec724685baa56,factorial,ppo,3,reward,59,0,1,1.0,0.0
run-758ec724685baa56,factorial,ppo,3,reward,60,1,0,1.0,0.0
run-758ec724685baa56,factorial,ppo,3,reward,61,1,1,0.0,1.0
run-758ec724685baa56,factorial,ppo,3,reward,62,0,1,1.0,0.0
run-758ec724685baa56,factorial,ppo,3,reward,63,0,0,0.0,1.0
run-8a87e9003f52bdf5,factorial,ppo,4,reward,0,0,0,0.0,1.0
run-8a87e9003f52bdf5,factorial,ppo,4,reward,1,0,1,1.0,0.0
run-8a87e9003f52bdf5,factorial,ppo,4,reward,2,0,0,0.0,1.0
run-8a87e9003f52bdf5,factorial,ppo,4,reward,3,0,1,1.0,0.0
run-8a87e9003f52bdf5,factorial,ppo,4,reward,4,1,0,1.0,0.0
run-8a87e9003f52bdf5,factorial,ppo,4,reward,5,0,0,0.0,1.0
run-8a87e9003f52bdf5,factorial,ppo,4,reward,6,1,0,1.0,0.0
run-8a87e9003f52bdf5,factorial,ppo,4,reward,7,0,0,0.0,1.0
run-8a87e9003f52bdf5,factorial,ppo,4,reward,8,0,1,1.0,0.0
run-8a87e9003f52bdf5,factorial,ppo,4,reward,9,1,0,1.0,0.0
run-8a87e9003f52bdf5,factorial,ppo,4,reward,10,0,1,1.0,0.0
run-8a87e9003f52bdf5,factorial,ppo,4,reward,11,0,1,1.0,0.0
run-8a87e9003f52bdf5,factorial,ppo,4,reward,12,0,0,0.0,1.0
run-8a87e9003f52bdf5,factorial,ppo,4,reward,13,0,1,1.0,0.0
run-8a87e9003f52bdf5,factorial,ppo,4,reward,14,0,1,1.0,0.0
run-8a87e9003f52bdf5,factorial,ppo,4,reward,15,0,0,0.0,1.0
run-8a87e9003f52bdf5,factorial,ppo,4,reward,16,0,0,0.0,1.0
run-8a87e9003f52bdf5,factorial,ppo,4,reward,17,1,1,0.0,1.0
run-8a87e9003f52bdf5,factorial,ppo,4,reward,18,0,0,0.0,1.0
run-8a87e9003f52bdf5,factorial,ppo,4,reward,19,0,1,1.0,0.0
run-8a87e9003f52bdf5,factorial,ppo,4,reward,20,0,1,1.0,0.0
run-8a87e9003f52bdf5,factorial,ppo,4,reward,21,0,1,1.0,0.0
run-8a87e9003f52bdf5,factorial,ppo,4,reward,22,0,1,1.0,0.0
run-8a87e9003f52bdf5,factorial,ppo,4,reward,23,0,0,0.0,1.0
run-8a87e9003f52bdf5,factorial,ppo,4,reward,24,0,1,1.0,0.0
run-8a87e9003f52bdf5,factorial,ppo,4,reward,25,0,1,1.0,0.0
run-8a87e9003f52bdf5,factorial,ppo,4,reward,26,0,0,0.0,1.0
run-8a87e9003f52bdf5,factorial,ppo,4,reward,27,1,0,1.0,0.0
run-8a87e9003f52bdf5,factorial,ppo,4,reward,28,0,0,0.0,1.0
run-8a87e9003f52bdf5,factorial,ppo,4,reward,29,0,1,1.0,0.0
run-8a87e9003f52bdf5,factorial,ppo,4,reward,30,1,0,1.0,0.0
run-8a87e9003f52bdf5,factorial,ppo,4,reward,31,0,1,1.0,0.0
run-8a87e9003f52bdf5,factorial,ppo,4,reward,32,0,1,1.0,0.0
run-8a87e9003f52bdf5,factorial,ppo,4,reward,33,0,1,1.0,0.0
run-8a87e9003f52bdf5,factorial,ppo,4,reward,34,0,1,1.0,0.0
run-8a87e9003f52bdf5,factorial,ppo,4,reward,35,0,1,1.0,0.0
run-8a87e9003f52bdf5,factorial,ppo,4,reward,36,0,0,0.0,1.0
run-8a87e9003f52bdf5,factorial,ppo,4,reward,37,1,0,1.0,0.0
run-8a87e9003f52bdf5,factorial,ppo,4,reward,38,0,0,0.0,1.0
run-8a87e9003f52bdf5,factorial,ppo,4,reward,39,1,0,1.0,0.0
run-8a87e9003f52bdf5,factorial,ppo,4,reward,40,0,0,0.0,1.0
run-8a87e9003f52bdf5,factorial,ppo,4,reward,41,0,1,1.0,0.0
run-8a87e9003f52bdf5,factorial,ppo,4,reward,42,1,1,0.0,1.0
run-8a87e9003f52bdf5,factorial,ppo,4,reward,43,0,1,1.0,0.0
run-8a87e9003f52bdf5,factorial,ppo,4,reward,44,0,1,1.0,0.0
run-8a87e9003f52bdf5,factorial,ppo,4,reward,45,1,0,1.0,0.0
run-8a87e9003f52bdf5,factorial,ppo,4,reward,46,1,1,0.0,1.0
run-8a87e9003f52bdf5,factorial,ppo,4,reward,47,0,1,1.0,0.0
run-8a87e9003f52bdf5,factorial,ppo,4,reward,48,0,1,1.0,0.0
run-8a87e9003f52bdf5,factorial,ppo,4,reward,49,0,0,0.0,1.0
run-8a87e9003f52bdf5,factorial,ppo,4,reward,50,0,1,1.0,0.0
run-8a87e9003f52bdf5,factorial,ppo,4,reward,51,0,1,1.0,0.0
run-8a87e9003f52bdf5,factorial,ppo,4,reward,52,0,1,1.0,0.0
run-8a87e9003f52bdf5,factorial,ppo,4,reward,53,1,0,1.0,0.0
run-8a87e9003f52bdf5,factorial,ppo,4,reward,54,1,0,1.0,0.0
run-8a87e9003f52bdf5,factorial,ppo,4,reward,55,1,0,1.0,0.0
run-8a87e9003f52bdf5,factorial,ppo,4,reward,56,1,0,1.0,0.0
run-8a87e9003f52bdf5,factorial,ppo,4,reward,57,0,0,0.0,1.0
run-8a87e9003f52bdf5,factorial,ppo,4,reward,58,0,0,0.0,1.0
run-8a87e9003f52bdf5,factorial,ppo,4,reward,59,1,1,0.0,1.0
run-8a87e9003f52bdf5,factorial,ppo,4,reward,60,1,0,1.0,0.0
run-8a87e9003f52bdf5,factorial,ppo,4,reward,61,0,0,0.0,1.0
run-8a87e9003f52bdf5,factorial,ppo,4,reward,62,0,1,1.0,0.0
run-8a87e9003f52bdf5,factorial,ppo,4,reward,63,0,0,0.0,1.0
run-55eaa291d461a4b9,factorial,ppo,0,reward,0,2,0,1.0,1.0
run-55eaa291d461a4b9,factorial,ppo,0,reward,1,2,1,1.0,1.0
run-55eaa291d461a4b9,factorial,ppo,0,reward,2,2,1,1.0,1.0
run-55eaa291d461a4b9,factorial,ppo,0,reward,3,2,1,0.0,0.0
run-55eaa291d461a4b9,factorial,ppo,0,reward,4,2,1,0.0,0.0
run-55eaa291d461a4b9,factorial,ppo,0,reward,5,2,0,1.0,1.0
run-55eaa291d461a4b9,factorial,ppo,0,reward,6,2,0,1.0,1.0
run-55eaa291d461a4b9,factorial,ppo,0,reward,7,2,1,0.0,0.0
run-55eaa291d461a4b9,factorial,ppo,0,reward,8,2,1,1.0,1.0
run-55eaa291d461a4b9,factorial,ppo,0,reward,9,2,0,1.0,1.0
run-55eaa291d461a4b9,factorial,ppo,0,reward,10,2,0,0.0,0.0
run-55eaa291d461a4b9,factorial,ppo,0,reward,11,2,0,1.0,1.0
run-55eaa291d461a4b9,factorial,ppo,0,reward,12,2,1,0.0,0.0
run-55eaa291d461a4b9,factorial,ppo,0,reward,13,2,1,1.0,1.0
run-55eaa291d461a4b9,factorial,ppo,0,reward,14,2,0,1.0,1.0
run-55eaa291d461a4b9,factorial,ppo,0,reward,15,2,0,1.0,1.0
run-55eaa291d461a4b9,factorial,ppo,0,reward,16,2,1,0.0,0.0
run-55eaa291d461a4b9,factorial,ppo,0,reward,17,2,1,0.0,0.0
run-55eaa291d461a4b9,factorial,ppo,0,reward,18,2,1,0.0,0.0
run-55eaa291d461a4b9,factorial,ppo,0,reward,19,2,1,0.0,0.0
run-55eaa291d461a4b9,factorial,ppo,0,reward,20,2,0,1.0,1.0
run-55eaa291d461a4b9,factorial,ppo,0,reward,21,2,0,0.0,0.0
run-55eaa291d461a4b9,factorial,ppo,0,reward,22,2,0,1.0,1.0
run-55eaa291d461a4b9,factorial,ppo,0,reward,23,2,0,1.0,1.0
run-55eaa291d461a4b9,factorial,ppo,0,reward,24,2,0,1.0,1.0
run-55eaa291d461a4b9,factorial,ppo,0,reward,25,2,0,1.0,1.0
run-55eaa291d461a4b9,factorial,ppo,0,reward,26,2,1,0.0,0.0
run-55eaa291d461a4b9,factorial,ppo,0,reward,27,2,0,1.0,1.0
run-55eaa291d461a4b9,factorial,ppo,0,reward,28,2,1,0.0,0.0
run-55eaa291d461a4b9,factorial,ppo,0,reward,29,2,0,1.0,1.0
run-55eaa291d461a4b9,factorial,ppo,0,reward,30,2,0,1.0,1.0
run-55eaa291d461a4b9,factorial,ppo,0,reward,31,2,0,0.0,0.0
run-55eaa291d461a4b9,factorial,ppo,0,reward,32,2,1,0.0,0.0
run-55eaa291d461a4b9,factorial,ppo,0,reward,33,2,1,0.0,0.0
run-55eaa291d461a4b9,factorial,ppo,0,reward,34,2,1,1.0,1.0
run-55eaa291d461a4b9,factorial,ppo,0,reward,35,2,0,1.0,1.0
run-55eaa291d461a4b9,factorial,ppo,0,reward,36,2,0,1.0,1.0
run-55eaa291d461a4b9,factorial,ppo,0,reward,37,2,0,1.0,1.0
run-55eaa291d461a4b9,factorial,ppo,0,reward,38,2,1,0.0,0.0
run-55eaa291d461a4b9,factorial,ppo,0,reward,39,2,1,0.0,0.0
run-55eaa291d461a4b9,factorial,ppo,0,reward,40,2,0,1.0,1.0
run-55eaa291d461a4b9,factorial,ppo,0,reward,41,2,1,1.0,1.0
run-55eaa291d461a4b9,factorial,ppo,0,reward,42,2,0,1.0,1.0
run-55eaa291d461a4b9,factorial,ppo,0,reward,43,2,1,1.0,1.0
run-55eaa291d461a4b9,factorial,ppo,0,reward,44,2,0,1.0,1.0
run-55eaa291d461a4b9,factorial,ppo,0,reward,45,2,1,0.0,0.0
run-55eaa291d461a4b9,factorial,ppo,0,reward,46,2,1,1.0,1.0
run-55eaa291d461a4b9,factorial,ppo,0,reward,47,2,0,1.0,1.0
run-55eaa291d461a4b9,factorial,ppo,0,reward,48,2,0,1.0,1.0
run-55eaa291d461a4b9,factorial,ppo,0,reward,49,2,1,1.0,1.0
run-55eaa291d461a4b9,factorial,ppo,0,reward,50,2,0,0.0,0.0
run-55eaa291d461a4b9,factorial,ppo,0,reward,51,2,0,1.0,1.0
run-55eaa291d461a4b9,factorial,ppo,0,reward,52,2,0,1.0,1.0
run-55eaa291d461a4b9,factorial,ppo,0,reward,53,2,1,0.0,0.0
run-55eaa291d461a4b9,factorial,ppo,0,reward,54,2,0,1.0,1.0
run-55eaa291d461a4b9,factorial,ppo,0,reward,55,2,1,0.0,0.0
run-55eaa291d461a4b9,factorial,ppo,0,reward,56,2,0,1.0,1.0
run-55eaa291d461a4b9,factorial,ppo,0,reward,57,2,1,1.0,1.0
run-55eaa291d461a4b9,factorial,ppo,0,reward,58,2,0,0.0,0.0
run-55eaa291d461a4b9,factorial,ppo,0,reward,59,2,1,1.0,1.0
run-55eaa291d461a4b9,factorial,ppo,0,reward,60,2,1,1.0,1.0
run-55eaa291d461a4b9,factorial,ppo,0,reward,61,2,1,0.0,0.0
run-55eaa291d461a4b9,factorial,ppo,0,reward,62,2,1,0.0,0.0
run-55eaa291d461a4b9,factorial,ppo,0,reward,63,2,1,1.0,1.0
run-64ad82813d2a3843,factorial,ppo,1,reward,0,2,1,1.0,1.0
run-64ad82813d2a3843,factorial,ppo,1,reward,1,2,0,0.0,0.0
run-64ad82813d2a3843,factorial,ppo,1,reward,2,2,1,0.0,0.0
run-64ad82813d2a3843,factorial,ppo,1,reward,3,2,1,0.0,0.0
run-64ad82813d2a3843,factorial,ppo,1,reward,4,2,0,1.0,1.0
run-64ad82813d2a3843,factorial,ppo,1,reward,5,2,0,1.0,1.0
run-64ad82813d2a3843,factorial,ppo,1,reward,6,2,0,1.0,1.0
run-64ad82813d2a3843,factorial,ppo,1,reward,7,2,0,0.0,0.0
run-64ad82813d2a3843,factorial,ppo,1,reward,8,2,1,0.0,0.0
run-64ad82813d2a3843,factorial,ppo,1,reward,9,2,0,0.0,0.0
run-64ad82813d2a3843,factorial,ppo,1,reward,10,2,1,0.0,0.0
run-64ad82813d2a3843,factorial,ppo,1,reward,11,2,1,0.0,0.0
run-64ad82813d2a3843,factorial,ppo,1,reward,12,2,1,1.0,1.0
run-64ad82813d2a3843,factorial,ppo,1,reward,13,2,0,1.0,1.0
run-64ad82813d2a3843,factorial,ppo,1,reward,14,2,1,0.0,0.0
run-64ad82813d2a3843,factorial,ppo,1,reward,15,2,0,1.0,1.0
run-64ad82813d2a3843,factorial,ppo,1,reward,16,2,0,1.0,1.0
run-64ad82813d2a3843,factorial,ppo,1,reward,17,2,1,0.0,0.0
run-64ad82813d2a3843,factorial,ppo,1,reward,18,2,0,1.0,1.0
run-64ad82813d2a3843,factorial,ppo,1,reward,19,2,0,1.0,1.0
run-64ad82813d2a3843,factorial,ppo,1,reward,20,2,1,1.0,1.0
run-64ad82813d2a3843,factorial,ppo,1,reward,21,2,1,0.0,0.0
run-64ad82813d2a3843,factorial,ppo,1,reward,22,2,1,0.0,0.0
run-64ad82813d2a3843,factorial,ppo,1,reward,23,2,1,0.0,0.0
run-64ad82813d2a3843,factorial,ppo,1,reward,24,2,1,0.0,0.0
run-64ad82813d2a3843,factorial,ppo,1,reward,25,2,1,0.0,0.0
run-64ad82813d2a3843,factorial,ppo,1,reward,26,2,0,1.0,1.0
run-64ad82813d2a3843,factorial,ppo,1,reward,27,2,0,1.0,1.0
run-64ad82813d2a3843,factorial,ppo,1,reward,28,2,0,1.0,1.0
run-64ad82813d2a3843,factorial,ppo,1,reward,29,2,0,1.0,1.0
run-64ad82813d2a3843,factorial,ppo,1,reward,30,2,1,1.0,1.0
run-64ad82813d2a3843,factorial,ppo,1,reward,31,2,0,1.0,1.0
run-64ad82813d2a3843,factorial,ppo,1,reward,32,2,1,0.0,0.0
run-64ad82813d2a3843,factorial,ppo,1,reward,33,2,0,0.0,0.0
run-64ad82813d2a3843,factorial,ppo,1,reward,34,2,0,1.0,1.0
run-64ad82813d2a3843,factorial,ppo,1,reward,35,2,1,0.0,0.0
run-64ad82813d2a3843,factorial,ppo,1,reward,36,2,1,0.0,0.0
run-64ad82813d2a3843,factorial,ppo,1,reward,37,2,0,1.0,1.0
run-64ad82813d2a3843,factorial,ppo,1,reward,38,2,1,0.0,0.0
run-64ad82813d2a3843,factorial,ppo,1,reward,39,2,1,0.0,0.0
run-64ad82813d2a3843,factorial,ppo,1,reward,40,2,0,0.0,0.0
run-64ad82813d2a3843,factorial,ppo,1,reward,41,2,1,0.0,0.0
run-64ad82813d2a3843,factorial,ppo,1,reward,42,2,1,1.0,1.0
run-64ad82813d2a3843,factorial,ppo,1,reward,43,2,1,0.0,0.0
run-64ad82813d2a3843,factorial,ppo,1,reward,44,2,0,1.0,1.0
run-64ad82813d2a3843,factorial,ppo,1,reward,45,2,1,1.0,1.0
run-64ad82813d2a3843,factorial,ppo,1,reward,46,2,0,1.0,1.0
run-64ad82813d2a3843,factorial,ppo,1,reward,47,2,0,1.0,1.0
run-64ad82813d2a3843,factorial,ppo,1,reward,48,2,0,0.0,0.0
run-64ad82813d2a3843,factorial,ppo,1,reward,49,2,0,0.0,0.0
run-64ad82813d2a3843,factorial,ppo,1,reward,50,2,1,0.0,0.0
run-64ad82813d2a3843,factorial,ppo,1,reward,51,2,0,1.0,1.0
run-64ad82813d2a3843,factorial,ppo,1,reward,52,2,0,1.0,1.0
run-64ad82813d2a3843,factorial,ppo,1,reward,53,2,1,0.0,0.0
run-64ad82813d2a3843,factorial,ppo,1,reward,54,2,1,0.0,0.0
run-64ad82813d2a3843,factorial,ppo,1,reward,55,2,1,0.0,0.0
run-64ad82813d2a3843,factorial,ppo,1,reward,56,2,0,0.0,0.0
run-64ad82813d2a3843,factorial,ppo,1,reward,57,2,0,0.0,0.0
run-64ad82813d2a3843,factorial,ppo,1,reward,58,2,1,1.0,1.0
run-64ad82813d2a3843,factorial,ppo,1,reward,59,2,1,1.0,1.0
run-64ad82813d2a3843,factorial,ppo,1,reward,60,2,1,0.0,0.0
run-64ad82813d2a3843,factorial,ppo,1,reward,61,2,0,1.0,1.0
run-64ad82813d2a3843,factorial,ppo,1,reward,62,2,0,0.0,0.0
run-64ad82813d2a3843,factorial,ppo,1,reward,63,2,0,0.0,0.0
run-0e2f51133cdf5657,factorial,ppo,2,reward,0,2,1,1.0,1.0
run-0e2f51133cdf5657,factorial,ppo,2,reward,1,2,1,0.0,0.0
run-0e2f51133cdf5657,factorial,ppo,2,reward,2,2,0,1.0,1.0
run-0e2f51133cdf5657,factorial,ppo,2,reward,3,2,1,0.0,0.0
run-0e2f51133cdf5657,factorial,ppo,2,reward,4,2,0,1.0,1.0
run-0e2f51133cdf5657,factorial,ppo,2,reward,5,2,0,1.0,1.0
run-0e2f51133cdf5657,factorial,ppo,2,reward,6,2,1,1.0,1.0
run-0e2f51133cdf5657,factorial,ppo,2,reward,7,2,1,0.0,0.0
run-0e2f51133cdf5657,factorial,ppo,2,reward,8,2,0,0.0,0.0
run-0e2f51133cdf5657,factorial,ppo,2,reward,9,2,1,0.0,0.0
run-0e2f51133cdf5657,factorial,ppo,2,reward,10,2,1,0.0,0.0
run-0e2f51133cdf5657,factorial,ppo,2,reward,11,2,0,0.0,0.0
run-0e2f51133cdf5657,factorial,ppo,2,reward,12,2,1,0.0,0.0
run-0e2f51133cdf5657,factorial,ppo,2,reward,13,2,1,0.0,0.0
run-0e2f51133cdf5657,factorial,ppo,2,reward,14,2,1,0.0,0.0
run-0e2f51133cdf5657,factorial,ppo,2,reward,15,2,0,1.0,1.0
run-0e2f51133cdf5657,factorial,ppo,2,reward,16,2,1,0.0,0.0
run-0e2f51133cdf5657,factorial,ppo,2,reward,17,2,0,1.0,1.0
run-0e2f51133cdf5657,factorial,ppo,2,reward,18,2,1,0.0,0.0
run-0e2f51133cdf5657,factorial,ppo,2,reward,19,2,0,0.0,0.0
run-0e2f51133cdf5657,factorial,ppo,2,reward,20,2,0,1.0,1.0
run-0e2f51133cdf5657,factorial,ppo,2,reward,21,2,1,0.0,0.0
run-0e2f51133cdf5657,factorial,ppo,2,reward,22,2,1,0.0,0.0
run-0e2f51133cdf5657,factorial,ppo,2,reward,23,2,0,1.0,1.0
run-0e2f51133cdf5657,factorial,ppo,2,reward,24,2,1,0.0,0.0
run-0e2f51133cdf5657,factorial,ppo,2,reward,25,2,0,1.0,1.0
run-0e2f51133cdf5657,factorial,ppo,2,reward,26,2,0,1.0,1.0
run-0e2f51133cdf5657,factorial,ppo,2,reward,27,2,0,1.0,1.0
run-0e2f51133cdf5657,factorial,ppo,2,reward,28,2,1,0.0,0.0
run-0e2f51133cdf5657,factorial,ppo,2,reward,29,2,0,0.0,0.0
run-0e2f51133cdf5657,factorial,ppo,2,reward,30,2,1,0.0,0.0
run-0e2f51133cdf5657,factorial,ppo,2,reward,31,2,0,1.0,1.0
run-0e2f51133cdf5657,factorial,ppo,2,reward,32,2,1,1.0,1.0
run-0e2f51133cdf5657,factorial,ppo,2,reward,33,2,1,0.0,0.0
run-0e2f51133cdf5657,factorial,ppo,2,reward,34,2,0,1.0,1.0
run-0e2f51133cdf5657,factorial,ppo,2,reward,35,2,0,1.0,1.0
run-0e2f51133cdf5657,factorial,ppo,2,reward,36,2,0,1.0,1.0
run-0e2f51133cdf5657,factorial,ppo,2,reward,37,2,0,1.0,1.0
run-0e2f51133cdf5657,factorial,ppo,2,reward,38,2,0,1.0,1.0
run-0e2f51133cdf5657,factorial,ppo,2,reward,39,2,1,1.0,1.0
run-0e2f51133cdf5657,factorial,ppo,2,reward,40,2,1,0.0,0.0
run-0e2f51133cdf5657,factorial,ppo,2,reward,41,2,0,0.0,0.0
run-0e2f51133cdf5657,factorial,ppo,2,reward,42,2,1,0.0,0.0
run-0e2f51133cdf5657,factorial,ppo,2,reward,43,2,0,1.0,1.0
run-0e2f51133cdf5657,factorial,ppo,2,reward,44,2,0,0.0,0.0
run-0e2f51133cdf5657,factorial,ppo,2,reward,45,2,0,1.0,1.0
run-0e2f51133cdf5657,factorial,ppo,2,reward,46,2,1,0.0,0.0
run-0e2f51133cdf5657,factorial,ppo,2,reward,47,2,1,1.0,1.0
run-0e2f51133cdf5657,factorial,ppo,2,reward,48,2,1,1.0,1.0
run-0e2f51133cdf5657,factorial,ppo,2,reward,49,2,0,1.0,1.0
run-0e2f51133cdf5657,factorial,ppo,2,reward,50,2,1,0.0,0.0
run-0e2f51133cdf5657,factorial,ppo,2,reward,51,2,1,0.0,0.0
run-0e2f51133cdf5657,factorial,ppo,2,reward,52,2,0,1.0,1.0
run-0e2f51133cdf5657,factorial,ppo,2,reward,53,2,1,0.0,0.0
run-0e2f51133cdf5657,factorial,ppo,2,reward,54,2,1,0.0,0.0
run-0e2f51133cdf5657,factorial,ppo,2,reward,55,2,1,1.0,1.0
run-0e2f51133cdf5657,factorial,ppo,2,reward,56,2,1,1.0,1.0
run-0e2f51133cdf5657,factorial,ppo,2,reward,57,2,0,0.0,0.0
run-0e2f51133cdf5657,factorial,ppo,2,reward,58,2,0,0.0,0.0
run-0e2f51133cdf5657,factorial,ppo,2,reward,59,2,1,0.0,0.0
run-0e2f51133cdf5657,factorial,ppo,2,reward,60,2,0,1.0,1.0
run-0e2f51133cdf5657,factorial,ppo,2,reward,61,2,0,0.0,0.0
run-0e2f51133cdf5657,factorial,ppo,2,reward,62,2,0,0.0,0.0
run-0e2f51133cdf5657,factorial,ppo,2,reward,63,2,0,1.0,1.0
run-6fb9d62725d8323f,factorial,ppo,3,reward,0,2,0,1.0,1.0
run-6fb9d62725d8323f,factorial,ppo,3,reward,1,2,0,1.0,1.0
run-6fb9d62725d8323f,factorial,ppo,3,reward,2,2,1,0.0,0.0
run-6fb9d62725d8323f,factorial,ppo,3,reward,3,2,0,1.0,1.0
run-6fb9d62725d8323f,factorial,ppo,3,reward,4,2,0,1.0,1.0
run-6fb9d62725d8323f,factorial,ppo,3,reward,5,2,0,0.0,0.0
run-6fb9d62725d8323f,factorial,ppo,3,reward,6,2,1,0.0,0.0
run-6fb9d62725d8323f,factorial,ppo,3,reward,7,2,0,0.0,0.0
run-6fb9d62725d8323f,factorial,ppo,3,reward,8,2,0,1.0,1.0
run-6fb9d62725d8323f,factorial,ppo,3,reward,9,2,1,0.0,0.0
run-6fb9d62725d8323f,factorial,ppo,3,reward,10,2,0,0.0,0.0
run-6fb9d62725d8323f,factorial,ppo,3,reward,11,2,0,1.0,1.0
run-6fb9d62725d8323f,factorial,ppo,3,reward,12,2,0,1.0,1.0
run-6fb9d62725d8323f,factorial,ppo,3,reward,13,2,0,1.0,1.0
run-6fb9d62725d8323f,factorial,ppo,3,reward,14,2,1,0.0,0.0
run-6fb9d62725d8323f,factorial,ppo,3,reward,15,2,1,0.0,0.0
run-6fb9d62725d8323f,factorial,ppo,3,reward,16,2,1,0.0,0.0
run-6fb9d62725d8323f,factorial,ppo,3,reward,17,2,1,0.0,0.0
run-6fb9d62725d8323f,factorial,ppo,3,reward,18,2,0,0.0,0.0
run-6fb9d62725d8323f,factorial,ppo,3,reward,19,2,0,1.0,1.0
run-6fb9d62725d8323f,factorial,ppo,3,reward,20,2,1,0.0,0.0
run-6fb9d62725d8323f,factorial,ppo,3,reward,21,2,1,0.0,0.0
run-6fb9d62725d8323f,factorial,ppo,3,reward,22,2,0,1.0,1.0
run-6fb9d62725d8323f,factorial,ppo,3,reward,23,2,1,0.0,0.0
run-6fb9d62725d8323f,factorial,ppo,3,reward,24,2,1,0.0,0.0
run-6fb9d62725d8323f,factorial,ppo,3,reward,25,2,1,0.0,0.0
run-6fb9d62725d8323f,factorial,ppo,3,reward,26,2,0,1.0,1.0
run-6fb9d62725d8323f,factorial,ppo,3,reward,27,2,1,0.0,0.0
run-6fb9d62725d8323f,factorial,ppo,3,reward,28,2,0,0.0,0.0
run-6fb9d62725d8323f,factorial,ppo,3,reward,29,2,1,0.0,0.0
run-6fb9d62725d8323f,factorial,ppo,3,reward,30,2,0,1.0,1.0
run-6fb9d62725d8323f,factorial,ppo,3,reward,31,2,1,1.0,1.0
run-6fb9d62725d8323f,factorial,ppo,3,reward,32,2,1,0.0,0.0
run-6fb9d62725d8323f,factorial,ppo,3,reward,33,2,1,0.0,0.0
run-6fb9d62725d8323f,factorial,ppo,3,reward,34,2,1,0.0,0.0
run-6fb9d62725d8323f,factorial,ppo,3,reward,35,2,0,1.0,1.0
run-6fb9d62725d8323f,factorial,ppo,3,reward,36,2,0,1.0,1.0
run-6fb9d62725d8323f,factorial,ppo,3,reward,37,2,1,0.0,0.0
run-6fb9d62725d8323f,factorial,ppo,3,reward,38,2,0,0.0,0.0
run-6fb9d62725d8323f,factorial,ppo,3,reward,39,2,0,1.0,1.0
run-6fb9d62725d8323f,factorial,ppo,3,reward,40,2,0,0.0,0.0
run-6fb9d62725d8323f,factorial,ppo,3,reward,41,2,0,1.0,1.0
run-6fb9d62725d8323f,factorial,ppo,3,reward,42,2,0,1.0,1.0
run-6fb9d62725d8323f,factorial,ppo,3,reward,43,2,1,1.0,1.0
run-6fb9d62725d8323f,factorial,ppo,3,reward,44,2,1,0.0,0.0
run-6fb9d62725d8323f,factorial,ppo,3,reward,45,2,0,1.0,1.0
run-6fb9d62725d8323f,factorial,ppo,3,reward,46,2,1,1.0,1.0
run-6fb9d62725d8323f,factorial,ppo,3,reward,47,2,1,1.0,1.0
run-6fb9d62725d8323f,factorial,ppo,3,reward,48,2,1,0.0,0.0
run-6fb9d62725d8323f,factorial,ppo,3,reward,49,2,1,0.0,0.0
run-6fb9d62725d8323f,factorial,ppo,3,reward,50,2,1,0.0,0.0
run-6fb9d62725d8323f,factorial,ppo,3,reward,51,2,0,1.0,1.0
run-6fb9d62725d8323f,factorial,ppo,3,reward,52,2,0,1.0,1.0
run-6fb9d62725d8323f,factorial,ppo,3,reward,53,2,1,0.0,0.0
run-6fb9d62725d8323f,factorial,ppo,3,reward,54,2,1,1.0,1.0
run-6fb9d62725d8323f,factorial,ppo,3,reward,55,2,1,1.0,1.0
run-6fb9d62725d8323f,factorial,ppo,3,reward,56,2,0,0.0,0.0
run-6fb9d62725d8323f,factorial,ppo,3,reward,57,2,0,0.0,0.0
run-6fb9d62725d8323f,factorial,ppo,3,reward,58,2,0,1.0,1.0
run-6fb9d62725d8323f,factorial,ppo,3,reward,59,2,1,0.0,0.0
run-6fb9d62725d8323f,factorial,ppo,3,reward,60,2,0,0.0,0.0
run-6fb9d62725d8323f,factorial,ppo,3,reward,61,2,1,1.0,1.0
run-6fb9d62725d8323f,factorial,ppo,3,reward,62,2,1,0.0,0.0
run-6fb9d62725d8323f,factorial,ppo,3,reward,63,2,0,1.0,1.0
run-f857e3f0c64ea4db,factorial,ppo,4,reward,0,2,0,1.0,1.0
run-f857e3f0c64ea4db,factorial,ppo,4,reward,1,2,1,0.0,0.0
run-f857e3f0c64ea4db,factorial,ppo,4,reward,2,2,0,1.0,1.0
run-f857e3f0c64ea4db,factorial,ppo,4,reward,3,2,1,0.0,0.0
run-f857e3f0c64ea4db,factorial,ppo,4,reward,4,2,0,0.0,0.0
run-f857e3f0c64ea4db,factorial,ppo,4,reward,5,2,0,1.0,1.0
run-f857e3f0c64ea4db,factorial,ppo,4,reward,6,2,0,0.0,0.0
run-f857e3f0c64ea4db,factorial,ppo,4,reward,7,2,0,1.0,1.0
run-f857e3f0c64ea4db,factorial,ppo,4,reward,8,2,1,0.0,0.0
run-f857e3f0c64ea4db,factorial,ppo,4,reward,9,2,0,0.0,0.0
run-f857e3f0c64ea4db,factorial,ppo,4,reward,10,2,1,0.0,0.0
run-f857e3f0c64ea4db,factorial,ppo,4,reward,11,2,1,0.0,0.0
run-f857e3f0c64ea4db,factorial,ppo,4,reward,12,2,0,1.0,1.0
run-f857e3f0c64ea4db,factorial,ppo,4,reward,13,2,1,0.0,0.0
run-f857e3f0c64ea4db,factorial,ppo,4,reward,14,2,1,0.0,0.0
run-f857e3f0c64ea4db,factorial,ppo,4,reward,15,2,0,1.0,1.0
run-f857e3f0c64ea4db,factorial,ppo,4,reward,16,2,0,1.0,1.0
run-f857e3f0c64ea4db,factorial,ppo,4,reward,17,2,1,1.0,1.0
run-f857e3f0c64ea4db,factorial,ppo,4,reward,18,2,0,1.0,1.0
run-f857e3f0c64ea4db,factorial,ppo,4,reward,19,2,1,0.0,0.0
run-f857e3f0c64ea4db,factorial,ppo,4,reward,20,2,1,0.0,0.0
run-f857e3f0c64ea4db,factorial,ppo,4,reward,21,2,1,0.0,0.0
run-f857e3f0c64ea4db,factorial,ppo,4,reward,22,2,1,0.0,0.0
run-f857e3f0c64ea4db,factorial,ppo,4,reward,23,2,0,1.0,1.0
run-f857e3f0c64ea4db,factorial,ppo,4,reward,24,2,1,0.0,0.0
run-f857e3f0c64ea4db,factorial,ppo,4,reward,25,2,1,0.0,0.0
run-f857e3f0c64ea4db,factorial,ppo,4,reward,26,2,0,1.0,1.0
run-f857e3f0c64ea4db,factorial,ppo,4,reward,27,2,0,0.0,0.0
run-f857e3f0c64ea4db,factorial,ppo,4,reward,28,2,0,1.0,1.0
run-f857e3f0c64ea4db,factorial,ppo,4,reward,29,2,1,0.0,0.0
run-f857e3f0c64ea4db,factorial,ppo,4,reward,30,2,0,0.0,0.0
run-f857e3f0c64ea4db,factorial,ppo,4,reward,31,2,1,0.0,0.0
run-f857e3f0c64ea4db,factorial,ppo,4,reward,32,2,1,0.0,0.0
run-f857e3f0c64ea4db,factorial,ppo,4,reward,33,2,1,0.0,0.0
run-f857e3f0c64ea4db,factorial,ppo,4,reward,34,2,1,0.0,0.0
run-f857e3f0c64ea4db,factorial,ppo,4,reward,35,2,1,0.0,0.0
run-f857e3f0c64ea4db,factorial,ppo,4,reward,36,2,0,1.0,1.0
run-f857e3f0c64ea4db,factorial,ppo,4,reward,37,2,0,0.0,0.0
run-f857e3f0c64ea4db,factorial,ppo,4,reward,38,2,0,1.0,1.0
run-f857e3f0c64ea4db,factorial,ppo,4,reward,39,2,0,0.0,0.0
run-f857e3f0c64ea4db,factorial,ppo,4,reward,40,2,0,1.0,1.0
run-f857e3f0c64ea4db,factorial,ppo,4,reward,41,2,1,0.0,0.0
run-f857e3f0c64ea4db,factorial,ppo,4,reward,42,2,1,1.0,1.0
run-f857e3f0c64ea4db,factorial,ppo,4,reward,43,2,1,0.0,0.0
run-f857e3f0c64ea4db,factorial,ppo,4,reward,44,2,1,0.0,0.0
run-f857e3f0c64ea4db,factorial,ppo,4,reward,45,2,0,0.0,0.0
run-f857e3f0c64ea4db,factorial,ppo,4,reward,46,2,1,1.0,1.0
run-f857e3f0c64ea4db,factorial,ppo,4,reward,47,2,1,0.0,0.0
run-f857e3f0c64ea4db,factorial,ppo,4,reward,48,2,1,0.0,0.0
run-f857e3f0c64ea4db,factorial,ppo,4,reward,49,2,0,1.0,1.0
run-f857e3f0c64ea4db,factorial,ppo,4,reward,50,2,1,0.0,0.0
run-f857e3f0c64ea4db,factorial,ppo,4,reward,51,2,1,0.0,0.0
run-f857e3f0c64ea4db,factorial,ppo,4,reward,52,2,1,0.0,0.0
run-f857e3f0c64ea4db,factorial,ppo,4,reward,53,2,0,0.0,0.0
run-f857e3f0c64ea4db,factorial,ppo,4,reward,54,2,0,0.0,0.0
run-f857e3f0c64ea4db,factorial,ppo,4,reward,55,2,0,0.0,0.0
run-f857e3f0c64ea4db,factorial,ppo,4,reward,56,2,0,0.0,0.0
run-f857e3f0c64ea4db,factorial,ppo,4,reward,57,2,0,1.0,1.0
run-f857e3f0c64ea4db,factorial,ppo,4,reward,58,2,0,1.0,1.0
run-f857e3f0c64ea4db,factorial,ppo,4,reward,59,2,1,1.0,1.0
run-f857e3f0c64ea4db,factorial,ppo,4,reward,60,2,0,0.0,0.0
run-f857e3f0c64ea4db,factorial,ppo,4,reward,61,2,0,1.0,1.0
run-f857e3f0c64ea4db,factorial,ppo,4,reward,62,2,1,0.0,0.0
run-f857e3f0c64ea4db,factorial,ppo,4,reward,63,2,0,1.0,1.0
run-10203ac9f2018854,factorial,ppo,0,reward,0,2,0,0.0,1.0
run-10203ac9f2018854,factorial,ppo,0,reward,1,2,1,0.0,1.0
run-10203ac9f2018854,factorial,ppo,0,reward,2,2,1,0.0,1.0
run-10203ac9f2018854,factorial,ppo,0,reward,3,2,1,1.0,0.0
run-10203ac9f2018854,factorial,ppo,0,reward,4,2,1,1.0,0.0
run-10203ac9f2018854,factorial,ppo,0,reward,5,2,0,0.0,1.0
run-10203ac9f2018854,factorial,ppo,0,reward,6,2,0,0.0,1.0
run-10203ac9f2018854,factorial,ppo,0,reward,7,2,1,1.0,0.0
run-10203ac9f2018854,factorial,ppo,0,reward,8,2,1,0.0,1.0
run-10203ac9f2018854,factorial,ppo,0,reward,9,2,0,0.0,1.0
run-10203ac9f2018854,factorial,ppo,0,reward,10,2,0,1.0,0.0
run-10203ac9f2018854,factorial,ppo,0,reward,11,2,0,0.0,1.0
run-10203ac9f2018854,factorial,ppo,0,reward,12,2,1,1.0,0.0
run-10203ac9f2018854,factorial,ppo,0,reward,13,2,1,0.0,1.0
run-10203ac9f2018854,factorial,ppo,0,reward,14,2,0,0.0,1.0
run-10203ac9f2018854,factorial,ppo,0,reward,15,2,0,0.0,1.0
run-10203ac9f2018854,factorial,ppo,0,reward,16,2,1,1.0,0.0
run-10203ac9f2018854,factorial,ppo,0,reward,17,2,1,1.0,0.0
run-10203ac9f2018854,factorial,ppo,0,reward,18,2,1,1.0,0.0
run-10203ac9f2018854,factorial,ppo,0,reward,19,2,1,1.0,0.0
run-10203ac9f2018854,factorial,ppo,0,reward,20,2,0,0.0,1.0
run-10203ac9f2018854,factorial,ppo,0,reward,21,2,0,1.0,0.0
run-10203ac9f2018854,factorial,ppo,0,reward,22,2,0,0.0,1.0
run-10203ac9f2018854,factorial,ppo,0,reward,23,2,0,0.0,1.0
run-10203ac9f2018854,factorial,ppo,0,reward,24,2,0,0.0,1.0
run-10203ac9f2018854,factorial,ppo,0,reward,25,2,0,0.0,1.0
run-10203ac9f2018854,factorial,ppo,0,reward,26,2,1,1.0,0.0
run-10203ac9f2018854,factorial,ppo,0,reward,27,2,0,0.0,1.0
run-10203ac9f2018854,factorial,ppo,0,reward,28,2,1,1.0,0.0
run-10203ac9f2018854,factorial,ppo,0,reward,29,2,0,0.0,1.0
run-10203ac9f2018854,factorial,ppo,0,reward,30,2,0,0.0,1.0
run-10203ac9f2018854,factorial,ppo,0,reward,31,2,0,1.0,0.0
run-10203ac9f2018854,factorial,ppo,0,reward,32,2,1,1.0,0.0
run-10203ac9f2018854,factorial,ppo,0,reward,33,2,1,1.0,0.0
run-10203ac9f2018854,factorial,ppo,0,reward,34,2,1,0.0,1.0
run-10203ac9f2018854,factorial,ppo,0,reward,35,2,0,0.0,1.0
run-10203ac9f2018854,factorial,ppo,0,reward,36,2,0,0.0,1.0
run-10203ac9f2018854,factorial,ppo,0,reward,37,2,0,0.0,1.0
run-10203ac9f2018854,factorial,ppo,0,reward,38,2,1,1.0,0.0
run-10203ac9f2018854,factorial,ppo,0,reward,39,2,1,1.0,0.0
run-10203ac9f2018854,factorial,ppo,0,reward,40,2,0,0.0,1.0
run-10203ac9f2018854,factorial,ppo,0,reward,41,2,1,0.0,1.0
run-10203ac9f2018854,factorial,ppo,0,reward,42,2,0,0.0,1.0
run-10203ac9f2018854,factorial,ppo,0,reward,43,2,1,0.0,1.0
run-10203ac9f2018854,factorial,ppo,0,reward,44,2,0,0.0,1.0
run-10203ac9f2018854,factorial,ppo,0,reward,45,2,1,1.0,0.0
run-10203ac9f2018854,factorial,ppo,0,reward,46,2,1,0.0,1.0
run-10203ac9f2018854,factorial,ppo,0,reward,47,2,0,0.0,1.0
run-10203ac9f2018854,factorial,ppo,0,reward,48,2,0,0.0,1.0
run-10203ac9f2018854,factorial,ppo,0,reward,49,2,1,0.0,1.0
run-10203ac9f2018854,factorial,ppo,0,reward,50,2,0,1.0,0.0
run-10203ac9f2018854,factorial,ppo,0,reward,51,2,0,0.0,1.0
run-10203ac9f2018854,factorial,ppo,0,reward,52,2,0,0.0,1.0
run-10203ac9f2018854,factorial,ppo,0,reward,53,2,1,1.0,0.0
run-10203ac9f2018854,factorial,ppo,0,reward,54,2,0,0.0,1.0
run-10203ac9f2018854,factorial,ppo,0,reward,55,2,1,1.0,0.0
run-10203ac9f2018854,factorial,ppo,0,reward,56,2,0,0.0,1.0
run-10203ac9f2018854,factorial,ppo,0,reward,57,2,1,0.0,1.0
run-10203ac9f2018854,factorial,ppo,0,reward,58,2,0,1.0,0.0
run-10203ac9f2018854,factorial,ppo,0,reward,59,2,1,0.0,1.0
run-10203ac9f2018854,factorial,ppo,0,reward,60,2,1,0.0,1.0
run-10203ac9f2018854,factorial,ppo,0,reward,61,2,1,1.0,0.0
run-10203ac9f2018854,factorial,ppo,0,reward,62,2,1,1.0,0.0
run-10203ac9f2018854,factorial,ppo,0,reward,63,2,1,0.0,1.0
run-5d4528f485117bca,factorial,ppo,1,reward,0,2,1,0.0,1.0
run-5d4528f485117bca,factorial,ppo,1,reward,1,2,0,1.0,0.0
run-5d4528f485117bca,factorial,ppo,1,reward,2,2,1,1.0,0.0
run-5d4528f485117bca,factorial,ppo,1,reward,3,2,1,1.0,0.0
run-5d4528f485117bca,factorial,ppo,1,reward,4,2,0,0.0,1.0
run-5d4528f485117bca,factorial,ppo,1,reward,5,2,0,0.0,1.0
run-5d4528f485117bca,factorial,ppo,1,reward,6,2,0,0.0,1.0
run-5d4528f485117bca,factorial,ppo,1,reward,7,2,0,1.0,0.0
run-5d4528f485117bca,factorial,ppo,1,reward,8,2,1,1.0,0.0
run-5d4528f485117bca,factorial,ppo,1,reward,9,2,0,1.0,0.0
run-5d4528f485117bca,factorial,ppo,1,reward,10,2,1,1.0,0.0
run-5d4528f485117bca,factorial,ppo,1,reward,11,2,1,1.0,0.0
run-5d4528f485117bca,factorial,ppo,1,reward,12,2,1,0.0,1.0
run-5d4528f485117bca,factorial,ppo,1,reward,13,2,0,0.0,1.0
run-5d4528f485117bca,factorial,ppo,1,reward,14,2,1,1.0,0.0
run-5d4528f485117bca,factorial,ppo,1,reward,15,2,0,0.0,1.0
run-5d4528f485117bca,factorial,ppo,1,reward,16,2,0,0.0,1.0
run-5d4528f485117bca,factorial,ppo,1,reward,17,2,1,1.0,0.0
run-5d4528f485117bca,factorial,ppo,1,reward,18,2,0,0.0,1.0
run-5d4528f485117bca,factorial,ppo,1,reward,19,2,0,0.0,1.0
run-5d4528f485117bca,factorial,ppo,1,reward,20,2,1,0.0,1.0
run-5d4528f485117bca,factorial,ppo,1,reward,21,2,1,1.0,0.0
run-5d4528f485117bca,factorial,ppo,1,reward,22,2,1,1.0,0.0
run-5d4528f485117bca,factorial,ppo,1,reward,23,2,1,1.0,0.0
run-5d4528f485117bca,factorial,ppo,1,reward,24,2,1,1.0,0.0
run-5d4528f485117bca,factorial,ppo,1,reward,25,2,1,1.0,0.0
run-5d4528f485117bca,factorial,ppo,1,reward,26,2,0,0.0,1.0
run-5d4528f485117bca,factorial,ppo,1,reward,27,2,0,0.0,1.0
run-5d4528f485117bca,factorial,ppo,1,reward,28,2,0,0.0,1.0
run-5d4528f485117bca,factorial,ppo,1,reward,29,2,0,0.0,1.0
run-5d4528f485117bca,factorial,ppo,1,reward,30,2,1,0.0,1.0
run-5d4528f485117bca,factorial,ppo,1,reward,31,2,0,0.0,1.0
run-5d4528f485117bca,factorial,ppo,1,reward,32,2,1,1.0,0.0
run-5d4528f485117bca,factorial,ppo,1,reward,33,2,0,1.0,0.0
run-5d4528f485117bca,factorial,ppo,1,reward,34,2,0,0.0,1.0
run-5d4528f485117bca,factorial,ppo,1,reward,35,2,1,1.0,0.0
run-5d4528f485117bca,factorial,ppo,1,reward,36,2,1,1.0,0.0
run-5d4528f485117bca,factorial,ppo,1,reward,37,2,0,0.0,1.0
run-5d4528f485117bca,factorial,ppo,1,reward,38,2,1,1.0,0.0
run-5d4528f485117bca,factorial,ppo,1,reward,39,2,1,1.0,0.0
run-5d4528f485117bca,factorial,ppo,1,reward,40,2,0,1.0,0.0
run-5d4528f485117bca,factorial,ppo,1,reward,41,2,1,1.0,0.0
run-5d4528f485117bca,factorial,ppo,1,reward,42,2,1,0.0,1.0
run-5d4528f485117bca,factorial,ppo,1,reward,43,2,1,1.0,0.0
run-5d4528f485117bca,factorial,ppo,1,reward,44,2,0,0.0,1.0
run-5d4528f485117bca,factorial,ppo,1,reward,45,2,1,0.0,1.0
run-5d4528f485117bca,factorial,ppo,1,reward,46,2,0,0.0,1.0
run-5d4528f485117bca,factorial,ppo,1,reward,47,2,0,0.0,1.0
run-5d4528f485117bca,factorial,ppo,1,reward,48,2,0,1.0,0.0
run-5d4528f485117bca,factorial,ppo,1,reward,49,2,0,1.0,0.0
run-5d4528f485117bca,factorial,ppo,1,reward,50,2,1,1.0,0.0
run-5d4528f485117bca,factorial,ppo,1,reward,51,2,0,0.0,1.0
run-5d4528f485117bca,factorial,ppo,1,reward,52,2,0,0.0,1.0
run-5d4528f485117bca,factorial,ppo,1,reward,53,2,1,1.0,0.0
run-5d4528f485117bca,factorial,ppo,1,reward,54,2,1,1.0,0.0
run-5d4528f485117bca,factorial,ppo,1,reward,55,2,1,1.0,0.0
run-5d4528f485117bca,factorial,ppo,1,reward,56,2,0,1.0,0.0
run-5d4528f485117bca,factorial,ppo,1,reward,57,2,0,1.0,0.0
run-5d4528f485117bca,factorial,ppo,1,reward,58,2,1,0.0,1.0
run-5d4528f485117bca,factorial,ppo,1,reward,59,2,1,0.0,1.0
run-5d4528f485117bca,factorial,ppo,1,reward,60,2,1,1.0,0.0
run-5d4528f485117bca,factorial,ppo,1,reward,61,2,0,0.0,1.0
run-5d4528f485117bca,factorial,ppo,1,reward,62,2,0,1.0,0.0
run-5d4528f485117bca,factorial,ppo,1,reward,63,2,0,1.0,0.0
run-068a2f7ebbbd341c,factorial,ppo,2,reward,0,2,1,0.0,1.0
run-068a2f7ebbbd341c,factorial,ppo,2,reward,1,2,1,1.0,0.0
run-068a2f7ebbbd341c,factorial,ppo,2,reward,2,2,0,0.0,1.0
run-068a2f7ebbbd341c,factorial,ppo,2,reward,3,2,1,1.0,0.0
run-068a2f7ebbbd341c,factorial,ppo,2,reward,4,2,0,0.0,1.0
run-068a2f7ebbbd341c,factorial,ppo,2,reward,5,2,0,0.0,1.0
run-068a2f7ebbbd341c,factorial,ppo,2,reward,6,2,1,0.0,1.0
run-068a2f7ebbbd341c,factorial,ppo,2,reward,7,2,1,1.0,0.0
run-068a2f7ebbbd341c,factorial,ppo,2,reward,8,2,0,1.0,0.0
run-068a2f7ebbbd341c,factorial,ppo,2,reward,9,2,1,1.0,0.0
run-068a2f7ebbbd341c,factorial,ppo,2,reward,10,2,1,1.0,0.0
run-068a2f7ebbbd341c,factorial,ppo,2,reward,11,2,0,1.0,0.0
run-068a2f7ebbbd341c,factorial,ppo,2,reward,12,2,1,1.0,0.0
run-068a2f7ebbbd341c,factorial,ppo,2,reward,13,2,1,1.0,0.0
run-068a2f7ebbbd341c,factorial,ppo,2,reward,14,2,1,1.0,0.0
run-068a2f7ebbbd341c,factorial,ppo,2,reward,15,2,0,0.0,1.0
run-068a2f7ebbbd341c,factorial,ppo,2,reward,16,2,1,1.0,0.0
run-068a2f7ebbbd341c,factorial,ppo,2,reward,17,2,0,0.0,1.0
run-068a2f7ebbbd341c,factorial,ppo,2,reward,18,2,1,1.0,0.0
run-068a2f7ebbbd341c,factorial,ppo,2,reward,19,2,0,1.0,0.0
run-068a2f7ebbbd341c,factorial,ppo,2,reward,20,2,0,0.0,1.0
run-068a2f7ebbbd341c,factorial,ppo,2,reward,21,2,1,1.0,0.0
run-068a2f7ebbbd341c,factorial,ppo,2,reward,22,2,1,1.0,0.0
run-068a2f7ebbbd341c,factorial,ppo,2,reward,23,2,0,0.0,1.0
run-068a2f7ebbbd341c,factorial,ppo,2,reward,24,2,1,1.0,0.0
run-068a2f7ebbbd341c,factorial,ppo,2,reward,25,2,0,0.0,1.0
run-068a2f7ebbbd341c,factorial,ppo,2,reward,26,2,0,0.0,1.0
run-068a2f7ebbbd341c,factorial,ppo,2,reward,27,2,0,0.0,1.0
run-068a2f7ebbbd341c,factorial,ppo,2,reward,28,2,1,1.0,0.0
run-068a2f7ebbbd341c,factorial,ppo,2,reward,29,2,0,1.0,0.0
run-068a2f7ebbbd341c,factorial,ppo,2,reward,30,2,1,1.0,0.0
run-068a2f7ebbbd341c,factorial,ppo,2,reward,31,2,0,0.0,1.0
run-068a2f7ebbbd341c,factorial,ppo,2,reward,32,2,1,0.0,1.0
run-068a2f7ebbbd341c,factorial,ppo,2,reward,33,2,1,1.0,0.0
run-068a2f7ebbbd341c,factorial,ppo,2,reward,34,2,0,0.0,1.0
run-068a2f7ebbbd341c,factorial,ppo,2,reward,35,2,0,0.0,1.0
run-068a2f7ebbbd341c,factorial,ppo,2,reward,36,2,0,0.0,1.0
run-068a2f7ebbbd341c,factorial,ppo,2,reward,37,2,0,0.0,1.0
run-068a2f7ebbbd341c,factorial,ppo,2,reward,38,2,0,0.0,1.0
run-068a2f7ebbbd341c,factorial,ppo,2,reward,39,2,1,0.0,1.0
run-068a2f7ebbbd341c,factorial,ppo,2,reward,40,2,1,1.0,0.0
run-068a2f7ebbbd341c,factorial,ppo,2,reward,41,2,0,1.0,0.0
run-068a2f7ebbbd341c,factorial,ppo,2,reward,42,2,1,1.0,0.0
run-068a2f7ebbbd341c,factorial,ppo,2,reward,43,2,0,0.0,1.0
run-068a2f7ebbbd341c,factorial,ppo,2,reward,44,2,0,1.0,0.0
run-068a2f7ebbbd341c,factorial,ppo,2,reward,45,2,0,0.0,1.0
run-068a2f7ebbbd341c,factorial,ppo,2,reward,46,2,1,1.0,0.0
run-068a2f7ebbbd341c,factorial,ppo,2,reward,47,2,1,0.0,1.0
run-068a2f7ebbbd341c,factorial,ppo,2,reward,48,2,1,0.0,1.0
run-068a2f7ebbbd341c,factorial,ppo,2,reward,49,2,0,0.0,1.0
run-068a2f7ebbbd341c,factorial,ppo,2,reward,50,2,1,1.0,0.0
run-068a2f7ebbbd341c,factorial,ppo,2,reward,51,2,1,1.0,0.0
run-068a2f7ebbbd341c,factorial,ppo,2,reward,52,2,0,0.0,1.0
run-068a2f7ebbbd341c,factorial,ppo,2,reward,53,2,1,1.0,0.0
run-068a2f7ebbbd341c,factorial,ppo,2,reward,54,2,1,1.0,0.0
run-068a2f7ebbbd341c,factorial,ppo,2,reward,55,2,1,0.0,1.0
run-068a2f7ebbbd341c,factorial,ppo,2,reward,56,2,1,0.0,1.0
run-068a2f7ebbbd341c,factorial,ppo,2,reward,57,2,0,1.0,0.0
run-068a2f7ebbbd341c,factorial,ppo,2,reward,58,2,0,1.0,0.0
run-068a2f7ebbbd341c,factorial,ppo,2,reward,59,2,1,1.0,0.0
run-068a2f7ebbbd341c,factorial,ppo,2,reward,60,2,0,0.0,1.0
run-068a2f7ebbbd341c,factorial,ppo,2,reward,61,2,0,1.0,0.0
run-068a2f7ebbbd341c,factorial,ppo,2,reward,62,2,0,1.0,0.0
run-068a2f7ebbbd341c,factorial,ppo,2,reward,63,2,0,0.0,1.0
run-54b14c0ce502aee8,factorial,ppo,3,reward,0,2,0,0.0,1.0
run-54b14c0ce502aee8,factorial,ppo,3,reward,1,2,0,0.0,1.0
run-54b14c0ce502aee8,factorial,ppo,3,reward,2,2,1,1.0,0.0
run-54b14c0ce502aee8,factorial,ppo,3,reward,3,2,0,0.0,1.0
run-54b14c0ce502aee8,factorial,ppo,3,reward,4,2,0,0.0,1.0
run-54b14c0ce502aee8,factorial,ppo,3,reward,5,2,0,1.0,0.0
run-54b14c0ce502aee8,factorial,ppo,3,reward,6,2,1,1.0,0.0
run-54b14c0ce502aee8,factorial,ppo,3,reward,7,2,0,1.0,0.0
run-54b14c0ce502aee8,factorial,ppo,3,reward,8,2,0,0.0,1.0
run-54b14c0ce502aee8,factorial,ppo,3,reward,9,2,1,1.0,0.0
run-54b14c0ce502aee8,factorial,ppo,3,reward,10,2,0,1.0,0.0
run-54b14c0ce502aee8,factorial,ppo,3,reward,11,2,0,0.0,1.0
run-54b14c0ce502aee8,factorial,ppo,3,reward,12,2,0,0.0,1.0
run-54b14c0ce502aee8,factorial,ppo,3,reward,13,2,0,0.0,1.0
run-54b14c0ce502aee8,factorial,ppo,3,reward,14,2,1,1.0,0.0
run-54b14c0ce502aee8,factorial,ppo,3,reward,15,2,1,1.0,0.0
run-54b14c0ce502aee8,factorial,ppo,3,reward,16,2,1,1.0,0.0
run-54b14c0ce502aee8,factorial,ppo,3,reward,17,2,1,1.0,0.0
run-54b14c0ce502aee8,factorial,ppo,3,reward,18,2,0,1.0,0.0
run-54b14c0ce502aee8,factorial,ppo,3,reward,19,2,0,0.0,1.0
run-54b14c0ce502aee8,factorial,ppo,3,reward,20,2,1,1.0,0.0
run-54b14c0ce502aee8,factorial,ppo,3,reward,21,2,1,1.0,0.0
run-54b14c0ce502aee8,factorial,ppo,3,reward,22,2,0,0.0,1.0
run-54b14c0ce502aee8,factorial,ppo,3,reward,23,2,1,1.0,0.0
run-54b14c0ce502aee8,factorial,ppo,3,reward,24,2,1,1.0,0.0
run-54b14c0ce502aee8,factorial,ppo,3,reward,25,2,1,1.0,0.0
run-54b14c0ce502aee8,factorial,ppo,3,reward,26,2,0,0.0,1.0
run-54b14c0ce502aee8,factorial,ppo,3,reward,27,2,1,1.0,0.0
run-54b14c0ce502aee8,factorial,ppo,3,reward,28,2,0,1.0,0.0
run-54b14c0ce502aee8,factorial,ppo,3,reward,29,2,1,1.0,0.0
run-54b14c0ce502aee8,factorial,ppo,3,reward,30,2,0,0.0,1.0
run-54b14c0ce502aee8,factorial,ppo,3,reward,31,2,1,0.0,1.0
run-54b14c0ce502aee8,factorial,ppo,3,reward,32,2,1,1.0,0.0
run-54b14c0ce502aee8,factorial,ppo,3,reward,33,2,1,1.0,0.0
run-54b14c0ce502aee8,factorial,ppo,3,reward,34,2,1,1.0,0.0
run-54b14c0ce502aee8,factorial,ppo,3,reward,35,2,0,0.0,1.0
run-54b14c0ce502aee8,factorial,ppo,3,reward,36,2,0,0.0,1.0
run-54b14c0ce502aee8,factorial,ppo,3,reward,37,2,1,1.0,0.0
run-54b14c0ce502aee8,factorial,ppo,3,reward,38,2,0,1.0,0.0
run-54b14c0ce502aee8,factorial,ppo,3,reward,39,2,0,0.0,1.0
run-54b14c0ce502aee8,factorial,ppo,3,reward,40,2,0,1.0,0.0
run-54b14c0ce502aee8,factorial,ppo,3,reward,41,2,0,0.0,1.0
run-54b14c0ce502aee8,factorial,ppo,3,reward,42,2,0,0.0,1.0
run-54b14c0ce502aee8,factorial,ppo,3,reward,43,2,1,0.0,1.0
run-54b14c0ce502aee8,factorial,ppo,3,reward,44,2,1,1.0,0.0
run-54b14c0ce502aee8,factorial,ppo,3,reward,45,2,0,0.0,1.0
run-54b14c0ce502aee8,factorial,ppo,3,reward,46,2,1,0.0,1.0
run-54b14c0ce502aee8,factorial,ppo,3,reward,47,2,1,0.0,1.0
run-54b14c0ce502aee8,factorial,ppo,3,reward,48,2,1,1.0,0.0
run-54b14c0ce502aee8,factorial,ppo,3,reward,49,2,1,1.0,0.0
run-54b14c0ce502aee8,factorial,ppo,3,reward,50,2,1,1.0,0.0
run-54b14c0ce502aee8,factorial,ppo,3,reward,51,2,0,0.0,1.0
run-54b14c0ce502aee8,factorial,ppo,3,reward,52,2,0,0.0,1.0
run-54b14c0ce502aee8,factorial,ppo,3,reward,53,2,1,1.0,0.0
run-54b14c0ce502aee8,factorial,ppo,3,reward,54,2,1,0.0,1.0
run-54b14c0ce502aee8,factorial,ppo,3,reward,55,2,1,0.0,1.0
run-54b14c0ce502aee8,factorial,ppo,3,reward,56,2,0,1.0,0.0
run-54b14c0ce502aee8,factorial,ppo,3,reward,57,2,0,1.0,0.0
run-54b14c0ce502aee8,factorial,ppo,3,reward,58,2,0,0.0,1.0
run-54b14c0ce502aee8,factorial,ppo,3,reward,59,2,1,1.0,0.0
run-54b14c0ce502aee8,factorial,ppo,3,reward,60,2,0,1.0,0.0
run-54b14c0ce502aee8,factorial,ppo,3,reward,61,2,1,0.0,1.0
run-54b14c0ce502aee8,factorial,ppo,3,reward,62,2,1,1.0,0.0
run-54b14c0ce502aee8,factorial,ppo,3,reward,63,2,0,0.0,1.0
run-5c66a41965620516,factorial,ppo,4,reward,0,2,0,0.0,1.0
run-5c66a41965620516,factorial,ppo,4,reward,1,2,1,1.0,0.0
run-5c66a41965620516,factorial,ppo,4,reward,2,2,0,0.0,1.0
run-5c66a41965620516,factorial,ppo,4,reward,3,2,1,1.0,0.0
run-5c66a41965620516,factorial,ppo,4,reward,4,2,0,1.0,0.0
run-5c66a41965620516,factorial,ppo,4,reward,5,2,0,0.0,1.0
run-5c66a41965620516,factorial,ppo,4,reward,6,2,0,1.0,0.0
run-5c66a41965620516,factorial,ppo,4,reward,7,2,0,0.0,1.0
run-5c66a41965620516,factorial,ppo,4,reward,8,2,1,1.0,0.0
run-5c66a41965620516,factorial,ppo,4,reward,9,2,0,1.0,0.0
run-5c66a41965620516,factorial,ppo,4,reward,10,2,1,1.0,0.0
run-5c66a41965620516,factorial,ppo,4,reward,11,2,1,1.0,0.0
run-5c66a41965620516,factorial,ppo,4,reward,12,2,0,0.0,1.0
run-5c66a41965620516,factorial,ppo,4,reward,13,2,1,1.0,0.0
run-5c66a41965620516,factorial,ppo,4,reward,14,2,1,1.0,0.0
run-5c66a41965620516,factorial,ppo,4,reward,15,2,0,0.0,1.0
run-5c66a41965620516,factorial,ppo,4,reward,16,2,0,0.0,1.0
run-5c66a41965620516,factorial,ppo,4,reward,17,2,1,0.0,1.0
run-5c66a41965620516,factorial,ppo,4,reward,18,2,0,0.0,1.0
run-5c66a41965620516,factorial,ppo,4,reward,19,2,1,1.0,0.0
run-5c66a41965620516,factorial,ppo,4,reward,20,2,1,1.0,0.0
run-5c66a41965620516,factorial,ppo,4,reward,21,2,1,1.0,0.0
run-5c66a41965620516,factorial,ppo,4,reward,22,2,1,1.0,0.0
run-5c66a41965620516,factorial,ppo,4,reward,23,2,0,0.0,1.0
run-5c66a41965620516,factorial,ppo,4,reward,24,2,1,1.0,0.0
run-5c66a41965620516,factorial,ppo,4,reward,25,2,1,1.0,0.0
run-5c66a41965620516,factorial,ppo,4,reward,26,2,0,0.0,1.0
run-5c66a41965620516,factorial,ppo,4,reward,27,2,0,1.0,0.0
run-5c66a41965620516,factorial,ppo,4,reward,28,2,0,0.0,1.0
run-5c66a41965620516,factorial,ppo,4,reward,29,2,1,1.0,0.0
run-5c66a41965620516,factorial,ppo,4,reward,30,2,0,1.0,0.0
run-5c66a41965620516,factorial,ppo,4,reward,31,2,1,1.0,0.0
run-5c66a41965620516,factorial,ppo,4,reward,32,2,1,1.0,0.0
run-5c66a41965620516,factorial,ppo,4,reward,33,2,1,1.0,0.0
run-5c66a41965620516,factorial,ppo,4,reward,34,2,1,1.0,0.0
run-5c66a41965620516,factorial,ppo,4,reward,35,2,1,1.0,0.0
run-5c66a41965620516,factorial,ppo,4,reward,36,2,0,0.0,1.0
run-5c66a41965620516,factorial,ppo,4,reward,37,2,0,1.0,0.0
run-5c66a41965620516,factorial,ppo,4,reward,38,2,0,0.0,1.0
run-5c66a41965620516,factorial,ppo,4,reward,39,2,0,1.0,0.0
run-5c66a41965620516,factorial,ppo,4,reward,40,2,0,0.0,1.0
run-5c66a41965620516,factorial,ppo,4,reward,41,2,1,1.0,0.0
run-5c66a41965620516,factorial,ppo,4,reward,42,2,1,0.0,1.0
run-5c66a41965620516,factorial,ppo,4,reward,43,2,1,1.0,0.0
run-5c66a41965620516,factorial,ppo,4,reward,44,2,1,1.0,0.0
run-5c66a41965620516,factorial,ppo,4,reward,45,2,0,1.0,0.0
run-5c66a41965620516,factorial,ppo,4,reward,46,2,1,0.0,1.0
run-5c66a41965620516,factorial,ppo,4,reward,47,2,1,1.0,0.0
run-5c66a41965620516,factorial,ppo,4,reward,48,2,1,1.0,0.0
run-5c66a41965620516,factorial,ppo,4,reward,49,2,0,0.0,1.0
run-5c66a41965620516,factorial,ppo,4,reward,50,2,1,1.0,0.0
run-5c66a41965620516,factorial,ppo,4,reward,51,2,1,1.0,0.0
run-5c66a41965620516,factorial,ppo,4,reward,52,2,1,1.0,0.0
run-5c66a41965620516,factorial,ppo,4,reward,53,2,0,1.0,0.0
run-5c66a41965620516,factorial,ppo,4,reward,54,2,0,1.0,0.0
run-5c66a41965620516,factorial,ppo,4,reward,55,2,0,1.0,0.0
run-5c66a41965620516,factorial,ppo,4,reward,56,2,0,1.0,0.0
run-5c66a41965620516,factorial,ppo,4,reward,57,2,0,0.0,1.0
run-5c66a41965620516,factorial,ppo,4,reward,58,2,0,0.0,1.0
run-5c66a41965620516,factorial,ppo,4,reward,59,2,1,0.0,1.0
run-5c66a41965620516,factorial,ppo,4,reward,60,2,0,1.0,0.0
run-5c66a41965620516,factorial,ppo,4,reward,61,2,0,0.0,1.0
run-5c66a41965620516,factorial,ppo,4,reward,62,2,1,1.0,0.0
run-5c66a41965620516,factorial,ppo,4,reward,63,2,0,0.0,1.0
run-cdec09d61bf12a6f,matched,ppo,0,reward,0,0,0,1.0,1.0
run-cdec09d61bf12a6f,matched,ppo,0,reward,1,0,1,1.0,1.0
run-cdec09d61bf12a6f,matched,ppo,0,reward,2,0,1,1.0,1.0
run-cdec09d61bf12a6f,matched,ppo,0,reward,3,0,1,0.0,0.0
run-cdec09d61bf12a6f,matched,ppo,0,reward,4,0,1,0.0,0.0
run-cdec09d61bf12a6f,matched,ppo,0,reward,5,0,0,1.0,1.0
run-cdec09d61bf12a6f,matched,ppo,0,reward,6,0,0,1.0,1.0
run-cdec09d61bf12a6f,matched,ppo,0,reward,7,0,1,0.0,0.0
run-cdec09d61bf12a6f,matched,ppo,0,reward,8,0,1,1.0,1.0
run-cdec09d61bf12a6f,matched,ppo,0,reward,9,0,0,1.0,1.0
run-cdec09d61bf12a6f,matched,ppo,0,reward,10,0,0,0.0,0.0
run-cdec09d61bf12a6f,matched,ppo,0,reward,11,0,0,1.0,1.0
run-cdec09d61bf12a6f,matched,ppo,0,reward,12,0,1,0.0,0.0
run-cdec09d61bf12a6f,matched,ppo,0,reward,13,0,1,1.0,1.0
run-cdec09d61bf12a6f,matched,ppo,0,reward,14,0,0,1.0,1.0
run-cdec09d61bf12a6f,matched,ppo,0,reward,15,0,0,1.0,1.0
run-cdec09d61bf12a6f,matched,ppo,0,reward,16,0,1,0.0,0.0
run-cdec09d61bf12a6f,matched,ppo,0,reward,17,0,1,0.0,0.0
run-cdec09d61bf12a6f,matched,ppo,0,reward,18,0,1,0.0,0.0
run-cdec09d61bf12a6f,matched,ppo,0,reward,19,0,1,0.0,0.0
run-cdec09d61bf12a6f,matched,ppo,0,reward,20,0,0,1.0,1.0
run-cdec09d61bf12a6f,matched,ppo,0,reward,21,0,0,0.0,0.0
run-cdec09d61bf12a6f,matched,ppo,0,reward,22,0,0,1.0,1.0
run-cdec09d61bf12a6f,matched,ppo,0,reward,23,0,0,1.0,1.0
run-cdec09d61bf12a6f,matched,ppo,0,reward,24,0,0,1.0,1.0
run-cdec09d61bf12a6f,matched,ppo,0,reward,25,0,0,1.0,1.0
run-cdec09d61bf12a6f,matched,ppo,0,reward,26,0,1,0.0,0.0
run-cdec09d61bf12a6f,matched,ppo,0,reward,27,0,0,1.0,1.0
run-cdec09d61bf12a6f,matched,ppo,0,reward,28,0,1,0.0,0.0
run-cdec09d61bf12a6f,matched,ppo,0,reward,29,0,0,1.0,1.0
run-cdec09d61bf12a6f,matched,ppo,0,reward,30,0,0,1.0,1.0
run-cdec09d61bf12a6f,matched,ppo,0,reward,31,0,0,0.0,0.0
run-cdec09d61bf12a6f,matched,ppo,0,reward,32,0,1,0.0,0.0
run-cdec09d61bf12a6f,matched,ppo,0,reward,33,0,1,0.0,0.0
run-cdec09d61bf12a6f,matched,ppo,0,reward,34,0,1,1.0,1.0
run-cdec09d61bf12a6f,matched,ppo,0,reward,35,0,0,1.0,1.0
run-cdec09d61bf12a6f,matched,ppo,0,reward,36,0,0,1.0,1.0
run-cdec09d61bf12a6f,matched,ppo,0,reward,37,0,0,1.0,1.0
run-cdec09d61bf12a6f,matched,ppo,0,reward,38,0,1,0.0,0.0
run-cdec09d61bf12a6f,matched,ppo,0,reward,39,0,1,0.0,0.0
run-cdec09d61bf12a6f,matched,ppo,0,reward,40,0,0,1.0,1.0
run-cdec09d61bf12a6f,matched,ppo,0,reward,41,0,1,1.0,1.0
run-cdec09d61bf12a6f,matched,ppo,0,reward,42,0,0,1.0,1.0
run-cdec09d61bf12a6f,matched,ppo,0,reward,43,0,1,1.0,1.0
run-cdec09d61bf12a6f,matched,ppo,0,reward,44,0,0,1.0,1.0
run-cdec09d61bf12a6f,matched,ppo,0,reward,45,0,1,0.0,0.0
run-cdec09d61bf12a6f,matched,ppo,0,reward,46,0,1,1.0,1.0
run-cdec09d61bf12a6f,matched,ppo,0,reward,47,0,0,1.0,1.0
run-cdec09d61bf12a6f,matched,ppo,0,reward,48,0,0,1.0,1.0
run-cdec09d61bf12a6f,matched,ppo,0,reward,49,0,1,1.0,1.0
run-cdec09d61bf12a6f,matched,ppo,0,reward,50,0,0,0.0,0.0
run-cdec09d61bf12a6f,matched,ppo,0,reward,51,0,0,1.0,1.0
run-cdec09d61bf12a6f,matched,ppo,0,reward,52,0,0,1.0,1.0
run-cdec09d61bf12a6f,matched,ppo,0,reward,53,0,1,0.0,0.0
run-cdec09d61bf12a6f,matched,ppo,0,reward,54,0,0,1.0,1.0
run-cdec09d61bf12a6f,matched,ppo,0,reward,55,0,1,0.0,0.0
run-cdec09d61bf12a6f,matched,ppo,0,reward,56,0,0,1.0,1.0
run-cdec09d61bf12a6f,matched,ppo,0,reward,57,0,1,1.0,1.0
run-cdec09d61bf12a6f,matched,ppo,0,reward,58,0,0,0.0,0.0
run-cdec09d61bf12a6f,matched,ppo,0,reward,59,0,1,1.0,1.0
run-cdec09d61bf12a6f,matched,ppo,0,reward,60,0,1,1.0,1.0
run-cdec09d61bf12a6f,matched,ppo,0,reward,61,0,1,0.0,0.0
run-cdec09d61bf12a6f,matched,ppo,0,reward,62,0,1,0.0,0.0
run-cdec09d61bf12a6f,matched,ppo,0,reward,63,0,1,1.0,1.0
run-64a44415c5c0aa95,matched,ppo,1,reward,0,0,1,1.0,1.0
run-64a44415c5c0aa95,matched,ppo,1,reward,1,0,0,0.0,0.0
run-64a44415c5c0aa95,matched,ppo,1,reward,2,0,1,0.0,0.0
run-64a44415c5c0aa95,matched,ppo,1,reward,3,0,1,0.0,0.0
run-64a44415c5c0aa95,matched,ppo,1,reward,4,0,0,1.0,1.0
run-64a44415c5c0aa95,matched,ppo,1,reward,5,0,0,1.0,1.0
run-64a44415c5c0aa95,matched,ppo,1,reward,6,0,0,1.0,1.0
run-64a44415c5c0aa95,matched,ppo,1,reward,7,0,0,0.0,0.0
run-64a44415c5c0aa95,matched,ppo,1,reward,8,0,1,0.0,0.0
run-64a44415c5c0aa95,matched,ppo,1,reward,9,0,0,0.0,0.0
run-64a44415c5c0aa95,matched,ppo,1,reward,10,0,1,0.0,0.0
run-64a44415c5c0aa95,matched,ppo,1,reward,11,0,1,0.0,0.0
run-64a44415c5c0aa95,matched,ppo,1,reward,12,0,1,1.0,1.0
run-64a44415c5c0aa95,matched,ppo,1,reward,13,0,0,1.0,1.0
run-64a44415c5c0aa95,matched,ppo,1,reward,14,0,1,0.0,0.0
run-64a44415c5c0aa95,matched,ppo,1,reward,15,0,0,1.0,1.0
run-64a44415c5c0aa95,matched,ppo,1,reward,16,0,0,1.0,1.0
run-64a44415c5c0aa95,matched,ppo,1,reward,17,0,1,0.0,0.0
run-64a44415c5c0aa95,matched,ppo,1,reward,18,0,0,1.0,1.0
run-64a44415c5c0aa95,matched,ppo,1,reward,19,0,0,1.0,1.0
run-64a44415c5c0aa95,matched,ppo,1,reward,20,0,1,1.0,1.0
run-64a44415c5c0aa95,matched,ppo,1,reward,21,0,1,0.0,0.0
run-64a44415c5c0aa95,matched,ppo,1,reward,22,0,1,0.0,0.0
run-64a44415c5c0aa95,matched,ppo,1,reward,23,0,1,0.0,0.0
run-64a44415c5c0aa95,matched,ppo,1,reward,24,0,1,0.0,0.0
run-64a44415c5c0aa95,matched,ppo,1,reward,25,0,1,0.0,0.0
run-64a44415c5c0aa95,matched,ppo,1,reward,26,0,0,1.0,1.0
run-64a44415c5c0aa95,matched,ppo,1,reward,27,0,0,1.0,1.0
run-64a44415c5c0aa95,matched,ppo,1,reward,28,0,0,1.0,1.0
run-64a44415c5c0aa95,matched,ppo,1,reward,29,0,0,1.0,1.0
run-64a44415c5c0aa95,matched,ppo,1,reward,30,0,1,1.0,1.0
run-64a44415c5c0aa95,matched,ppo,1,reward,31,0,0,1.0,1.0
run-64a44415c5c0aa95,matched,ppo,1,reward,32,0,1,0.0,0.0
run-64a44415c5c0aa95,matched,ppo,1,reward,33,0,0,0.0,0.0
run-64a44415c5c0aa95,matched,ppo,1,reward,34,0,0,1.0,1.0
run-64a44415c5c0aa95,matched,ppo,1,reward,35,0,1,0.0,0.0
run-64a44415c5c0aa95,matched,ppo,1,reward,36,0,1,0.0,0.0
run-64a44415c5c0aa95,matched,ppo,1,reward,37,0,0,1.0,1.0
run-64a44415c5c0aa95,matched,ppo,1,reward,38,0,1,0.0,0.0
run-64a44415c5c0aa95,matched,ppo,1,reward,39,0,1,0.0,0.0
run-64a44415c5c0aa95,matched,ppo,1,reward,40,0,0,0.0,0.0
run-64a44415c5c0aa95,matched,ppo,1,reward,41,0,1,0.0,0.0
run-64a44415c5c0aa95,matched,ppo,1,reward,42,0,1,1.0,1.0
run-64a44415c5c0aa95,matched,ppo,1,reward,43,0,1,0.0,0.0
run-64a44415c5c0aa95,matched,ppo,1,reward,44,0,0,1.0,1.0
run-64a44415c5c0aa95,matched,ppo,1,reward,45,0,1,1.0,1.0
run-64a44415c5c0aa95,matched,ppo,1,reward,46,0,0,1.0,1.0
run-64a44415c5c0aa95,matched,ppo,1,reward,47,0,0,1.0,1.0
run-64a44415c5c0aa95,matched,ppo,1,reward,48,0,0,0.0,0.0
run-64a44415c5c0aa95,matched,ppo,1,reward,49,0,0,0.0,0.0
run-64a44415c5c0aa95,matched,ppo,1,reward,50,0,1,0.0,0.0
run-64a44415c5c0aa95,matched,ppo,1,reward,51,0,0,1.0,1.0
run-64a44415c5c0aa95,matched,ppo,1,reward,52,0,0,1.0,1.0
run-64a44415c5c0aa95,matched,ppo,1,reward,53,0,1,0.0,0.0
run-64a44415c5c0aa95,matched,ppo,1,reward,54,0,1,0.0,0.0
run-64a44415c5c0aa95,matched,ppo,1,reward,55,0,1,0.0,0.0
run-64a44415c5c0aa95,matched,ppo,1,reward,56,0,0,0.0,0.0
run-64a44415c5c0aa95,matched,ppo,1,reward,57,0,0,0.0,0.0
run-64a44415c5c0aa95,matched,ppo,1,reward,58,0,1,1.0,1.0
run-64a44415c5c0aa95,matched,ppo,1,reward,59,0,1,1.0,1.0
run-64a44415c5c0aa95,matched,ppo,1,reward,60,0,1,0.0,0.0
run-64a44415c5c0aa95,matched,ppo,1,reward,61,0,0,1.0,1.0
run-64a44415c5c0aa95,matched,ppo,1,reward,62,0,0,0.0,0.0
run-64a44415c5c0aa95,matched,ppo,1,reward,63,0,0,0.0,0.0
run-099344c8ec763e22,matched,ppo,2,reward,0,0,1,1.0,1.0
run-099344c8ec763e22,matched,ppo,2,reward,1,0,1,0.0,0.0
run-099344c8ec763e22,matched,ppo,2,reward,2,0,0,1.0,1.0
run-099344c8ec763e22,matched,ppo,2,reward,3,0,1,0.0,0.0
run-099344c8ec763e22,matched,ppo,2,reward,4,0,0,1.0,1.0
run-099344c8ec763e22,matched,ppo,2,reward,5,0,0,1.0,1.0
run-099344c8ec763e22,matched,ppo,2,reward,6,0,1,1.0,1.0
run-099344c8ec763e22,matched,ppo,2,reward,7,0,1,0.0,0.0
run-099344c8ec763e22,matched,ppo,2,reward,8,0,0,0.0,0.0
run-099344c8ec763e22,matched,ppo,2,reward,9,0,1,0.0,0.0
run-099344c8ec763e22,matched,ppo,2,reward,10,0,1,0.0,0.0
run-099344c8ec763e22,matched,ppo,2,reward,11,0,0,0.0,0.0
run-099344c8ec763e22,matched,ppo,2,reward,12,0,1,0.0,0.0
run-099344c8ec763e22,matched,ppo,2,reward,13,0,1,0.0,0.0
run-099344c8ec763e22,matched,ppo,2,reward,14,0,1,0.0,0.0
run-099344c8ec763e22,matched,ppo,2,reward,15,0,0,1.0,1.0
run-099344c8ec763e22,matched,ppo,2,reward,16,0,1,0.0,0.0
run-099344c8ec763e22,matched,ppo,2,reward,17,0,0,1.0,1.0
run-099344c8ec763e22,matched,ppo,2,reward,18,0,1,0.0,0.0
run-099344c8ec763e22,matched,ppo,2,reward,19,0,0,0.0,0.0
run-099344c8ec763e22,matched,ppo,2,reward,20,0,0,1.0,1.0
run-099344c8ec763e22,matched,ppo,2,reward,21,0,1,0.0,0.0
run-099344c8ec763e22,matched,ppo,2,reward,22,0,1,0.0,0.0
run-099344c8ec763e22,matched,ppo,2,reward,23,0,0,1.0,1.0
run-099344c8ec763e22,matched,ppo,2,reward,24,0,1,0.0,0.0
run-099344c8ec763e22,matched,ppo,2,reward,25,0,0,1.0,1.0
run-099344c8ec763e22,matched,ppo,2,reward,26,0,0,1.0,1.0
run-099344c8ec763e22,matched,ppo,2,reward,27,0,0,1.0,1.0
run-099344c8ec763e22,matched,ppo,2,reward,28,0,1,0.0,0.0
run-099344c8ec763e22,matched,ppo,2,reward,29,0,0,0.0,0.0
run-099344c8ec763e22,matched,ppo,2,reward,30,0,1,0.0,0.0
run-099344c8ec763e22,matched,ppo,2,reward,31,0,0,1.0,1.0
run-099344c8ec763e22,matched,ppo,2,reward,32,0,1,1.0,1.0
run-099344c8ec763e22,matched,ppo,2,reward,33,0,1,0.0,0.0
run-099344c8ec763e22,matched,ppo,2,reward,34,0,0,1.0,1.0
run-099344c8ec763e22,matched,ppo,2,reward,35,0,0,1.0,1.0
run-099344c8ec763e22,matched,ppo,2,reward,36,0,0,1.0,1.0
run-099344c8ec763e22,matched,ppo,2,reward,37,0,0,1.0,1.0
run-099344c8ec763e22,matched,ppo,2,reward,38,0,0,1.0,1.0
run-099344c8ec763e22,matched,ppo,2,reward,39,0,1,1.0,1.0
run-099344c8ec763e22,matched,ppo,2,reward,40,0,1,0.0,0.0
run-099344c8ec763e22,matched,ppo,2,reward,41,0,0,0.0,0.0
run-099344c8ec763e22,matched,ppo,2,reward,42,0,1,0.0,0.0
run-099344c8ec763e22,matched,ppo,2,reward,43,0,0,1.0,1.0
run-099344c8ec763e22,matched,ppo,2,reward,44,0,0,0.0,0.0
run-099344c8ec763e22,matched,ppo,2,reward,45,0,0,1.0,1.0
run-099344c8ec763e22,matched,ppo,2,reward,46,0,1,0.0,0.0
run-099344c8ec763e22,matched,ppo,2,reward,47,0,1,1.0,1.0
run-099344c8ec763e22,matched,ppo,2,reward,48,0,1,1.0,1.0
run-099344c8ec763e22,matched,ppo,2,reward,49,0,0,1.0,1.0
run-099344c8ec763e22,matched,ppo,2,reward,50,0,1,0.0,0.0
run-099344c8ec763e22,matched,ppo,2,reward,51,0,1,0.0,0.0
run-099344c8ec763e22,matched,ppo,2,reward,52,0,0,1.0,1.0
run-099344c8ec763e22,matched,ppo,2,reward,53,0,1,0.0,0.0
run-099344c8ec763e22,matched,ppo,2,reward,54,0,1,0.0,0.0
run-099344c8ec763e22,matched,ppo,2,reward,55,0,1,1.0,1.0
run-099344c8ec763e22,matched,ppo,2,reward,56,0,1,1.0,1.0
run-099344c8ec763e22,matched,ppo,2,reward,57,0,0,0.0,0.0
run-099344c8ec763e22,matched,ppo,2,reward,58,0,0,0.0,0.0
run-099344c8ec763e22,matched,ppo,2,reward,59,0,1,0.0,0.0
run-099344c8ec763e22,matched,ppo,2,reward,60,0,0,1.0,1.0
run-099344c8ec763e22,matched,ppo,2,reward,61,0,0,0.0,0.0
run-099344c8ec763e22,matched,ppo,2,reward,62,0,0,0.0,0.0
run-099344c8ec763e22,matched,ppo,2,reward,63,0,0,1.0,1.0
run-01c47f2b5c783579,matched,ppo,3,reward,0,0,0,1.0,1.0
run-01c47f2b5c783579,matched,ppo,3,reward,1,0,0,1.0,1.0
run-01c47f2b5c783579,matched,ppo,3,reward,2,0,1,0.0,0.0
run-01c47f2b5c783579,matched,ppo,3,reward,3,0,0,1.0,1.0
run-01c47f2b5c783579,matched,ppo,3,reward,4,0,0,1.0,1.0
run-01c47f2b5c783579,matched,ppo,3,reward,5,0,0,0.0,0.0
run-01c47f2b5c783579,matched,ppo,3,reward,6,0,1,0.0,0.0
run-01c47f2b5c783579,matched,ppo,3,reward,7,0,0,0.0,0.0
run-01c47f2b5c783579,matched,ppo,3,reward,8,0,0,1.0,1.0
run-01c47f2b5c783579,matched,ppo,3,reward,9,0,1,0.0,0.0
run-01c47f2b5c783579,matched,ppo,3,reward,10,0,0,0.0,0.0
run-01c47f2b5c783579,matched,ppo,3,reward,11,0,0,1.0,1.0
run-01c47f2b5c783579,matched,ppo,3,reward,12,0,0,1.0,1.0
run-01c47f2b5c783579,matched,ppo,3,reward,13,0,0,1.0,1.0
run-01c47f2b5c783579,matched,ppo,3,reward,14,0,1,0.0,0.0
run-01c47f2b5c783579,matched,ppo,3,reward,15,0,1,0.0,0.0
run-01c47f2b5c783579,matched,ppo,3,reward,16,0,1,0.0,0.0
run-01c47f2b5c783579,matched,ppo,3,reward,17,0,1,0.0,0.0
run-01c47f2b5c783579,matched,ppo,3,reward,18,0,0,0.0,0.0
run-01c47f2b5c783579,matched,ppo,3,reward,19,0,0,1.0,1.0
run-01c47f2b5c783579,matched,ppo,3,reward,20,0,1,0.0,0.0
run-01c47f2b5c783579,matched,ppo,3,reward,21,0,1,0.0,0.0
run-01c47f2b5c783579,matched,ppo,3,reward,22,0,0,1.0,1.0
run-01c47f2b5c783579,matched,ppo,3,reward,23,0,1,0.0,0.0
run-01c47f2b5c783579,matched,ppo,3,reward,24,0,1,0.0,0.0
run-01c47f2b5c783579,matched,ppo,3,reward,25,0,1,0.0,0.0
run-01c47f2b5c783579,matched,ppo,3,reward,26,0,0,1.0,1.0
run-01c47f2b5c783579,matched,ppo,3,reward,27,0,1,0.0,0.0
run-01c47f2b5c783579,matched,ppo,3,reward,28,0,0,0.0,0.0
run-01c47f2b5c783579,matched,ppo,3,reward,29,0,1,0.0,0.0
run-01c47f2b5c783579,matched,ppo,3,reward,30,0,0,1.0,1.0
run-01c47f2b5c783579,matched,ppo,3,reward,31,0,1,1.0,1.0
run-01c47f2b5c783579,matched,ppo,3,reward,32,0,1,0.0,0.0
run-01c47f2b5c783579,matched,ppo,3,reward,33,0,1,0.0,0.0
run-01c47f2b5c783579,matched,ppo,3,reward,34,0,1,0.0,0.0
run-01c47f2b5c783579,matched,ppo,3,reward,35,0,0,1.0,1.0
run-01c47f2b5c783579,matched,ppo,3,reward,36,0,0,1.0,1.0
run-01c47f2b5c783579,matched,ppo,3,reward,37,0,1,0.0,0.0
run-01c47f2b5c783579,matched,ppo,3,reward,38,0,0,0.0,0.0
run-01c47f2b5c783579,matched,ppo,3,reward,39,0,0,1.0,1.0
run-01c47f2b5c783579,matched,ppo,3,reward,40,0,0,0.0,0.0
run-01c47f2b5c783579,matched,ppo,3,reward,41,0,0,1.0,1.0
run-01c47f2b5c783579,matched,ppo,3,reward,42,0,0,1.0,1.0
run-01c47f2b5c783579,matched,ppo,3,reward,43,0,1,1.0,1.0
run-01c47f2b5c783579,matched,ppo,3,reward,44,0,1,0.0,0.0
run-01c47f2b5c783579,matched,ppo,3,reward,45,0,0,1.0,1.0
run-01c47f2b5c783579,matched,ppo,3,reward,46,0,1,1.0,1.0
run-01c47f2b5c783579,matched,ppo,3,reward,47,0,1,1.0,1.0
run-01c47f2b5c783579,matched,ppo,3,reward,48,0,1,0.0,0.0
run-01c47f2b5c783579,matched,ppo,3,reward,49,0,1,0.0,0.0
run-01c47f2b5c783579,matched,ppo,3,reward,50,0,1,0.0,0.0
run-01c47f2b5c783579,matched,ppo,3,reward,51,0,0,1.0,1.0
run-01c47f2b5c783579,matched,ppo,3,reward,52,0,0,1.0,1.0
run-01c47f2b5c783579,matched,ppo,3,reward,53,0,1,0.0,0.0
run-01c47f2b5c783579,matched,ppo,3,reward,54,0,1,1.0,1.0
run-01c47f2b5c783579,matched,ppo,3,reward,55,0,1,1.0,1.0
run-01c47f2b5c783579,matched,ppo,3,reward,56,0,0,0.0,0.0
run-01c47f2b5c783579,matched,ppo,3,reward,57,0,0,0.0,0.0
run-01c47f2b5c783579,matched,ppo,3,reward,58,0,0,1.0,1.0
run-01c47f2b5c783579,matched,ppo,3,reward,59,0,1,0.0,0.0
run-01c47f2b5c783579,matched,ppo,3,reward,60,0,0,0.0,0.0
run-01c47f2b5c783579,matched,ppo,3,reward,61,0,1,1.0,1.0
run-01c47f2b5c783579,matched,ppo,3,reward,62,0,1,0.0,0.0
run-01c47f2b5c783579,matched,ppo,3,reward,63,0,0,1.0,1.0
run-b80d9af07b629517,matched,ppo,4,reward,0,0,0,1.0,1.0
run-b80d9af07b629517,matched,ppo,4,reward,1,0,1,0.0,0.0
run-b80d9af07b629517,matched,ppo,4,reward,2,0,0,1.0,1.0
run-b80d9af07b629517,matched,ppo,4,reward,3,0,1,0.0,0.0
run-b80d9af07b629517,matched,ppo,4,reward,4,0,0,0.0,0.0
run-b80d9af07b629517,matched,ppo,4,reward,5,0,0,1.0,1.0
run-b80d9af07b629517,matched,ppo,4,reward,6,0,0,0.0,0.0
run-b80d9af07b629517,matched,ppo,4,reward,7,0,0,1.0,1.0
run-b80d9af07b629517,matched,ppo,4,reward,8,0,1,0.0,0.0
run-b80d9af07b629517,matched,ppo,4,reward,9,0,0,0.0,0.0
run-b80d9af07b629517,matched,ppo,4,reward,10,0,1,0.0,0.0
run-b80d9af07b629517,matched,ppo,4,reward,11,0,1,0.0,0.0
run-b80d9af07b629517,matched,ppo,4,reward,12,0,0,1.0,1.0
run-b80d9af07b629517,matched,ppo,4,reward,13,0,1,0.0,0.0
run-b80d9af07b629517,matched,ppo,4,reward,14,0,1,0.0,0.0
run-b80d9af07b629517,matched,ppo,4,reward,15,0,0,1.0,1.0
run-b80d9af07b629517,matched,ppo,4,reward,16,0,0,1.0,1.0
run-b80d9af07b629517,matched,ppo,4,reward,17,0,1,1.0,1.0
run-b80d9af07b629517,matched,ppo,4,reward,18,0,0,1.0,1.0
run-b80d9af07b629517,matched,ppo,4,reward,19,0,1,0.0,0.0
run-b80d9af07b629517,matched,ppo,4,reward,20,0,1,0.0,0.0
run-b80d9af07b629517,matched,ppo,4,reward,21,0,1,0.0,0.0
run-b80d9af07b629517,matched,ppo,4,reward,22,0,1,0.0,0.0
run-b80d9af07b629517,matched,ppo,4,reward,23,0,0,1.0,1.0
run-b80d9af07b629517,matched,ppo,4,reward,24,0,1,0.0,0.0
run-b80d9af07b629517,matched,ppo,4,reward,25,0,1,0.0,0.0
run-b80d9af07b629517,matched,ppo,4,reward,26,0,0,1.0,1.0
run-b80d9af07b629517,matched,ppo,4,reward,27,0,0,0.0,0.0
run-b80d9af07b629517,matched,ppo,4,reward,28,0,0,1.0,1.0
run-b80d9af07b629517,matched,ppo,4,reward,29,0,1,0.0,0.0
run-b80d9af07b629517,matched,ppo,4,reward,30,0,0,0.0,0.0
run-b80d9af07b629517,matched,ppo,4,reward,31,0,1,0.0,0.0
run-b80d9af07b629517,matched,ppo,4,reward,32,0,1,0.0,0.0
run-b80d9af07b629517,matched,ppo,4,reward,33,0,1,0.0,0.0
run-b80d9af07b629517,matched,ppo,4,reward,34,0,1,0.0,0.0
run-b80d9af07b629517,matched,ppo,4,reward,35,0,1,0.0,0.0
run-b80d9af07b629517,matched,ppo,4,reward,36,0,0,1.0,1.0
run-b80d9af07b629517,matched,ppo,4,reward,37,0,0,0.0,0.0
run-b80d9af07b629517,matched,ppo,4,reward,38,0,0,1.0,1.0
run-b80d9af07b629517,matched,ppo,4,reward,39,0,0,0.0,0.0
run-b80d9af07b629517,matched,ppo,4,reward,40,0,0,1.0,1.0
run-b80d9af07b629517,matched,ppo,4,reward,41,0,1,0.0,0.0
run-b80d9af07b629517,matched,ppo,4,reward,42,0,1,1.0,1.0
run-b80d9af07b629517,matched,ppo,4,reward,43,0,1,0.0,0.0
run-b80d9af07b629517,matched,ppo,4,reward,44,0,1,0.0,0.0
run-b80d9af07b629517,matched,ppo,4,reward,45,0,0,0.0,0.0
run-b80d9af07b629517,matched,ppo,4,reward,46,0,1,1.0,1.0
run-b80d9af07b629517,matched,ppo,4,reward,47,0,1,0.0,0.0
run-b80d9af07b629517,matched,ppo,4,reward,48,0,1,0.0,0.0
run-b80d9af07b629517,matched,ppo,4,reward,49,0,0,1.0,1.0
run-b80d9af07b629517,matched,ppo,4,reward,50,0,1,0.0,0.0
run-b80d9af07b629517,matched,ppo,4,reward,51,0,1,0.0,0.0
run-b80d9af07b629517,matched,ppo,4,reward,52,0,1,0.0,0.0
run-b80d9af07b629517,matched,ppo,4,reward,53,0,0,0.0,0.0
run-b80d9af07b629517,matched,ppo,4,reward,54,0,0,0.0,0.0
run-b80d9af07b629517,matched,ppo,4,reward,55,0,0,0.0,0.0
run-b80d9af07b629517,matched,ppo,4,reward,56,0,0,0.0,0.0
run-b80d9af07b629517,matched,ppo,4,reward,57,0,0,1.0,1.0
run-b80d9af07b629517,matched,ppo,4,reward,58,0,0,1.0,1.0
run-b80d9af07b629517,matched,ppo,4,reward,59,0,1,1.0,1.0
run-b80d9af07b629517,matched,ppo,4,reward,60,0,0,0.0,0.0
run-b80d9af07b629517,matched,ppo,4,reward,61,0,0,1.0,1.0
run-b80d9af07b629517,matched,ppo,4,reward,62,0,1,0.0,0.0
run-b80d9af07b629517,matched,ppo,4,reward,63,0,0,1.0,1.0
run-76336db2e8e9a4e5,matched,ppo,0,reward,0,0,0,1.0,0.0
run-76336db2e8e9a4e5,matched,ppo,0,reward,1,0,1,0.0,1.0
run-76336db2e8e9a4e5,matched,ppo,0,reward,2,0,1,0.0,1.0
run-76336db2e8e9a4e5,matched,ppo,0,reward,3,0,1,0.0,1.0
run-76336db2e8e9a4e5,matched,ppo,0,reward,4,0,1,0.0,1.0
run-76336db2e8e9a4e5,matched,ppo,0,reward,5,0,0,0.0,0.0
run-76336db2e8e9a4e5,matched,ppo,0,reward,6,0,0,1.0,0.0
run-76336db2e8e9a4e5,matched,ppo,0,reward,7,0,1,0.0,1.0
run-76336db2e8e9a4e5,matched,ppo,0,reward,8,0,1,0.0,1.0
run-76336db2e8e9a4e5,matched,ppo,0,reward,9,0,0,1.0,0.0
run-76336db2e8e9a4e5,matched,ppo,0,reward,10,0,0,1.0,0.0
run-76336db2e8e9a4e5,matched,ppo,0,reward,11,0,0,1.0,0.0
run-76336db2e8e9a4e5,matched,ppo,0,reward,12,0,1,1.0,1.0
run-76336db2e8e9a4e5,matched,ppo,0,reward,13,0,1,0.0,1.0
run-76336db2e8e9a4e5,matched,ppo,0,reward,14,0,0,1.0,0.0
run-76336db2e8e9a4e5,matched,ppo,0,reward,15,0,0,0.0,0.0
run-76336db2e8e9a4e5,matched,ppo,0,reward,16,0,1,0.0,1.0
run-76336db2e8e9a4e5,matched,ppo,0,reward,17,0,1,0.0,1.0
run-76336db2e8e9a4e5,matched,ppo,0,reward,18,0,1,0.0,1.0
run-76336db2e8e9a4e5,matched,ppo,0,reward,19,0,1,0.0,1.0
run-76336db2e8e9a4e5,matched,ppo,0,reward,20,0,0,1.0,0.0
run-76336db2e8e9a4e5,matched,ppo,0,reward,21,0,0,1.0,0.0
run-76336db2e8e9a4e5,matched,ppo,0,reward,22,0,0,1.0,0.0
run-76336db2e8e9a4e5,matched,ppo,0,reward,23,0,0,1.0,0.0
run-76336db2e8e9a4e5,matched,ppo,0,reward,24,0,0,1.0,0.0
run-76336db2e8e9a4e5,matched,ppo,0,reward,25,0,0,1.0,0.0
run-76336db2e8e9a4e5,matched,ppo,0,reward,26,0,1,1.0,1.0
run-76336db2e8e9a4e5,matched,ppo,0,reward,27,0,0,1.0,0.0
run-76336db2e8e9a4e5,matched,ppo,0,reward,28,0,1,0.0,1.0
run-76336db2e8e9a4e5,matched,ppo,0,reward,29,0,0,1.0,0.0
run-76336db2e8e9a4e5,matched,ppo,0,reward,30,0,0,1.0,0.0
run-76336db2e8e9a4e5,matched,ppo,0,reward,31,0,0,1.0,0.0
run-76336db2e8e9a4e5,matched,ppo,0,reward,32,0,1,0.0,1.0
run-76336db2e8e9a4e5,matched,ppo,0,reward,33,0,1,0.0,1.0
run-76336db2e8e9a4e5,matched,ppo,0,reward,34,0,1,0.0,1.0
run-76336db2e8e9a4e5,matched,ppo,0,reward,35,0,0,1.0,0.0
run-76336db2e8e9a4e5,matched,ppo,0,reward,36,0,0,1.0,0.0
run-76336db2e8e9a4e5,matched,ppo,0,reward,37,0,0,1.0,0.0
run-76336db2e8e9a4e5,matched,ppo,0,reward,38,0,1,0.0,1.0
run-76336db2e8e9a4e5,matched,ppo,0,reward,39,0,1,0.0,1.0
run-76336db2e8e9a4e5,matched,ppo,0,reward,40,0,0,0.0,0.0
run-76336db2e8e9a4e5,matched,ppo,0,reward,41,0,1,1.0,1.0
run-76336db2e8e9a4e5,matched,ppo,0,reward,42,0,0,1.0,0.0
run-76336db2e8e9a4e5,matched,ppo,0,reward,43,0,1,1.0,1.0
run-76336db2e8e9a4e5,matched,ppo,0,reward,44,0,0,1.0,0.0
run-76336db2e8e9a4e5,matched,ppo,0,reward,45,0,1,1.0,1.0
run-76336db2e8e9a4e5,matched,ppo,0,reward,46,0,1,0.0,1.0
run-76336db2e8e9a4e5,matched,ppo,0,reward,47,0,0,1.0,0.0
run-76336db2e8e9a4e5,matched,ppo,0,reward,48,0,0,1.0,0.0
run-76336db2e8e9a4e5,matched,ppo,0,reward,49,0,1,0.0,1.0
run-76336db2e8e9a4e5,matched,ppo,0,reward,50,0,0,1.0,0.0
run-76336db2e8e9a4e5,matched,ppo,0,reward,51,0,0,0.0,0.0
run-76336db2e8e9a4e5,matched,ppo,0,reward,52,0,0,1.0,0.0
run-76336db2e8e9a4e5,matched,ppo,0,reward,53,0,1,0.0,1.0
run-76336db2e8e9a4e5,matched,ppo,0,reward,54,0,0,0.0,0.0
run-76336db2e8e9a4e5,matched,ppo,0,reward,55,0,1,0.0,1.0
run-76336db2e8e9a4e5,matched,ppo,0,reward,56,0,0,1.0,0.0
run-76336db2e8e9a4e5,matched,ppo,0,reward,57,0,1,0.0,1.0
run-76336db2e8e9a4e5,matched,ppo,0,reward,58,0,0,1.0,0.0
run-76336db2e8e9a4e5,matched,ppo,0,reward,59,0,1,0.0,1.0
run-76336db2e8e9a4e5,matched,ppo,0,reward,60,0,1,0.0,1.0
run-76336db2e8e9a4e5,matched,ppo,0,reward,61,0,1,0.0,1.0
run-76336db2e8e9a4e5,matched,ppo,0,reward,62,0,1,0.0,1.0
run-76336db2e8e9a4e5,matched,ppo,0,reward,63,0,1,0.0,1.0
run-7de3ed56645251aa,matched,ppo,1,reward,0,0,1,0.0,1.0
run-7de3ed56645251aa,matched,ppo,1,reward,1,0,0,1.0,0.0
run-7de3ed56645251aa,matched,ppo,1,reward,2,0,1,0.0,1.0
run-7de3ed56645251aa,matched,ppo,1,reward,3,0,1,0.0,1.0
run-7de3ed56645251aa,matched,ppo,1,reward,4,0,0,0.0,0.0
run-7de3ed56645251aa,matched,ppo,1,reward,5,0,0,1.0,0.0
run-7de3ed56645251aa,matched,ppo,1,reward,6,0,0,0.0,0.0
run-7de3ed56645251aa,matched,ppo,1,reward,7,0,0,1.0,0.0
run-7de3ed56645251aa,matched,ppo,1,reward,8,0,1,0.0,1.0
run-7de3ed56645251aa,matched,ppo,1,reward,9,0,0,1.0,0.0
run-7de3ed56645251aa,matched,ppo,1,reward,10,0,1,0.0,1.0
run-7de3ed56645251aa,matched,ppo,1,reward,11,0,1,1.0,1.0
run-7de3ed56645251aa,matched,ppo,1,reward,12,0,1,0.0,1.0
run-7de3ed56645251aa,matched,ppo,1,reward,13,0,0,1.0,0.0
run-7de3ed56645251aa,matched,ppo,1,reward,14,0,1,0.0,1.0
run-7de3ed56645251aa,matched,ppo,1,reward,15,0,0,0.0,0.0
run-7de3ed56645251aa,matched,ppo,1,reward,16,0,0,1.0,0.0
run-7de3ed56645251aa,matched,ppo,1,reward,17,0,1,0.0,1.0
run-7de3ed56645251aa,matched,ppo,1,reward,18,0,0,1.0,0.0
run-7de3ed56645251aa,matched,ppo,1,reward,19,0,0,1.0,0.0
run-7de3ed56645251aa,matched,ppo,1,reward,20,0,1,0.0,1.0
run-7de3ed56645251aa,matched,ppo,1,reward,21,0,1,0.0,1.0
run-7de3ed56645251aa,matched,ppo,1,reward,22,0,1,0.0,1.0
run-7de3ed56645251aa,matched,ppo,1,reward,23,0,1,0.0,1.0
run-7de3ed56645251aa,matched,ppo,1,reward,24,0,1,1.0,1.0
run-7de3ed56645251aa,matched,ppo,1,reward,25,0,1,1.0,1.0
run-7de3ed56645251aa,matched,ppo,1,reward,26,0,0,1.0,0.0
run-7de3ed56645251aa,matched,ppo,1,reward,27,0,0,1.0,0.0
run-7de3ed56645251aa,matched,ppo,1,reward,28,0,0,1.0,0.0
run-7de3ed56645251aa,matched,ppo,1,reward,29,0,0,1.0,0.0
run-7de3ed56645251aa,matched,ppo,1,reward,30,0,1,1.0,1.0
run-7de3ed56645251aa,matched,ppo,1,reward,31,0,0,1.0,0.0
run-7de3ed56645251aa,matched,ppo,1,reward,32,0,1,0.0,1.0
run-7de3ed56645251aa,matched,ppo,1,reward,33,0,0,1.0,0.0
run-7de3ed56645251aa,matched,ppo,1,reward,34,0,0,1.0,0.0
run-7de3ed56645251aa,matched,ppo,1,reward,35,0,1,1.0,1.0
run-7de3ed56645251aa,matched,ppo,1,reward,36,0,1,1.0,1.0
run-7de3ed56645251aa,matched,ppo,1,reward,37,0,0,0.0,0.0
run-7de3ed56645251aa,matched,ppo,1,reward,38,0,1,0.0,1.0
run-7de3ed56645251aa,matched,ppo,1,reward,39,0,1,0.0,1.0
run-7de3ed56645251aa,matched,ppo,1,reward,40,0,0,1.0,0.0
run-7de3ed56645251aa,matched,ppo,1,reward,41,0,1,0.0,1.0
run-7de3ed56645251aa,matched,ppo,1,reward,42,0,1,1.0,1.0
run-7de3ed56645251aa,matched,ppo,1,reward,43,0,1,1.0,1.0
run-7de3ed56645251aa,matched,ppo,1,reward,44,0,0,1.0,0.0
run-7de3ed56645251aa,matched,ppo,1,reward,45,0,1,0.0,1.0
run-7de3ed56645251aa,matched,ppo,1,reward,46,0,0,1.0,0.0
run-7de3ed56645251aa,matched,ppo,1,reward,47,0,0,1.0,0.0
run-7de3ed56645251aa,matched,ppo,1,reward,48,0,0,1.0,0.0
run-7de3ed56645251aa,matched,ppo,1,reward,49,0,0,1.0,0.0
run-7de3ed56645251aa,matched,ppo,1,reward,50,0,1,0.0,1.0
run-7de3ed56645251aa,matched,ppo,1,reward,51,0,0,1.0,0.0
run-7de3ed56645251aa,matched,ppo,1,reward,52,0,0,1.0,0.0
run-7de3ed56645251aa,matched,ppo,1,reward,53,0,1,0.0,1.0
run-7de3ed56645251aa,matched,ppo,1,reward,54,0,1,0.0,1.0
run-7de3ed56645251aa,matched,ppo,1,reward,55,0,1,0.0,1.0
run-7de3ed56645251aa,matched,ppo,1,reward,56,0,0,0.0,0.0
run-7de3ed56645251aa,matched,ppo,1,reward,57,0,0,1.0,0.0
run-7de3ed56645251aa,matched,ppo,1,reward,58,0,1,0.0,1.0
run-7de3ed56645251aa,matched,ppo,1,reward,59,0,1,0.0,1.0
run-7de3ed56645251aa,matched,ppo,1,reward,60,0,1,0.0,1.0
run-7de3ed56645251aa,matched,ppo,1,reward,61,0,0,1.0,0.0
run-7de3ed56645251aa,matched,ppo,1,reward,62,0,0,0.0,0.0
run-7de3ed56645251aa,matched,ppo,1,reward,63,0,0,0.0,0.0
run-8e0db0a9b0c5d54f,matched,ppo,2,reward,0,0,1,0.0,1.0
run-8e0db0a9b0c5d54f,matched,ppo,2,reward,1,0,1,0.0,1.0
run-8e0db0a9b0c5d54f,matched,ppo,2,reward,2,0,0,1.0,0.0
run-8e0db0a9b0c5d54f,matched,ppo,2,reward,3,0,1,0.0,1.0
run-8e0db0a9b0c5d54f,matched,ppo,2,reward,4,0,0,1.0,0.0
run-8e0db0a9b0c5d54f,matched,ppo,2,reward,5,0,0,0.0,0.0
run-8e0db0a9b0c5d54f,matched,ppo,2,reward,6,0,1,0.0,1.0
run-8e0db0a9b0c5d54f,matched,ppo,2,reward,7,0,1,0.0,1.0
run-8e0db0a9b0c5d54f,matched,ppo,2,reward,8,0,0,1.0,0.0
run-8e0db0a9b0c5d54f,matched,ppo,2,reward,9,0,1,0.0,1.0
run-8e0db0a9b0c5d54f,matched,ppo,2,reward,10,0,1,1.0,1.0
run-8e0db0a9b0c5d54f,matched,ppo,2,reward,11,0,0,1.0,0.0
run-8e0db0a9b0c5d54f,matched,ppo,2,reward,12,0,1,0.0,1.0
run-8e0db0a9b0c5d54f,matched,ppo,2,reward,13,0,1,0.0,1.0
run-8e0db0a9b0c5d54f,matched,ppo,2,reward,14,0,1,0.0,1.0
run-8e0db0a9b0c5d54f,matched,ppo,2,reward,15,0,0,1.0,0.0
run-8e0db0a9b0c5d54f,matched,ppo,2,reward,16,0,1,0.0,1.0
run-8e0db0a9b0c5d54f,matched,ppo,2,reward,17,0,0,1.0,0.0
run-8e0db0a9b0c5d54f,matched,ppo,2,reward,18,0,1,0.0,1.0
run-8e0db0a9b0c5d54f,matched,ppo,2,reward,19,0,0,1.0,0.0
run-8e0db0a9b0c5d54f,matched,ppo,2,reward,20,0,0,1.0,0.0
run-8e0db0a9b0c5d54f,matched,ppo,2,reward,21,0,1,0.0,1.0
run-8e0db0a9b0c5d54f,matched,ppo,2,reward,22,0,1,0.0,1.0
run-8e0db0a9b0c5d54f,matched,ppo,2,reward,23,0,0,1.0,0.0
run-8e0db0a9b0c5d54f,matched,ppo,2,reward,24,0,1,1.0,1.0
run-8e0db0a9b0c5d54f,matched,ppo,2,reward,25,0,0,1.0,0.0
run-8e0db0a9b0c5d54f,matched,ppo,2,reward,26,0,0,1.0,0.0
run-8e0db0a9b0c5d54f,matched,ppo,2,reward,27,0,0,1.0,0.0
run-8e0db0a9b0c5d54f,matched,ppo,2,reward,28,0,1,0.0,1.0
run-8e0db0a9b0c5d54f,matched,ppo,2,reward,29,0,0,1.0,0.0
run-8e0db0a9b0c5d54f,matched,ppo,2,reward,30,0,1,0.0,1.0
run-8e0db0a9b0c5d54f,matched,ppo,2,reward,31,0,0,1.0,0.0
run-8e0db0a9b0c5d54f,matched,ppo,2,reward,32,0,1,0.0,1.0
run-8e0db0a9b0c5d54f,matched,ppo,2,reward,33,0,1,0.0,1.0
run-8e0db0a9b0c5d54f,matched,ppo,2,reward,34,0,0,1.0,0.0
run-8e0db0a9b0c5d54f,matched,ppo,2,reward,35,0,0,1.0,0.0
run-8e0db0a9b0c5d54f,matched,ppo,2,reward,36,0,0,0.0,0.0
run-8e0db0a9b0c5d54f,matched,ppo,2,reward,37,0,0,1.0,0.0
run-8e0db0a9b0c5d54f,matched,ppo,2,reward,38,0,0,0.0,0.0
run-8e0db0a9b0c5d54f,matched,ppo,2,reward,39,0,1,1.0,1.0
run-8e0db0a9b0c5d54f,matched,ppo,2,reward,40,0,1,0.0,1.0
run-8e0db0a9b0c5d54f,matched,ppo,2,reward,41,0,0,1.0,0.0
run-8e0db0a9b0c5d54f,matched,ppo,2,reward,42,0,1,1.0,1.0
run-8e0db0a9b0c5d54f,matched,ppo,2,reward,43,0,0,1.0,0.0
run-8e0db0a9b0c5d54f,matched,ppo,2,reward,44,0,0,0.0,0.0
run-8e0db0a9b0c5d54f,matched,ppo,2,reward,45,0,0,1.0,0.0
run-8e0db0a9b0c5d54f,matched,ppo,2,reward,46,0,1,0.0,1.0
run-8e0db0a9b0c5d54f,matched,ppo,2,reward,47,0,1,0.0,1.0
run-8e0db0a9b0c5d54f,matched,ppo,2,reward,48,0,1,0.0,1.0
run-8e0db0a9b0c5d54f,matched,ppo,2,reward,49,0,0,0.0,0.0
run-8e0db0a9b0c5d54f,matched,ppo,2,reward,50,0,1,0.0,1.0
run-8e0db0a9b0c5d54f,matched,ppo,2,reward,51,0,1,0.0,1.0
run-8e0db0a9b0c5d54f,matched,ppo,2,reward,52,0,0,0.0,0.0
run-8e0db0a9b0c5d54f,matched,ppo,2,reward,53,0,1,0.0,1.0
run-8e0db0a9b0c5d54f,matched,ppo,2,reward,54,0,1,0.0,1.0
run-8e0db0a9b0c5d54f,matched,ppo,2,reward,55,0,1,0.0,1.0
run-8e0db0a9b0c5d54f,matched,ppo,2,reward,56,0,1,0.0,1.0
run-8e0db0a9b0c5d54f,matched,ppo,2,reward,57,0,0,0.0,0.0
run-8e0db0a9b0c5d54f,matched,ppo,2,reward,58,0,0,0.0,0.0
run-8e0db0a9b0c5d54f,matched,ppo,2,reward,59,0,1,0.0,1.0
run-8e0db0a9b0c5d54f,matched,ppo,2,reward,60,0,0,1.0,0.0
run-8e0db0a9b0c5d54f,matched,ppo,2,reward,61,0,0,0.0,0.0
run-8e0db0a9b0c5d54f,matched,ppo,2,reward,62,0,0,0.0,0.0
run-8e0db0a9b0c5d54f,matched,ppo,2,reward,63,0,0,1.0,0.0
run-4be5313da2f45005,matched,ppo,3,reward,0,0,0,1.0,0.0
run-4be5313da2f45005,matched,ppo,3,reward,1,0,0,1.0,0.0
run-4be5313da2f45005,matched,ppo,3,reward,2,0,1,0.0,1.0
run-4be5313da2f45005,matched,ppo,3,reward,3,0,0,1.0,0.0
run-4be5313da2f45005,matched,ppo,3,reward,4,0,0,0.0,0.0
run-4be5313da2f45005,matched,ppo,3,reward,5,0,0,1.0,0.0
run-4be5313da2f45005,matched,ppo,3,reward,6,0,1,0.0,1.0
run-4be5313da2f45005,matched,ppo,3,reward,7,0,0,1.0,0.0
run-4be5313da2f45005,matched,ppo,3,reward,8,0,0,1.0,0.0
run-4be5313da2f45005,matched,ppo,3,reward,9,0,1,1.0,1.0
run-4be5313da2f45005,matched,ppo,3,reward,10,0,0,1.0,0.0
run-4be5313da2f45005,matched,ppo,3,reward,11,0,0,1.0,0.0
run-4be5313da2f45005,matched,ppo,3,reward,12,0,0,0.0,0.0
run-4be5313da2f45005,matched,ppo,3,reward,13,0,0,0.0,0.0
run-4be5313da2f45005,matched,ppo,3,reward,14,0,1,0.0,1.0
run-4be5313da2f45005,matched,ppo,3,reward,15,0,1,0.0,1.0
run-4be5313da2f45005,matched,ppo,3,reward,16,0,1,0.0,1.0
run-4be5313da2f45005,matched,ppo,3,reward,17,0,1,0.0,1.0
run-4be5313da2f45005,matched,ppo,3,reward,18,0,0,1.0,0.0
run-4be5313da2f45005,matched,ppo,3,reward,19,0,0,1.0,0.0
run-4be5313da2f45005,matched,ppo,3,reward,20,0,1,0.0,1.0
run-4be5313da2f45005,matched,ppo,3,reward,21,0,1,0.0,1.0
run-4be5313da2f45005,matched,ppo,3,reward,22,0,0,1.0,0.0
run-4be5313da2f45005,matched,ppo,3,reward,23,0,1,1.0,1.0
run-4be5313da2f45005,matched,ppo,3,reward,24,0,1,0.0,1.0
run-4be5313da2f45005,matched,ppo,3,reward,25,0,1,0.0,1.0
run-4be5313da2f45005,matched,ppo,3,reward,26,0,0,1.0,0.0
run-4be5313da2f45005,matched,ppo,3,reward,27,0,1,0.0,1.0
run-4be5313da2f45005,matched,ppo,3,reward,28,0,0,1.0,0.0
run-4be5313da2f45005,matched,ppo,3,reward,29,0,1,0.0,1.0
run-4be5313da2f45005,matched,ppo,3,reward,30,0,0,1.0,0.0
run-4be5313da2f45005,matched,ppo,3,reward,31,0,1,0.0,1.0
run-4be5313da2f45005,matched,ppo,3,reward,32,0,1,0.0,1.0
run-4be5313da2f45005,matched,ppo,3,reward,33,0,1,1.0,1.0
run-4be5313da2f45005,matched,ppo,3,reward,34,0,1,1.0,1.0
run-4be5313da2f45005,matched,ppo,3,reward,35,0,0,0.0,0.0
run-4be5313da2f45005,matched,ppo,3,reward,36,0,0,1.0,0.0
run-4be5313da2f45005,matched,ppo,3,reward,37,0,1,0.0,1.0
run-4be5313da2f45005,matched,ppo,3,reward,38,0,0,1.0,0.0
run-4be5313da2f45005,matched,ppo,3,reward,39,0,0,1.0,0.0
run-4be5313da2f45005,matched,ppo,3,reward,40,0,0,1.0,0.0
run-4be5313da2f45005,matched,ppo,3,reward,41,0,0,1.0,0.0
run-4be5313da2f45005,matched,ppo,3,reward,42,0,0,1.0,0.0
run-4be5313da2f45005,matched,ppo,3,reward,43,0,1,0.0,1.0
run-4be5313da2f45005,matched,ppo,3,reward,44,0,1,0.0,1.0
run-4be5313da2f45005,matched,ppo,3,reward,45,0,0,1.0,0.0
run-4be5313da2f45005,matched,ppo,3,reward,46,0,1,0.0,1.0
run-4be5313da2f45005,matched,ppo,3,reward,47,0,1,0.0,1.0
run-4be5313da2f45005,matched,ppo,3,reward,48,0,1,0.0,1.0
run-4be5313da2f45005,matched,ppo,3,reward,49,0,1,0.0,1.0
run-4be5313da2f45005,matched,ppo,3,reward,50,0,1,0.0,1.0
run-4be5313da2f45005,matched,ppo,3,reward,51,0,0,0.0,0.0
run-4be5313da2f45005,matched,ppo,3,reward,52,0,0,0.0,0.0
run-4be5313da2f45005,matched,ppo,3,reward,53,0,1,0.0,1.0
run-4be5313da2f45005,matched,ppo,3,reward,54,0,1,0.0,1.0
run-4be5313da2f45005,matched,ppo,3,reward,55,0,1,0.0,1.0
run-4be5313da2f45005,matched,ppo,3,reward,56,0,0,0.0,0.0
run-4be5313da2f45005,matched,ppo,3,reward,57,0,0,0.0,0.0
run-4be5313da2f45005,matched,ppo,3,reward,58,0,0,0.0,0.0
run-4be5313da2f45005,matched,ppo,3,reward,59,0,1,0.0,1.0
run-4be5313da2f45005,matched,ppo,3,reward,60,0,0,0.0,0.0
run-4be5313da2f45005,matched,ppo,3,reward,61,0,1,0.0,1.0
run-4be5313da2f45005,matched,ppo,3,reward,62,0,1,0.0,1.0
run-4be5313da2f45005,matched,ppo,3,reward,63,0,0,0.0,0.0
run-a69df4e92a75e5a1,matched,ppo,4,reward,0,0,0,1.0,0.0
run-a69df4e92a75e5a1,matched,ppo,4,reward,1,0,1,0.0,1.0
run-a69df4e92a75e5a1,matched,ppo,4,reward,2,0,0,1.0,0.0
run-a69df4e92a75e5a1,matched,ppo,4,reward,3,0,1,0.0,1.0
run-a69df4e92a75e5a1,matched,ppo,4,reward,4,0,0,1.0,0.0
run-a69df4e92a75e5a1,matched,ppo,4,reward,5,0,0,1.0,0.0
run-a69df4e92a75e5a1,matched,ppo,4,reward,6,0,0,1.0,0.0
run-a69df4e92a75e5a1,matched,ppo,4,reward,7,0,0,1.0,0.0
run-a69df4e92a75e5a1,matched,ppo,4,reward,8,0,1,1.0,1.0
run-a69df4e92a75e5a1,matched,ppo,4,reward,9,0,0,1.0,0.0
run-a69df4e92a75e5a1,matched,ppo,4,reward,10,0,1,0.0,1.0
run-a69df4e92a75e5a1,matched,ppo,4,reward,11,0,1,0.0,1.0
run-a69df4e92a75e5a1,matched,ppo,4,reward,12,0,0,0.0,0.0
run-a69df4e92a75e5a1,matched,ppo,4,reward,13,0,1,0.0,1.0
run-a69df4e92a75e5a1,matched,ppo,4,reward,14,0,1,0.0,1.0
run-a69df4e92a75e5a1,matched,ppo,4,reward,15,0,0,1.0,0.0
run-a69df4e92a75e5a1,matched,ppo,4,reward,16,0,0,1.0,0.0
run-a69df4e92a75e5a1,matched,ppo,4,reward,17,0,1,0.0,1.0
run-a69df4e92a75e5a1,matched,ppo,4,reward,18,0,0,1.0,0.0
run-a69df4e92a75e5a1,matched,ppo,4,reward,19,0,1,0.0,1.0
run-a69df4e92a75e5a1,matched,ppo,4,reward,20,0,1,0.0,1.0
run-a69df4e92a75e5a1,matched,ppo,4,reward,21,0,1,1.0,1.0
run-a69df4e92a75e5a1,matched,ppo,4,reward,22,0,1,1.0,1.0
run-a69df4e92a75e5a1,matched,ppo,4,reward,23,0,0,1.0,0.0
run-a69df4e92a75e5a1,matched,ppo,4,reward,24,0,1,0.0,1.0
run-a69df4e92a75e5a1,matched,ppo,4,reward,25,0,1,0.0,1.0
run-a69df4e92a75e5a1,matched,ppo,4,reward,26,0,0,1.0,0.0
run-a69df4e92a75e5a1,matched,ppo,4,reward,27,0,0,1.0,0.0
run-a69df4e92a75e5a1,matched,ppo,4,reward,28,0,0,1.0,0.0
run-a69df4e92a75e5a1,matched,ppo,4,reward,29,0,1,0.0,1.0
run-a69df4e92a75e5a1,matched,ppo,4,reward,30,0,0,1.0,0.0
run-a69df4e92a75e5a1,matched,ppo,4,reward,31,0,1,0.0,1.0
run-a69df4e92a75e5a1,matched,ppo,4,reward,32,0,1,1.0,1.0
run-a69df4e92a75e5a1,matched,ppo,4,reward,33,0,1,1.0,1.0
run-a69df4e92a75e5a1,matched,ppo,4,reward,34,0,1,0.0,1.0
run-a69df4e92a75e5a1,matched,ppo,4,reward,35,0,1,0.0,1.0
run-a69df4e92a75e5a1,matched,ppo,4,reward,36,0,0,0.0,0.0
run-a69df4e92a75e5a1,matched,ppo,4,reward,37,0,0,1.0,0.0
run-a69df4e92a75e5a1,matched,ppo,4,reward,38,0,0,1.0,0.0
run-a69df4e92a75e5a1,matched,ppo,4,reward,39,0,0,1.0,0.0
run-a69df4e92a75e5a1,matched,ppo,4,reward,40,0,0,1.0,0.0
run-a69df4e92a75e5a1,matched,ppo,4,reward,41,0,1,1.0,1.0
run-a69df4e92a75e5a1,matched,ppo,4,reward,42,0,1,0.0,1.0
run-a69df4e92a75e5a1,matched,ppo,4,reward,43,0,1,0.0,1.0
run-a69df4e92a75e5a1,matched,ppo,4,reward,44,0,1,0.0,1.0
run-a69df4e92a75e5a1,matched,ppo,4,reward,45,0,0,1.0,0.0
run-a69df4e92a75e5a1,matched,ppo,4,reward,46,0,1,0.0,1.0
run-a69df4e92a75e5a1,matched,ppo,4,reward,47,0,1,0.0,1.0
run-a69df4e92a75e5a1,matched,ppo,4,reward,48,0,1,0.0,1.0
run-a69df4e92a75e5a1,matched,ppo,4,reward,49,0,0,1.0,0.0
run-a69df4e92a75e5a1,matched,ppo,4,reward,50,0,1,0.0,1.0
run-a69df4e92a75e5a1,matched,ppo,4,reward,51,0,1,0.0,1.0
run-a69df4e92a75e5a1,matched,ppo,4,reward,52,0,1,0.0,1.0
run-a69df4e92a75e5a1,matched,ppo,4,reward,53,0,0,0.0,0.0
run-a69df4e92a75e5a1,matched,ppo,4,reward,54,0,0,1.0,0.0
run-a69df4e92a75e5a1,matched,ppo,4,reward,55,0,0,0.0,0.0
run-a69df4e92a75e5a1,matched,ppo,4,reward,56,0,0,0.0,0.0
run-a69df4e92a75e5a1,matched,ppo,4,reward,57,0,0,0.0,0.0
run-a69df4e92a75e5a1,matched,ppo,4,reward,58,0,0,1.0,0.0
run-a69df4e92a75e5a1,matched,ppo,4,reward,59,0,1,0.0,1.0
run-a69df4e92a75e5a1,matched,ppo,4,reward,60,0,0,0.0,0.0
run-a69df4e92a75e5a1,matched,ppo,4,reward,61,0,0,1.0,0.0
run-a69df4e92a75e5a1,matched,ppo,4,reward,62,0,1,0.0,1.0
run-a69df4e92a75e5a1,matched,ppo,4,reward,63,0,0,1.0,0.0
